/*
 Navicat Premium Data Transfer

 Source Server         : ccc
 Source Server Type    : MySQL
 Source Server Version : 80200
 Source Host           : localhost:3306
 Source Schema         : enterpriselayout

 Target Server Type    : MySQL
 Target Server Version : 80200
 File Encoding         : 65001

 Date: 29/11/2025 22:07:00
*/

SET NAMES utf8mb4;
SET FOREIGN_KEY_CHECKS = 0;

-- ----------------------------
-- Table structure for gen_table
-- ----------------------------
DROP TABLE IF EXISTS `gen_table`;
CREATE TABLE `gen_table`  (
  `table_id` bigint(0) NOT NULL AUTO_INCREMENT COMMENT '编号',
  `table_name` varchar(200) CHARACTER SET utf8mb4 COLLATE utf8mb4_0900_ai_ci DEFAULT '' COMMENT '表名称',
  `table_comment` varchar(500) CHARACTER SET utf8mb4 COLLATE utf8mb4_0900_ai_ci DEFAULT '' COMMENT '表描述',
  `sub_table_name` varchar(64) CHARACTER SET utf8mb4 COLLATE utf8mb4_0900_ai_ci DEFAULT NULL COMMENT '关联子表的表名',
  `sub_table_fk_name` varchar(64) CHARACTER SET utf8mb4 COLLATE utf8mb4_0900_ai_ci DEFAULT NULL COMMENT '子表关联的外键名',
  `class_name` varchar(100) CHARACTER SET utf8mb4 COLLATE utf8mb4_0900_ai_ci DEFAULT '' COMMENT '实体类名称',
  `tpl_category` varchar(200) CHARACTER SET utf8mb4 COLLATE utf8mb4_0900_ai_ci DEFAULT 'crud' COMMENT '使用的模板（crud单表操作 tree树表操作）',
  `tpl_web_type` varchar(30) CHARACTER SET utf8mb4 COLLATE utf8mb4_0900_ai_ci DEFAULT '' COMMENT '前端模板类型（element-ui模版 element-plus模版）',
  `package_name` varchar(100) CHARACTER SET utf8mb4 COLLATE utf8mb4_0900_ai_ci DEFAULT NULL COMMENT '生成包路径',
  `module_name` varchar(30) CHARACTER SET utf8mb4 COLLATE utf8mb4_0900_ai_ci DEFAULT NULL COMMENT '生成模块名',
  `business_name` varchar(30) CHARACTER SET utf8mb4 COLLATE utf8mb4_0900_ai_ci DEFAULT NULL COMMENT '生成业务名',
  `function_name` varchar(50) CHARACTER SET utf8mb4 COLLATE utf8mb4_0900_ai_ci DEFAULT NULL COMMENT '生成功能名',
  `function_author` varchar(50) CHARACTER SET utf8mb4 COLLATE utf8mb4_0900_ai_ci DEFAULT NULL COMMENT '生成功能作者',
  `gen_type` char(1) CHARACTER SET utf8mb4 COLLATE utf8mb4_0900_ai_ci DEFAULT '0' COMMENT '生成代码方式（0zip压缩包 1自定义路径）',
  `gen_path` varchar(200) CHARACTER SET utf8mb4 COLLATE utf8mb4_0900_ai_ci DEFAULT '/' COMMENT '生成路径（不填默认项目路径）',
  `options` varchar(1000) CHARACTER SET utf8mb4 COLLATE utf8mb4_0900_ai_ci DEFAULT NULL COMMENT '其它生成选项',
  `create_by` varchar(64) CHARACTER SET utf8mb4 COLLATE utf8mb4_0900_ai_ci DEFAULT '' COMMENT '创建者',
  `create_time` datetime(0) DEFAULT NULL COMMENT '创建时间',
  `update_by` varchar(64) CHARACTER SET utf8mb4 COLLATE utf8mb4_0900_ai_ci DEFAULT '' COMMENT '更新者',
  `update_time` datetime(0) DEFAULT NULL COMMENT '更新时间',
  `remark` varchar(500) CHARACTER SET utf8mb4 COLLATE utf8mb4_0900_ai_ci DEFAULT NULL COMMENT '备注',
  PRIMARY KEY (`table_id`) USING BTREE
) ENGINE = InnoDB AUTO_INCREMENT = 5 CHARACTER SET = utf8mb4 COLLATE = utf8mb4_0900_ai_ci COMMENT = '代码生成业务表' ROW_FORMAT = Dynamic;

-- ----------------------------
-- Records of gen_table
-- ----------------------------
INSERT INTO `gen_table` VALUES (1, 'layout_employees', '员工信息表', NULL, NULL, 'LayoutEmployees', 'crud', 'element-plus', 'com.ruoyi.system', 'employees', 'employees', '员工信息', '焦阳', '0', '/', '{\"parentMenuId\":1}', 'admin', '2025-11-24 22:58:57', '', '2025-11-27 19:35:49', NULL);
INSERT INTO `gen_table` VALUES (2, 'layout_scheduling', '排班表', NULL, NULL, 'LayoutScheduling', 'crud', 'element-plus', 'com.ruoyi.layout', 'scheduling', 'scheduling', '排班情况', '焦阳', '0', '/', '{\"parentMenuId\":2001}', 'admin', '2025-11-24 22:58:57', '', '2025-11-27 20:24:12', NULL);
INSERT INTO `gen_table` VALUES (3, 'layout_shift_swap_requests', '换班/替班申请表', NULL, NULL, 'LayoutShiftSwapRequests', 'crud', 'element-plus', 'com.ruoyi.layout', 'requests', 'requests', '替换申请', '焦阳', '0', '/', '{\"parentMenuId\":2001}', 'admin', '2025-11-24 22:58:57', '', '2025-11-28 12:47:27', NULL);
INSERT INTO `gen_table` VALUES (4, 'layout_shifts', '班次表', NULL, NULL, 'LayoutShifts', 'crud', 'element-plus', 'com.ruoyi.layout', 'shifts', 'shifts', '班次情况', '焦阳', '0', '/', '{\"parentMenuId\":2001}', 'admin', '2025-11-24 22:58:57', '', '2025-11-25 22:55:54', NULL);
INSERT INTO `gen_table` VALUES (5, 'layout_notice', '通知公告表', NULL, NULL, 'LayoutNotice', 'crud', 'element-plus', 'com.ruoyi.layout', 'notice', 'notice', '通知公告', '焦阳1', '0', '/', '{\"parentMenuId\":3}', 'admin', '2025-11-28 20:30:10', '', '2025-11-28 20:32:26', NULL);

-- ----------------------------
-- Table structure for gen_table_column
-- ----------------------------
DROP TABLE IF EXISTS `gen_table_column`;
CREATE TABLE `gen_table_column`  (
  `column_id` bigint(0) NOT NULL AUTO_INCREMENT COMMENT '编号',
  `table_id` bigint(0) DEFAULT NULL COMMENT '归属表编号',
  `column_name` varchar(200) CHARACTER SET utf8mb4 COLLATE utf8mb4_0900_ai_ci DEFAULT NULL COMMENT '列名称',
  `column_comment` varchar(500) CHARACTER SET utf8mb4 COLLATE utf8mb4_0900_ai_ci DEFAULT NULL COMMENT '列描述',
  `column_type` varchar(100) CHARACTER SET utf8mb4 COLLATE utf8mb4_0900_ai_ci DEFAULT NULL COMMENT '列类型',
  `java_type` varchar(500) CHARACTER SET utf8mb4 COLLATE utf8mb4_0900_ai_ci DEFAULT NULL COMMENT 'JAVA类型',
  `java_field` varchar(200) CHARACTER SET utf8mb4 COLLATE utf8mb4_0900_ai_ci DEFAULT NULL COMMENT 'JAVA字段名',
  `is_pk` char(1) CHARACTER SET utf8mb4 COLLATE utf8mb4_0900_ai_ci DEFAULT NULL COMMENT '是否主键（1是）',
  `is_increment` char(1) CHARACTER SET utf8mb4 COLLATE utf8mb4_0900_ai_ci DEFAULT NULL COMMENT '是否自增（1是）',
  `is_required` char(1) CHARACTER SET utf8mb4 COLLATE utf8mb4_0900_ai_ci DEFAULT NULL COMMENT '是否必填（1是）',
  `is_insert` char(1) CHARACTER SET utf8mb4 COLLATE utf8mb4_0900_ai_ci DEFAULT NULL COMMENT '是否为插入字段（1是）',
  `is_edit` char(1) CHARACTER SET utf8mb4 COLLATE utf8mb4_0900_ai_ci DEFAULT NULL COMMENT '是否编辑字段（1是）',
  `is_list` char(1) CHARACTER SET utf8mb4 COLLATE utf8mb4_0900_ai_ci DEFAULT NULL COMMENT '是否列表字段（1是）',
  `is_query` char(1) CHARACTER SET utf8mb4 COLLATE utf8mb4_0900_ai_ci DEFAULT NULL COMMENT '是否查询字段（1是）',
  `query_type` varchar(200) CHARACTER SET utf8mb4 COLLATE utf8mb4_0900_ai_ci DEFAULT 'EQ' COMMENT '查询方式（等于、不等于、大于、小于、范围）',
  `html_type` varchar(200) CHARACTER SET utf8mb4 COLLATE utf8mb4_0900_ai_ci DEFAULT NULL COMMENT '显示类型（文本框、文本域、下拉框、复选框、单选框、日期控件）',
  `dict_type` varchar(200) CHARACTER SET utf8mb4 COLLATE utf8mb4_0900_ai_ci DEFAULT '' COMMENT '字典类型',
  `sort` int(0) DEFAULT NULL COMMENT '排序',
  `create_by` varchar(64) CHARACTER SET utf8mb4 COLLATE utf8mb4_0900_ai_ci DEFAULT '' COMMENT '创建者',
  `create_time` datetime(0) DEFAULT NULL COMMENT '创建时间',
  `update_by` varchar(64) CHARACTER SET utf8mb4 COLLATE utf8mb4_0900_ai_ci DEFAULT '' COMMENT '更新者',
  `update_time` datetime(0) DEFAULT NULL COMMENT '更新时间',
  PRIMARY KEY (`column_id`) USING BTREE
) ENGINE = InnoDB AUTO_INCREMENT = 47 CHARACTER SET = utf8mb4 COLLATE = utf8mb4_0900_ai_ci COMMENT = '代码生成业务表字段' ROW_FORMAT = Dynamic;

-- ----------------------------
-- Records of gen_table_column
-- ----------------------------
INSERT INTO `gen_table_column` VALUES (1, 1, 'id', '员工id', 'int', 'Long', 'id', '1', '1', '0', '1', NULL, NULL, NULL, 'EQ', 'input', '', 1, 'admin', '2025-11-24 22:58:57', '', '2025-11-27 19:35:49');
INSERT INTO `gen_table_column` VALUES (2, 1, 'user_id', '关联用户表id', 'int', 'Long', 'userId', '0', '0', '0', '1', '1', '1', '1', 'EQ', 'input', '', 2, 'admin', '2025-11-24 22:58:57', '', '2025-11-27 19:35:49');
INSERT INTO `gen_table_column` VALUES (3, 1, 'department_id', '部门ID', 'int', 'Long', 'departmentId', '0', '0', '0', '1', '1', '1', '1', 'EQ', 'select', '', 4, 'admin', '2025-11-24 22:58:57', '', '2025-11-27 19:35:49');
INSERT INTO `gen_table_column` VALUES (5, 1, 'hire_date', '入职日期', 'datetime', 'Date', 'hireDate', '0', '0', '0', '1', '1', '1', '1', 'BETWEEN', 'datetime', '', 5, 'admin', '2025-11-24 22:58:57', '', '2025-11-27 19:35:49');
INSERT INTO `gen_table_column` VALUES (6, 1, 'work_hours_per_week', '每周工作时长(小时)', 'double', 'Long', 'workHoursPerWeek', '0', '0', '0', '1', '1', '1', '1', 'BETWEEN', 'input', '', 6, 'admin', '2025-11-24 22:58:57', '', '2025-11-27 19:35:49');
INSERT INTO `gen_table_column` VALUES (7, 1, 'max_consecutive_days', '最大连续工作天数', 'int', 'Long', 'maxConsecutiveDays', '0', '0', '0', '1', '1', '1', '1', 'LTE', 'input', '', 7, 'admin', '2025-11-24 22:58:57', '', '2025-11-27 19:35:49');
INSERT INTO `gen_table_column` VALUES (8, 1, 'weekend_preference', '周末出勤偏好(可出勤/需休息)', 'varchar(255)', 'String', 'weekendPreference', '0', '0', '0', '1', '1', '1', '1', 'EQ', 'select', 'layout_weekend', 8, 'admin', '2025-11-24 22:58:57', '', '2025-11-27 19:35:49');
INSERT INTO `gen_table_column` VALUES (9, 1, 'skills', '技能标签(如\"可顶岗\"\"持证上岗\")', 'varchar(255)', 'String', 'skills', '0', '0', '0', '1', '1', '1', '1', 'EQ', 'input', '', 9, 'admin', '2025-11-24 22:58:57', '', '2025-11-27 19:35:49');
INSERT INTO `gen_table_column` VALUES (10, 2, 'id', '排班', 'int', 'Long', 'id', '1', '0', '0', '1', NULL, NULL, NULL, 'EQ', 'input', '', 1, 'admin', '2025-11-24 22:58:57', '', '2025-11-27 20:24:12');
INSERT INTO `gen_table_column` VALUES (11, 2, 'user_id', '员工', 'int', 'Long', 'userId', '0', '0', '0', '1', '1', '1', '1', 'EQ', 'input', '', 2, 'admin', '2025-11-24 22:58:57', '', '2025-11-27 20:24:12');
INSERT INTO `gen_table_column` VALUES (12, 2, 'shift_id', '班次', 'int', 'Long', 'shiftId', '0', '0', '0', '1', '1', '1', '1', 'EQ', 'input', '', 3, 'admin', '2025-11-24 22:58:57', '', '2025-11-27 20:24:12');
INSERT INTO `gen_table_column` VALUES (13, 2, 'schedule_date', '排班日期', 'datetime', 'Date', 'scheduleDate', '0', '0', '0', '1', '1', '1', '1', 'BETWEEN', 'datetime', '', 4, 'admin', '2025-11-24 22:58:57', '', '2025-11-27 20:24:12');
INSERT INTO `gen_table_column` VALUES (14, 2, 'status', '状态', 'varchar(255)', 'String', 'status', '0', '0', '0', '1', '1', '1', '1', 'EQ', 'select', 'layout_status', 5, 'admin', '2025-11-24 22:58:57', '', '2025-11-27 20:24:12');
INSERT INTO `gen_table_column` VALUES (15, 2, 'remarks', '备注', 'varchar(255)', 'String', 'remarks', '0', '0', '0', '1', '1', '1', '0', 'EQ', 'input', '', 6, 'admin', '2025-11-24 22:58:57', '', '2025-11-27 20:24:12');
INSERT INTO `gen_table_column` VALUES (16, 3, 'id', '申请id', 'int', 'Long', 'id', '1', '0', '0', '1', NULL, NULL, NULL, 'EQ', 'input', '', 1, 'admin', '2025-11-24 22:58:57', '', '2025-11-28 12:47:27');
INSERT INTO `gen_table_column` VALUES (17, 3, 'requester_id', '申请人id', 'int', 'Long', 'requesterId', '0', '0', '0', '1', '1', '1', '1', 'EQ', 'input', '', 2, 'admin', '2025-11-24 22:58:57', '', '2025-11-28 12:47:27');
INSERT INTO `gen_table_column` VALUES (18, 3, 'target_id', '目标人id', 'int', 'Long', 'targetId', '0', '0', '0', '1', '1', '1', '1', 'EQ', 'input', '', 3, 'admin', '2025-11-24 22:58:57', '', '2025-11-28 12:47:27');
INSERT INTO `gen_table_column` VALUES (19, 3, 'model', '选择换班、替班', 'int', 'Long', 'model', '0', '0', '0', '1', '1', '1', '1', 'EQ', 'input', '', 4, 'admin', '2025-11-24 22:58:57', '', '2025-11-28 12:47:27');
INSERT INTO `gen_table_column` VALUES (20, 3, 'requested_shift_id', '请求替换的班次id', 'int', 'Long', 'requestedShiftId', '0', '0', '0', '1', '1', '1', '1', 'EQ', 'input', '', 5, 'admin', '2025-11-24 22:58:57', '', '2025-11-28 12:47:27');
INSERT INTO `gen_table_column` VALUES (21, 3, 'swapped_shift_id', '替换的班次id', 'int', 'Long', 'swappedShiftId', '0', '0', '0', '1', '1', '1', '1', 'EQ', 'input', '', 6, 'admin', '2025-11-24 22:58:57', '', '2025-11-28 12:47:27');
INSERT INTO `gen_table_column` VALUES (22, 3, 'request_date', '申请日期', 'datetime', 'Date', 'requestDate', '0', '0', '0', '1', '1', '1', '1', 'EQ', 'datetime', '', 7, 'admin', '2025-11-24 22:58:57', '', '2025-11-28 12:47:27');
INSERT INTO `gen_table_column` VALUES (23, 3, 'status', '状态', 'varchar(255)', 'String', 'status', '0', '0', '0', '1', '1', '1', '1', 'EQ', 'select', 'layout_check', 8, 'admin', '2025-11-24 22:58:57', '', '2025-11-28 12:47:27');
INSERT INTO `gen_table_column` VALUES (24, 3, 'reason', '申请原因', 'varchar(255)', 'String', 'reason', '0', '0', '0', '1', '1', '1', '1', 'EQ', 'input', '', 9, 'admin', '2025-11-24 22:58:57', '', '2025-11-28 12:47:27');
INSERT INTO `gen_table_column` VALUES (25, 3, 'approved_by', '审批人id', 'int', 'Long', 'approvedBy', '0', '0', '0', '1', '1', '1', '1', 'EQ', 'input', '', 10, 'admin', '2025-11-24 22:58:57', '', '2025-11-28 12:47:27');
INSERT INTO `gen_table_column` VALUES (26, 3, 'approved_at', '审批时间', 'datetime', 'Date', 'approvedAt', '0', '0', '0', '1', '1', '1', '1', 'EQ', 'datetime', '', 11, 'admin', '2025-11-24 22:58:57', '', '2025-11-28 12:47:27');
INSERT INTO `gen_table_column` VALUES (27, 4, 'id', '班次id', 'int', 'Long', 'id', '1', '0', '0', '1', NULL, NULL, NULL, 'EQ', 'input', '', 1, 'admin', '2025-11-24 22:58:57', '', '2025-11-25 23:30:42');
INSERT INTO `gen_table_column` VALUES (28, 4, 'shift_name', '班次名称(如早班、晚班)', 'varchar(255)', 'String', 'shiftName', '0', '0', '1', '1', '1', '1', '1', 'LIKE', 'input', '', 2, 'admin', '2025-11-24 22:58:57', '', '2025-11-25 23:30:42');
INSERT INTO `gen_table_column` VALUES (31, 4, 'shift_type', '班次类型(如正常班、夜班)', 'varchar(255)', 'String', 'shiftType', '0', '0', '1', '1', '1', '1', '1', 'EQ', 'select', 'layout_type', 5, 'admin', '2025-11-24 22:58:57', '', '2025-11-25 23:30:42');
INSERT INTO `gen_table_column` VALUES (33, 4, 'description', '描述', 'varchar(255)', 'String', 'description', '0', '0', '0', '1', '1', '1', '1', 'EQ', 'input', '', 6, 'admin', '2025-11-24 22:58:57', '', '2025-11-25 23:30:42');
INSERT INTO `gen_table_column` VALUES (34, 1, 'picture', '员工照片', 'varchar(255)', 'String', 'picture', '0', '0', '0', '1', '1', '1', '1', 'EQ', 'imageUpload', '', 3, '', '2025-11-25 12:50:59', '', '2025-11-27 19:35:49');
INSERT INTO `gen_table_column` VALUES (36, 4, 'starttime', '开始时间', 'datetime', 'Date', 'starttime', '0', '0', '0', '1', '1', '1', '1', 'EQ', 'datetime', '', 3, '', '2025-11-25 22:55:20', '', '2025-11-25 23:30:42');
INSERT INTO `gen_table_column` VALUES (37, 4, 'endtime', '结束时间', 'datetime', 'Date', 'endtime', '0', '0', '0', '1', '1', '1', '1', 'EQ', 'datetime', '', 4, '', '2025-11-25 22:55:20', '', '2025-11-25 23:30:42');
INSERT INTO `gen_table_column` VALUES (39, 5, 'notice_id', '公告ID', 'int', 'Long', 'noticeId', '1', '1', '0', '1', NULL, NULL, NULL, 'EQ', 'input', '', 1, 'admin', '2025-11-28 20:30:10', '', '2025-11-28 20:32:26');
INSERT INTO `gen_table_column` VALUES (40, 5, 'notice_title', '公告标题', 'varchar(50)', 'String', 'noticeTitle', '0', '0', '1', '1', '1', '1', '1', 'EQ', 'input', '', 2, 'admin', '2025-11-28 20:30:10', '', '2025-11-28 20:32:26');
INSERT INTO `gen_table_column` VALUES (41, 5, 'notice_type', '公告类型（1通知 2公告）', 'char(1)', 'String', 'noticeType', '0', '0', '1', '1', '1', '1', '1', 'EQ', 'select', 'sys_notice_type', 3, 'admin', '2025-11-28 20:30:10', '', '2025-11-28 20:32:26');
INSERT INTO `gen_table_column` VALUES (42, 5, 'notice_content', '公告内容', 'longblob', 'String', 'noticeContent', '0', '0', '0', '1', '1', '1', '1', 'EQ', 'editor', '', 4, 'admin', '2025-11-28 20:30:10', '', '2025-11-28 20:32:26');
INSERT INTO `gen_table_column` VALUES (43, 5, 'status', '公告状态（0正常 1关闭）', 'char(1)', 'String', 'status', '0', '0', '0', '1', '1', '1', '1', 'EQ', 'radio', 'sys_notice_status', 5, 'admin', '2025-11-28 20:30:10', '', '2025-11-28 20:32:26');
INSERT INTO `gen_table_column` VALUES (44, 5, 'create_by', '创建者', 'varchar(64)', 'String', 'createBy', '0', '0', '0', '1', NULL, NULL, NULL, 'EQ', 'input', '', 6, 'admin', '2025-11-28 20:30:10', '', '2025-11-28 20:32:26');
INSERT INTO `gen_table_column` VALUES (45, 5, 'create_time', '创建时间', 'datetime', 'Date', 'createTime', '0', '0', '0', '1', NULL, NULL, NULL, 'EQ', 'datetime', '', 7, 'admin', '2025-11-28 20:30:10', '', '2025-11-28 20:32:26');
INSERT INTO `gen_table_column` VALUES (46, 5, 'aims', '接收者', 'varchar(64)', 'String', 'aims', '0', '0', '0', '1', '1', '1', '1', 'EQ', 'input', '', 8, 'admin', '2025-11-28 20:30:10', '', '2025-11-28 20:32:26');
INSERT INTO `gen_table_column` VALUES (47, 5, 'remark', '备注', 'varchar(255)', 'String', 'remark', '0', '0', '0', '1', '1', '1', NULL, 'EQ', 'input', '', 9, 'admin', '2025-11-28 20:30:10', '', '2025-11-28 20:32:26');

-- ----------------------------
-- Table structure for layout_employees
-- ----------------------------
DROP TABLE IF EXISTS `layout_employees`;
CREATE TABLE `layout_employees`  (
  `id` int(0) NOT NULL AUTO_INCREMENT COMMENT '员工id',
  `user_id` int(0) DEFAULT NULL COMMENT '关联用户表id',
  `picture` varchar(255) CHARACTER SET utf8mb4 COLLATE utf8mb4_0900_ai_ci DEFAULT NULL COMMENT '员工照片',
  `department_id` int(0) DEFAULT NULL COMMENT '部门ID',
  `hire_date` datetime(0) DEFAULT NULL COMMENT '入职日期',
  `work_hours_per_week` double DEFAULT NULL COMMENT '每周工作时长(小时)',
  `max_consecutive_days` int(0) DEFAULT NULL COMMENT '最大连续工作天数',
  `weekend_preference` varchar(255) CHARACTER SET utf8mb4 COLLATE utf8mb4_0900_ai_ci DEFAULT NULL COMMENT '周末出勤偏好(可出勤/需休息)',
  `skills` varchar(255) CHARACTER SET utf8mb4 COLLATE utf8mb4_0900_ai_ci DEFAULT NULL COMMENT '技能标签(如\"可顶岗\"\"持证上岗\")',
  PRIMARY KEY (`id`) USING BTREE
) ENGINE = InnoDB AUTO_INCREMENT = 21 CHARACTER SET = utf8mb4 COLLATE = utf8mb4_0900_ai_ci ROW_FORMAT = Dynamic;

-- ----------------------------
-- Records of layout_employees
-- ----------------------------
INSERT INTO `layout_employees` VALUES (17, 1, NULL, 103, '2025-11-26 00:00:00', NULL, NULL, NULL, NULL);
INSERT INTO `layout_employees` VALUES (20, 101, NULL, NULL, '2025-11-09 00:00:00', NULL, NULL, NULL, NULL);

-- ----------------------------
-- Table structure for layout_notice
-- ----------------------------
DROP TABLE IF EXISTS `layout_notice`;
CREATE TABLE `layout_notice`  (
  `notice_id` int(0) NOT NULL AUTO_INCREMENT COMMENT '公告ID',
  `notice_title` varchar(50) CHARACTER SET utf8mb4 COLLATE utf8mb4_0900_ai_ci NOT NULL COMMENT '公告标题',
  `notice_type` char(1) CHARACTER SET utf8mb4 COLLATE utf8mb4_0900_ai_ci NOT NULL COMMENT '公告类型（1通知 2公告）',
  `notice_content` longblob COMMENT '公告内容',
  `status` char(1) CHARACTER SET utf8mb4 COLLATE utf8mb4_0900_ai_ci DEFAULT '0' COMMENT '公告状态（0正常 1关闭）',
  `create_by` varchar(64) CHARACTER SET utf8mb4 COLLATE utf8mb4_0900_ai_ci DEFAULT '' COMMENT '创建者',
  `create_time` datetime(0) DEFAULT NULL COMMENT '创建时间',
  `aims` varchar(64) CHARACTER SET utf8mb4 COLLATE utf8mb4_0900_ai_ci DEFAULT '' COMMENT '接收者',
  `remark` varchar(255) CHARACTER SET utf8mb4 COLLATE utf8mb4_0900_ai_ci DEFAULT NULL COMMENT '备注',
  PRIMARY KEY (`notice_id`) USING BTREE
) ENGINE = InnoDB AUTO_INCREMENT = 11 CHARACTER SET = utf8mb4 COLLATE = utf8mb4_0900_ai_ci COMMENT = '通知公告表' ROW_FORMAT = Dynamic;

-- ----------------------------
-- Records of layout_notice
-- ----------------------------
INSERT INTO `layout_notice` VALUES (11, '换班申请已提交', '1', 0xE682A8E79A84E68DA2E78FADE794B3E8AFB7E5B7B2E68890E58A9FE68F90E4BAA4EFBC8CE8AFB7E7AD89E5BE85E7AEA1E79086E59198E5AEA1E689B9E38082, '0', '', '2025-11-29 21:03:49', '', NULL);
INSERT INTO `layout_notice` VALUES (12, '换班申请审核结果', '1', 0xE682A8E79A84E68DA2E78FADE794B3E8AFB7E5B7B2E5B7B2E689B9E58786E38082E794B3E8AFB7E4BABAEFBC9A61646D696E28E88BA5E4BE9D29EFBC8CE794B3E8AFB7E7B1BBE59E8BEFBC9AE69BBFE78FAD, '0', '', '2025-11-29 21:56:37', '', NULL);

-- ----------------------------
-- Table structure for layout_scheduling
-- ----------------------------
DROP TABLE IF EXISTS `layout_scheduling`;
CREATE TABLE `layout_scheduling`  (
  `id` int(0) NOT NULL AUTO_INCREMENT COMMENT '排班id',
  `user_id` int(0) DEFAULT NULL COMMENT '员工id',
  `shift_id` int(0) DEFAULT NULL COMMENT '班次id',
  `schedule_date` datetime(0) DEFAULT NULL COMMENT '排班日期',
  `status` varchar(255) CHARACTER SET utf8mb4 COLLATE utf8mb4_0900_ai_ci DEFAULT NULL COMMENT '状态(已安排、已确认、已取消)',
  `remarks` varchar(255) CHARACTER SET utf8mb4 COLLATE utf8mb4_0900_ai_ci DEFAULT NULL COMMENT '备注',
  PRIMARY KEY (`id`) USING BTREE
) ENGINE = InnoDB AUTO_INCREMENT = 5 CHARACTER SET = utf8mb4 COLLATE = utf8mb4_0900_ai_ci ROW_FORMAT = Dynamic;

-- ----------------------------
-- Records of layout_scheduling
-- ----------------------------
INSERT INTO `layout_scheduling` VALUES (1, 1, 9, '2025-11-05 00:00:00', '1', NULL);
INSERT INTO `layout_scheduling` VALUES (4, 101, 9, '2025-11-06 00:00:00', '2', NULL);

-- ----------------------------
-- Table structure for layout_shift_swap_requests
-- ----------------------------
DROP TABLE IF EXISTS `layout_shift_swap_requests`;
CREATE TABLE `layout_shift_swap_requests`  (
  `id` int(0) NOT NULL AUTO_INCREMENT COMMENT '申请id',
  `requester_id` int(0) DEFAULT NULL COMMENT '申请人id',
  `target_id` int(0) DEFAULT NULL COMMENT '目标人id',
  `model` int(0) DEFAULT NULL COMMENT '选择换班、替班',
  `requested_shift_id` int(0) DEFAULT NULL COMMENT '请求替换的班次id',
  `swapped_shift_id` int(0) DEFAULT NULL COMMENT '替换的班次id',
  `request_date` datetime(0) DEFAULT NULL COMMENT '申请日期',
  `status` varchar(255) CHARACTER SET utf8mb4 COLLATE utf8mb4_0900_ai_ci DEFAULT NULL COMMENT '状态(待审批、已批准、已拒绝)',
  `reason` varchar(255) CHARACTER SET utf8mb4 COLLATE utf8mb4_0900_ai_ci DEFAULT NULL COMMENT '申请原因',
  `approved_by` int(0) DEFAULT NULL COMMENT '审批人id',
  `approved_at` datetime(0) DEFAULT NULL COMMENT '审批时间',
  PRIMARY KEY (`id`) USING BTREE
) ENGINE = InnoDB AUTO_INCREMENT = 7 CHARACTER SET = utf8mb4 COLLATE = utf8mb4_0900_ai_ci ROW_FORMAT = Dynamic;

-- ----------------------------
-- Records of layout_shift_swap_requests
-- ----------------------------
INSERT INTO `layout_shift_swap_requests` VALUES (7, 1, 101, 1, NULL, 4, '2025-11-29 00:00:00', '0', 'as', NULL, NULL);
INSERT INTO `layout_shift_swap_requests` VALUES (8, 1, 101, 1, NULL, 4, '2025-11-29 00:00:00', '1', '12', 1, '2025-11-29 00:00:00');

-- ----------------------------
-- Table structure for layout_shifts
-- ----------------------------
DROP TABLE IF EXISTS `layout_shifts`;
CREATE TABLE `layout_shifts`  (
  `id` int(0) NOT NULL AUTO_INCREMENT COMMENT '班次id',
  `shift_name` varchar(255) CHARACTER SET utf8mb4 COLLATE utf8mb4_0900_ai_ci DEFAULT NULL COMMENT '班次名称(如早班、晚班)',
  `starttime` time(0) DEFAULT NULL COMMENT '开始时间',
  `endtime` time(0) DEFAULT NULL COMMENT '结束时间',
  `shift_type` varchar(255) CHARACTER SET utf8mb4 COLLATE utf8mb4_0900_ai_ci DEFAULT NULL COMMENT '班次类型(如正常班、夜班)',
  `description` varchar(255) CHARACTER SET utf8mb4 COLLATE utf8mb4_0900_ai_ci DEFAULT NULL COMMENT '描述',
  PRIMARY KEY (`id`) USING BTREE
) ENGINE = InnoDB AUTO_INCREMENT = 12 CHARACTER SET = utf8mb4 COLLATE = utf8mb4_0900_ai_ci ROW_FORMAT = Dynamic;

-- ----------------------------
-- Records of layout_shifts
-- ----------------------------
INSERT INTO `layout_shifts` VALUES (9, '2', '23:25:00', '19:20:00', '0', NULL);
INSERT INTO `layout_shifts` VALUES (10, '12', '00:15:00', '00:16:00', '0', NULL);
INSERT INTO `layout_shifts` VALUES (11, '13', '02:16:00', '06:30:00', '1', NULL);

-- ----------------------------
-- Table structure for qrtz_blob_triggers
-- ----------------------------
DROP TABLE IF EXISTS `qrtz_blob_triggers`;
CREATE TABLE `qrtz_blob_triggers`  (
  `sched_name` varchar(120) CHARACTER SET utf8mb4 COLLATE utf8mb4_0900_ai_ci NOT NULL COMMENT '调度名称',
  `trigger_name` varchar(200) CHARACTER SET utf8mb4 COLLATE utf8mb4_0900_ai_ci NOT NULL COMMENT 'qrtz_triggers表trigger_name的外键',
  `trigger_group` varchar(200) CHARACTER SET utf8mb4 COLLATE utf8mb4_0900_ai_ci NOT NULL COMMENT 'qrtz_triggers表trigger_group的外键',
  `blob_data` blob COMMENT '存放持久化Trigger对象',
  PRIMARY KEY (`sched_name`, `trigger_name`, `trigger_group`) USING BTREE,
  CONSTRAINT `qrtz_blob_triggers_ibfk_1` FOREIGN KEY (`sched_name`, `trigger_name`, `trigger_group`) REFERENCES `qrtz_triggers` (`sched_name`, `trigger_name`, `trigger_group`) ON DELETE RESTRICT ON UPDATE RESTRICT
) ENGINE = InnoDB CHARACTER SET = utf8mb4 COLLATE = utf8mb4_0900_ai_ci COMMENT = 'Blob类型的触发器表' ROW_FORMAT = Dynamic;

-- ----------------------------
-- Table structure for qrtz_calendars
-- ----------------------------
DROP TABLE IF EXISTS `qrtz_calendars`;
CREATE TABLE `qrtz_calendars`  (
  `sched_name` varchar(120) CHARACTER SET utf8mb4 COLLATE utf8mb4_0900_ai_ci NOT NULL COMMENT '调度名称',
  `calendar_name` varchar(200) CHARACTER SET utf8mb4 COLLATE utf8mb4_0900_ai_ci NOT NULL COMMENT '日历名称',
  `calendar` blob NOT NULL COMMENT '存放持久化calendar对象',
  PRIMARY KEY (`sched_name`, `calendar_name`) USING BTREE
) ENGINE = InnoDB CHARACTER SET = utf8mb4 COLLATE = utf8mb4_0900_ai_ci COMMENT = '日历信息表' ROW_FORMAT = Dynamic;

-- ----------------------------
-- Table structure for qrtz_cron_triggers
-- ----------------------------
DROP TABLE IF EXISTS `qrtz_cron_triggers`;
CREATE TABLE `qrtz_cron_triggers`  (
  `sched_name` varchar(120) CHARACTER SET utf8mb4 COLLATE utf8mb4_0900_ai_ci NOT NULL COMMENT '调度名称',
  `trigger_name` varchar(200) CHARACTER SET utf8mb4 COLLATE utf8mb4_0900_ai_ci NOT NULL COMMENT 'qrtz_triggers表trigger_name的外键',
  `trigger_group` varchar(200) CHARACTER SET utf8mb4 COLLATE utf8mb4_0900_ai_ci NOT NULL COMMENT 'qrtz_triggers表trigger_group的外键',
  `cron_expression` varchar(200) CHARACTER SET utf8mb4 COLLATE utf8mb4_0900_ai_ci NOT NULL COMMENT 'cron表达式',
  `time_zone_id` varchar(80) CHARACTER SET utf8mb4 COLLATE utf8mb4_0900_ai_ci DEFAULT NULL COMMENT '时区',
  PRIMARY KEY (`sched_name`, `trigger_name`, `trigger_group`) USING BTREE,
  CONSTRAINT `qrtz_cron_triggers_ibfk_1` FOREIGN KEY (`sched_name`, `trigger_name`, `trigger_group`) REFERENCES `qrtz_triggers` (`sched_name`, `trigger_name`, `trigger_group`) ON DELETE RESTRICT ON UPDATE RESTRICT
) ENGINE = InnoDB CHARACTER SET = utf8mb4 COLLATE = utf8mb4_0900_ai_ci COMMENT = 'Cron类型的触发器表' ROW_FORMAT = Dynamic;

-- ----------------------------
-- Table structure for qrtz_fired_triggers
-- ----------------------------
DROP TABLE IF EXISTS `qrtz_fired_triggers`;
CREATE TABLE `qrtz_fired_triggers`  (
  `sched_name` varchar(120) CHARACTER SET utf8mb4 COLLATE utf8mb4_0900_ai_ci NOT NULL COMMENT '调度名称',
  `entry_id` varchar(95) CHARACTER SET utf8mb4 COLLATE utf8mb4_0900_ai_ci NOT NULL COMMENT '调度器实例id',
  `trigger_name` varchar(200) CHARACTER SET utf8mb4 COLLATE utf8mb4_0900_ai_ci NOT NULL COMMENT 'qrtz_triggers表trigger_name的外键',
  `trigger_group` varchar(200) CHARACTER SET utf8mb4 COLLATE utf8mb4_0900_ai_ci NOT NULL COMMENT 'qrtz_triggers表trigger_group的外键',
  `instance_name` varchar(200) CHARACTER SET utf8mb4 COLLATE utf8mb4_0900_ai_ci NOT NULL COMMENT '调度器实例名',
  `fired_time` bigint(0) NOT NULL COMMENT '触发的时间',
  `sched_time` bigint(0) NOT NULL COMMENT '定时器制定的时间',
  `priority` int(0) NOT NULL COMMENT '优先级',
  `state` varchar(16) CHARACTER SET utf8mb4 COLLATE utf8mb4_0900_ai_ci NOT NULL COMMENT '状态',
  `job_name` varchar(200) CHARACTER SET utf8mb4 COLLATE utf8mb4_0900_ai_ci DEFAULT NULL COMMENT '任务名称',
  `job_group` varchar(200) CHARACTER SET utf8mb4 COLLATE utf8mb4_0900_ai_ci DEFAULT NULL COMMENT '任务组名',
  `is_nonconcurrent` varchar(1) CHARACTER SET utf8mb4 COLLATE utf8mb4_0900_ai_ci DEFAULT NULL COMMENT '是否并发',
  `requests_recovery` varchar(1) CHARACTER SET utf8mb4 COLLATE utf8mb4_0900_ai_ci DEFAULT NULL COMMENT '是否接受恢复执行',
  PRIMARY KEY (`sched_name`, `entry_id`) USING BTREE
) ENGINE = InnoDB CHARACTER SET = utf8mb4 COLLATE = utf8mb4_0900_ai_ci COMMENT = '已触发的触发器表' ROW_FORMAT = Dynamic;

-- ----------------------------
-- Table structure for qrtz_job_details
-- ----------------------------
DROP TABLE IF EXISTS `qrtz_job_details`;
CREATE TABLE `qrtz_job_details`  (
  `sched_name` varchar(120) CHARACTER SET utf8mb4 COLLATE utf8mb4_0900_ai_ci NOT NULL COMMENT '调度名称',
  `job_name` varchar(200) CHARACTER SET utf8mb4 COLLATE utf8mb4_0900_ai_ci NOT NULL COMMENT '任务名称',
  `job_group` varchar(200) CHARACTER SET utf8mb4 COLLATE utf8mb4_0900_ai_ci NOT NULL COMMENT '任务组名',
  `description` varchar(250) CHARACTER SET utf8mb4 COLLATE utf8mb4_0900_ai_ci DEFAULT NULL COMMENT '相关介绍',
  `job_class_name` varchar(250) CHARACTER SET utf8mb4 COLLATE utf8mb4_0900_ai_ci NOT NULL COMMENT '执行任务类名称',
  `is_durable` varchar(1) CHARACTER SET utf8mb4 COLLATE utf8mb4_0900_ai_ci NOT NULL COMMENT '是否持久化',
  `is_nonconcurrent` varchar(1) CHARACTER SET utf8mb4 COLLATE utf8mb4_0900_ai_ci NOT NULL COMMENT '是否并发',
  `is_update_data` varchar(1) CHARACTER SET utf8mb4 COLLATE utf8mb4_0900_ai_ci NOT NULL COMMENT '是否更新数据',
  `requests_recovery` varchar(1) CHARACTER SET utf8mb4 COLLATE utf8mb4_0900_ai_ci NOT NULL COMMENT '是否接受恢复执行',
  `job_data` blob COMMENT '存放持久化job对象',
  PRIMARY KEY (`sched_name`, `job_name`, `job_group`) USING BTREE
) ENGINE = InnoDB CHARACTER SET = utf8mb4 COLLATE = utf8mb4_0900_ai_ci COMMENT = '任务详细信息表' ROW_FORMAT = Dynamic;

-- ----------------------------
-- Table structure for qrtz_locks
-- ----------------------------
DROP TABLE IF EXISTS `qrtz_locks`;
CREATE TABLE `qrtz_locks`  (
  `sched_name` varchar(120) CHARACTER SET utf8mb4 COLLATE utf8mb4_0900_ai_ci NOT NULL COMMENT '调度名称',
  `lock_name` varchar(40) CHARACTER SET utf8mb4 COLLATE utf8mb4_0900_ai_ci NOT NULL COMMENT '悲观锁名称',
  PRIMARY KEY (`sched_name`, `lock_name`) USING BTREE
) ENGINE = InnoDB CHARACTER SET = utf8mb4 COLLATE = utf8mb4_0900_ai_ci COMMENT = '存储的悲观锁信息表' ROW_FORMAT = Dynamic;

-- ----------------------------
-- Table structure for qrtz_paused_trigger_grps
-- ----------------------------
DROP TABLE IF EXISTS `qrtz_paused_trigger_grps`;
CREATE TABLE `qrtz_paused_trigger_grps`  (
  `sched_name` varchar(120) CHARACTER SET utf8mb4 COLLATE utf8mb4_0900_ai_ci NOT NULL COMMENT '调度名称',
  `trigger_group` varchar(200) CHARACTER SET utf8mb4 COLLATE utf8mb4_0900_ai_ci NOT NULL COMMENT 'qrtz_triggers表trigger_group的外键',
  PRIMARY KEY (`sched_name`, `trigger_group`) USING BTREE
) ENGINE = InnoDB CHARACTER SET = utf8mb4 COLLATE = utf8mb4_0900_ai_ci COMMENT = '暂停的触发器表' ROW_FORMAT = Dynamic;

-- ----------------------------
-- Table structure for qrtz_scheduler_state
-- ----------------------------
DROP TABLE IF EXISTS `qrtz_scheduler_state`;
CREATE TABLE `qrtz_scheduler_state`  (
  `sched_name` varchar(120) CHARACTER SET utf8mb4 COLLATE utf8mb4_0900_ai_ci NOT NULL COMMENT '调度名称',
  `instance_name` varchar(200) CHARACTER SET utf8mb4 COLLATE utf8mb4_0900_ai_ci NOT NULL COMMENT '实例名称',
  `last_checkin_time` bigint(0) NOT NULL COMMENT '上次检查时间',
  `checkin_interval` bigint(0) NOT NULL COMMENT '检查间隔时间',
  PRIMARY KEY (`sched_name`, `instance_name`) USING BTREE
) ENGINE = InnoDB CHARACTER SET = utf8mb4 COLLATE = utf8mb4_0900_ai_ci COMMENT = '调度器状态表' ROW_FORMAT = Dynamic;

-- ----------------------------
-- Table structure for qrtz_simple_triggers
-- ----------------------------
DROP TABLE IF EXISTS `qrtz_simple_triggers`;
CREATE TABLE `qrtz_simple_triggers`  (
  `sched_name` varchar(120) CHARACTER SET utf8mb4 COLLATE utf8mb4_0900_ai_ci NOT NULL COMMENT '调度名称',
  `trigger_name` varchar(200) CHARACTER SET utf8mb4 COLLATE utf8mb4_0900_ai_ci NOT NULL COMMENT 'qrtz_triggers表trigger_name的外键',
  `trigger_group` varchar(200) CHARACTER SET utf8mb4 COLLATE utf8mb4_0900_ai_ci NOT NULL COMMENT 'qrtz_triggers表trigger_group的外键',
  `repeat_count` bigint(0) NOT NULL COMMENT '重复的次数统计',
  `repeat_interval` bigint(0) NOT NULL COMMENT '重复的间隔时间',
  `times_triggered` bigint(0) NOT NULL COMMENT '已经触发的次数',
  PRIMARY KEY (`sched_name`, `trigger_name`, `trigger_group`) USING BTREE,
  CONSTRAINT `qrtz_simple_triggers_ibfk_1` FOREIGN KEY (`sched_name`, `trigger_name`, `trigger_group`) REFERENCES `qrtz_triggers` (`sched_name`, `trigger_name`, `trigger_group`) ON DELETE RESTRICT ON UPDATE RESTRICT
) ENGINE = InnoDB CHARACTER SET = utf8mb4 COLLATE = utf8mb4_0900_ai_ci COMMENT = '简单触发器的信息表' ROW_FORMAT = Dynamic;

-- ----------------------------
-- Table structure for qrtz_simprop_triggers
-- ----------------------------
DROP TABLE IF EXISTS `qrtz_simprop_triggers`;
CREATE TABLE `qrtz_simprop_triggers`  (
  `sched_name` varchar(120) CHARACTER SET utf8mb4 COLLATE utf8mb4_0900_ai_ci NOT NULL COMMENT '调度名称',
  `trigger_name` varchar(200) CHARACTER SET utf8mb4 COLLATE utf8mb4_0900_ai_ci NOT NULL COMMENT 'qrtz_triggers表trigger_name的外键',
  `trigger_group` varchar(200) CHARACTER SET utf8mb4 COLLATE utf8mb4_0900_ai_ci NOT NULL COMMENT 'qrtz_triggers表trigger_group的外键',
  `str_prop_1` varchar(512) CHARACTER SET utf8mb4 COLLATE utf8mb4_0900_ai_ci DEFAULT NULL COMMENT 'String类型的trigger的第一个参数',
  `str_prop_2` varchar(512) CHARACTER SET utf8mb4 COLLATE utf8mb4_0900_ai_ci DEFAULT NULL COMMENT 'String类型的trigger的第二个参数',
  `str_prop_3` varchar(512) CHARACTER SET utf8mb4 COLLATE utf8mb4_0900_ai_ci DEFAULT NULL COMMENT 'String类型的trigger的第三个参数',
  `int_prop_1` int(0) DEFAULT NULL COMMENT 'int类型的trigger的第一个参数',
  `int_prop_2` int(0) DEFAULT NULL COMMENT 'int类型的trigger的第二个参数',
  `long_prop_1` bigint(0) DEFAULT NULL COMMENT 'long类型的trigger的第一个参数',
  `long_prop_2` bigint(0) DEFAULT NULL COMMENT 'long类型的trigger的第二个参数',
  `dec_prop_1` decimal(13, 4) DEFAULT NULL COMMENT 'decimal类型的trigger的第一个参数',
  `dec_prop_2` decimal(13, 4) DEFAULT NULL COMMENT 'decimal类型的trigger的第二个参数',
  `bool_prop_1` varchar(1) CHARACTER SET utf8mb4 COLLATE utf8mb4_0900_ai_ci DEFAULT NULL COMMENT 'Boolean类型的trigger的第一个参数',
  `bool_prop_2` varchar(1) CHARACTER SET utf8mb4 COLLATE utf8mb4_0900_ai_ci DEFAULT NULL COMMENT 'Boolean类型的trigger的第二个参数',
  PRIMARY KEY (`sched_name`, `trigger_name`, `trigger_group`) USING BTREE,
  CONSTRAINT `qrtz_simprop_triggers_ibfk_1` FOREIGN KEY (`sched_name`, `trigger_name`, `trigger_group`) REFERENCES `qrtz_triggers` (`sched_name`, `trigger_name`, `trigger_group`) ON DELETE RESTRICT ON UPDATE RESTRICT
) ENGINE = InnoDB CHARACTER SET = utf8mb4 COLLATE = utf8mb4_0900_ai_ci COMMENT = '同步机制的行锁表' ROW_FORMAT = Dynamic;

-- ----------------------------
-- Table structure for qrtz_triggers
-- ----------------------------
DROP TABLE IF EXISTS `qrtz_triggers`;
CREATE TABLE `qrtz_triggers`  (
  `sched_name` varchar(120) CHARACTER SET utf8mb4 COLLATE utf8mb4_0900_ai_ci NOT NULL COMMENT '调度名称',
  `trigger_name` varchar(200) CHARACTER SET utf8mb4 COLLATE utf8mb4_0900_ai_ci NOT NULL COMMENT '触发器的名字',
  `trigger_group` varchar(200) CHARACTER SET utf8mb4 COLLATE utf8mb4_0900_ai_ci NOT NULL COMMENT '触发器所属组的名字',
  `job_name` varchar(200) CHARACTER SET utf8mb4 COLLATE utf8mb4_0900_ai_ci NOT NULL COMMENT 'qrtz_job_details表job_name的外键',
  `job_group` varchar(200) CHARACTER SET utf8mb4 COLLATE utf8mb4_0900_ai_ci NOT NULL COMMENT 'qrtz_job_details表job_group的外键',
  `description` varchar(250) CHARACTER SET utf8mb4 COLLATE utf8mb4_0900_ai_ci DEFAULT NULL COMMENT '相关介绍',
  `next_fire_time` bigint(0) DEFAULT NULL COMMENT '上一次触发时间（毫秒）',
  `prev_fire_time` bigint(0) DEFAULT NULL COMMENT '下一次触发时间（默认为-1表示不触发）',
  `priority` int(0) DEFAULT NULL COMMENT '优先级',
  `trigger_state` varchar(16) CHARACTER SET utf8mb4 COLLATE utf8mb4_0900_ai_ci NOT NULL COMMENT '触发器状态',
  `trigger_type` varchar(8) CHARACTER SET utf8mb4 COLLATE utf8mb4_0900_ai_ci NOT NULL COMMENT '触发器的类型',
  `start_time` bigint(0) NOT NULL COMMENT '开始时间',
  `end_time` bigint(0) DEFAULT NULL COMMENT '结束时间',
  `calendar_name` varchar(200) CHARACTER SET utf8mb4 COLLATE utf8mb4_0900_ai_ci DEFAULT NULL COMMENT '日程表名称',
  `misfire_instr` smallint(0) DEFAULT NULL COMMENT '补偿执行的策略',
  `job_data` blob COMMENT '存放持久化job对象',
  PRIMARY KEY (`sched_name`, `trigger_name`, `trigger_group`) USING BTREE,
  INDEX `sched_name`(`sched_name`, `job_name`, `job_group`) USING BTREE,
  CONSTRAINT `qrtz_triggers_ibfk_1` FOREIGN KEY (`sched_name`, `job_name`, `job_group`) REFERENCES `qrtz_job_details` (`sched_name`, `job_name`, `job_group`) ON DELETE RESTRICT ON UPDATE RESTRICT
) ENGINE = InnoDB CHARACTER SET = utf8mb4 COLLATE = utf8mb4_0900_ai_ci COMMENT = '触发器详细信息表' ROW_FORMAT = Dynamic;

-- ----------------------------
-- Table structure for sys_config
-- ----------------------------
DROP TABLE IF EXISTS `sys_config`;
CREATE TABLE `sys_config`  (
  `config_id` int(0) NOT NULL AUTO_INCREMENT COMMENT '参数主键',
  `config_name` varchar(100) CHARACTER SET utf8mb4 COLLATE utf8mb4_0900_ai_ci DEFAULT '' COMMENT '参数名称',
  `config_key` varchar(100) CHARACTER SET utf8mb4 COLLATE utf8mb4_0900_ai_ci DEFAULT '' COMMENT '参数键名',
  `config_value` varchar(500) CHARACTER SET utf8mb4 COLLATE utf8mb4_0900_ai_ci DEFAULT '' COMMENT '参数键值',
  `config_type` char(1) CHARACTER SET utf8mb4 COLLATE utf8mb4_0900_ai_ci DEFAULT 'N' COMMENT '系统内置（Y是 N否）',
  `create_by` varchar(64) CHARACTER SET utf8mb4 COLLATE utf8mb4_0900_ai_ci DEFAULT '' COMMENT '创建者',
  `create_time` datetime(0) DEFAULT NULL COMMENT '创建时间',
  `update_by` varchar(64) CHARACTER SET utf8mb4 COLLATE utf8mb4_0900_ai_ci DEFAULT '' COMMENT '更新者',
  `update_time` datetime(0) DEFAULT NULL COMMENT '更新时间',
  `remark` varchar(500) CHARACTER SET utf8mb4 COLLATE utf8mb4_0900_ai_ci DEFAULT NULL COMMENT '备注',
  PRIMARY KEY (`config_id`) USING BTREE
) ENGINE = InnoDB AUTO_INCREMENT = 100 CHARACTER SET = utf8mb4 COLLATE = utf8mb4_0900_ai_ci COMMENT = '参数配置表' ROW_FORMAT = Dynamic;

-- ----------------------------
-- Records of sys_config
-- ----------------------------
INSERT INTO `sys_config` VALUES (1, '主框架页-默认皮肤样式名称', 'sys.index.skinName', 'skin-blue', 'Y', 'admin', '2025-11-24 13:10:39', '', NULL, '蓝色 skin-blue、绿色 skin-green、紫色 skin-purple、红色 skin-red、黄色 skin-yellow');
INSERT INTO `sys_config` VALUES (2, '用户管理-账号初始密码', 'sys.user.initPassword', '123456', 'Y', 'admin', '2025-11-24 13:10:39', '', NULL, '初始化密码 123456');
INSERT INTO `sys_config` VALUES (3, '主框架页-侧边栏主题', 'sys.index.sideTheme', 'theme-dark', 'Y', 'admin', '2025-11-24 13:10:39', '', NULL, '深色主题theme-dark，浅色主题theme-light');
INSERT INTO `sys_config` VALUES (4, '账号自助-验证码开关', 'sys.account.captchaEnabled', 'true', 'Y', 'admin', '2025-11-24 13:10:39', '', NULL, '是否开启验证码功能（true开启，false关闭）');
INSERT INTO `sys_config` VALUES (5, '账号自助-是否开启用户注册功能', 'sys.account.registerUser', 'false', 'Y', 'admin', '2025-11-24 13:10:39', '', NULL, '是否开启注册用户功能（true开启，false关闭）');
INSERT INTO `sys_config` VALUES (6, '用户登录-黑名单列表', 'sys.login.blackIPList', '', 'Y', 'admin', '2025-11-24 13:10:39', '', NULL, '设置登录IP黑名单限制，多个匹配项以;分隔，支持匹配（*通配、网段）');
INSERT INTO `sys_config` VALUES (7, '用户管理-初始密码修改策略', 'sys.account.initPasswordModify', '1', 'Y', 'admin', '2025-11-24 13:10:39', '', NULL, '0：初始密码修改策略关闭，没有任何提示，1：提醒用户，如果未修改初始密码，则在登录时就会提醒修改密码对话框');
INSERT INTO `sys_config` VALUES (8, '用户管理-账号密码更新周期', 'sys.account.passwordValidateDays', '0', 'Y', 'admin', '2025-11-24 13:10:39', '', NULL, '密码更新周期（填写数字，数据初始化值为0不限制，若修改必须为大于0小于365的正整数），如果超过这个周期登录系统时，则在登录时就会提醒修改密码对话框');

-- ----------------------------
-- Table structure for sys_dept
-- ----------------------------
DROP TABLE IF EXISTS `sys_dept`;
CREATE TABLE `sys_dept`  (
  `dept_id` bigint(0) NOT NULL AUTO_INCREMENT COMMENT '部门id',
  `parent_id` bigint(0) DEFAULT 0 COMMENT '父部门id',
  `ancestors` varchar(50) CHARACTER SET utf8mb4 COLLATE utf8mb4_0900_ai_ci DEFAULT '' COMMENT '祖级列表',
  `dept_name` varchar(30) CHARACTER SET utf8mb4 COLLATE utf8mb4_0900_ai_ci DEFAULT '' COMMENT '部门名称',
  `order_num` int(0) DEFAULT 0 COMMENT '显示顺序',
  `leader` varchar(20) CHARACTER SET utf8mb4 COLLATE utf8mb4_0900_ai_ci DEFAULT NULL COMMENT '负责人',
  `phone` varchar(11) CHARACTER SET utf8mb4 COLLATE utf8mb4_0900_ai_ci DEFAULT NULL COMMENT '联系电话',
  `email` varchar(50) CHARACTER SET utf8mb4 COLLATE utf8mb4_0900_ai_ci DEFAULT NULL COMMENT '邮箱',
  `status` char(1) CHARACTER SET utf8mb4 COLLATE utf8mb4_0900_ai_ci DEFAULT '0' COMMENT '部门状态（0正常 1停用）',
  `del_flag` char(1) CHARACTER SET utf8mb4 COLLATE utf8mb4_0900_ai_ci DEFAULT '0' COMMENT '删除标志（0代表存在 2代表删除）',
  `create_by` varchar(64) CHARACTER SET utf8mb4 COLLATE utf8mb4_0900_ai_ci DEFAULT '' COMMENT '创建者',
  `create_time` datetime(0) DEFAULT NULL COMMENT '创建时间',
  `update_by` varchar(64) CHARACTER SET utf8mb4 COLLATE utf8mb4_0900_ai_ci DEFAULT '' COMMENT '更新者',
  `update_time` datetime(0) DEFAULT NULL COMMENT '更新时间',
  PRIMARY KEY (`dept_id`) USING BTREE
) ENGINE = InnoDB AUTO_INCREMENT = 200 CHARACTER SET = utf8mb4 COLLATE = utf8mb4_0900_ai_ci COMMENT = '部门表' ROW_FORMAT = Dynamic;

-- ----------------------------
-- Records of sys_dept
-- ----------------------------
INSERT INTO `sys_dept` VALUES (100, 0, '0', '若依科技', 0, '若依', '15888888888', 'ry@qq.com', '0', '0', 'admin', '2025-11-24 13:10:39', '', NULL);
INSERT INTO `sys_dept` VALUES (101, 100, '0,100', '深圳总公司', 1, '若依', '15888888888', 'ry@qq.com', '0', '0', 'admin', '2025-11-24 13:10:39', '', NULL);
INSERT INTO `sys_dept` VALUES (102, 100, '0,100', '长沙分公司', 2, '若依', '15888888888', 'ry@qq.com', '0', '0', 'admin', '2025-11-24 13:10:39', '', NULL);
INSERT INTO `sys_dept` VALUES (103, 101, '0,100,101', '研发部门', 1, '若依', '15888888888', 'ry@qq.com', '0', '0', 'admin', '2025-11-24 13:10:39', '', NULL);
INSERT INTO `sys_dept` VALUES (104, 101, '0,100,101', '市场部门', 2, '若依', '15888888888', 'ry@qq.com', '0', '0', 'admin', '2025-11-24 13:10:39', '', NULL);
INSERT INTO `sys_dept` VALUES (105, 101, '0,100,101', '测试部门', 3, '若依', '15888888888', 'ry@qq.com', '0', '0', 'admin', '2025-11-24 13:10:39', '', NULL);
INSERT INTO `sys_dept` VALUES (106, 101, '0,100,101', '财务部门', 4, '若依', '15888888888', 'ry@qq.com', '0', '0', 'admin', '2025-11-24 13:10:39', '', NULL);
INSERT INTO `sys_dept` VALUES (107, 101, '0,100,101', '运维部门', 5, '若依', '15888888888', 'ry@qq.com', '0', '0', 'admin', '2025-11-24 13:10:39', '', NULL);
INSERT INTO `sys_dept` VALUES (108, 102, '0,100,102', '市场部门', 1, '若依', '15888888888', 'ry@qq.com', '0', '0', 'admin', '2025-11-24 13:10:39', '', NULL);
INSERT INTO `sys_dept` VALUES (109, 102, '0,100,102', '财务部门', 2, '若依', '15888888888', 'ry@qq.com', '0', '0', 'admin', '2025-11-24 13:10:39', '', NULL);

-- ----------------------------
-- Table structure for sys_dict_data
-- ----------------------------
DROP TABLE IF EXISTS `sys_dict_data`;
CREATE TABLE `sys_dict_data`  (
  `dict_code` bigint(0) NOT NULL AUTO_INCREMENT COMMENT '字典编码',
  `dict_sort` int(0) DEFAULT 0 COMMENT '字典排序',
  `dict_label` varchar(100) CHARACTER SET utf8mb4 COLLATE utf8mb4_0900_ai_ci DEFAULT '' COMMENT '字典标签',
  `dict_value` varchar(100) CHARACTER SET utf8mb4 COLLATE utf8mb4_0900_ai_ci DEFAULT '' COMMENT '字典键值',
  `dict_type` varchar(100) CHARACTER SET utf8mb4 COLLATE utf8mb4_0900_ai_ci DEFAULT '' COMMENT '字典类型',
  `css_class` varchar(100) CHARACTER SET utf8mb4 COLLATE utf8mb4_0900_ai_ci DEFAULT NULL COMMENT '样式属性（其他样式扩展）',
  `list_class` varchar(100) CHARACTER SET utf8mb4 COLLATE utf8mb4_0900_ai_ci DEFAULT NULL COMMENT '表格回显样式',
  `is_default` char(1) CHARACTER SET utf8mb4 COLLATE utf8mb4_0900_ai_ci DEFAULT 'N' COMMENT '是否默认（Y是 N否）',
  `status` char(1) CHARACTER SET utf8mb4 COLLATE utf8mb4_0900_ai_ci DEFAULT '0' COMMENT '状态（0正常 1停用）',
  `create_by` varchar(64) CHARACTER SET utf8mb4 COLLATE utf8mb4_0900_ai_ci DEFAULT '' COMMENT '创建者',
  `create_time` datetime(0) DEFAULT NULL COMMENT '创建时间',
  `update_by` varchar(64) CHARACTER SET utf8mb4 COLLATE utf8mb4_0900_ai_ci DEFAULT '' COMMENT '更新者',
  `update_time` datetime(0) DEFAULT NULL COMMENT '更新时间',
  `remark` varchar(500) CHARACTER SET utf8mb4 COLLATE utf8mb4_0900_ai_ci DEFAULT NULL COMMENT '备注',
  PRIMARY KEY (`dict_code`) USING BTREE
) ENGINE = InnoDB AUTO_INCREMENT = 114 CHARACTER SET = utf8mb4 COLLATE = utf8mb4_0900_ai_ci COMMENT = '字典数据表' ROW_FORMAT = Dynamic;

-- ----------------------------
-- Records of sys_dict_data
-- ----------------------------
INSERT INTO `sys_dict_data` VALUES (1, 1, '男', '0', 'sys_user_sex', '', '', 'Y', '0', 'admin', '2025-11-24 13:10:39', '', NULL, '性别男');
INSERT INTO `sys_dict_data` VALUES (2, 2, '女', '1', 'sys_user_sex', '', '', 'N', '0', 'admin', '2025-11-24 13:10:39', '', NULL, '性别女');
INSERT INTO `sys_dict_data` VALUES (3, 3, '未知', '2', 'sys_user_sex', '', '', 'N', '0', 'admin', '2025-11-24 13:10:39', '', NULL, '性别未知');
INSERT INTO `sys_dict_data` VALUES (4, 1, '显示', '0', 'sys_show_hide', '', 'primary', 'Y', '0', 'admin', '2025-11-24 13:10:39', '', NULL, '显示菜单');
INSERT INTO `sys_dict_data` VALUES (5, 2, '隐藏', '1', 'sys_show_hide', '', 'danger', 'N', '0', 'admin', '2025-11-24 13:10:39', '', NULL, '隐藏菜单');
INSERT INTO `sys_dict_data` VALUES (6, 1, '正常', '0', 'sys_normal_disable', '', 'primary', 'Y', '0', 'admin', '2025-11-24 13:10:39', '', NULL, '正常状态');
INSERT INTO `sys_dict_data` VALUES (7, 2, '停用', '1', 'sys_normal_disable', '', 'danger', 'N', '0', 'admin', '2025-11-24 13:10:39', '', NULL, '停用状态');
INSERT INTO `sys_dict_data` VALUES (8, 1, '正常', '0', 'sys_job_status', '', 'primary', 'Y', '0', 'admin', '2025-11-24 13:10:39', '', NULL, '正常状态');
INSERT INTO `sys_dict_data` VALUES (9, 2, '暂停', '1', 'sys_job_status', '', 'danger', 'N', '0', 'admin', '2025-11-24 13:10:39', '', NULL, '停用状态');
INSERT INTO `sys_dict_data` VALUES (10, 1, '默认', 'DEFAULT', 'sys_job_group', '', '', 'Y', '0', 'admin', '2025-11-24 13:10:39', '', NULL, '默认分组');
INSERT INTO `sys_dict_data` VALUES (11, 2, '系统', 'SYSTEM', 'sys_job_group', '', '', 'N', '0', 'admin', '2025-11-24 13:10:39', '', NULL, '系统分组');
INSERT INTO `sys_dict_data` VALUES (12, 1, '是', 'Y', 'sys_yes_no', '', 'primary', 'Y', '0', 'admin', '2025-11-24 13:10:39', '', NULL, '系统默认是');
INSERT INTO `sys_dict_data` VALUES (13, 2, '否', 'N', 'sys_yes_no', '', 'danger', 'N', '0', 'admin', '2025-11-24 13:10:39', '', NULL, '系统默认否');
INSERT INTO `sys_dict_data` VALUES (14, 1, '通知', '1', 'sys_notice_type', '', 'warning', 'Y', '0', 'admin', '2025-11-24 13:10:39', '', NULL, '通知');
INSERT INTO `sys_dict_data` VALUES (15, 2, '公告', '2', 'sys_notice_type', '', 'success', 'N', '0', 'admin', '2025-11-24 13:10:39', '', NULL, '公告');
INSERT INTO `sys_dict_data` VALUES (16, 1, '正常', '0', 'sys_notice_status', '', 'primary', 'Y', '0', 'admin', '2025-11-24 13:10:39', '', NULL, '正常状态');
INSERT INTO `sys_dict_data` VALUES (17, 2, '关闭', '1', 'sys_notice_status', '', 'danger', 'N', '0', 'admin', '2025-11-24 13:10:39', '', NULL, '关闭状态');
INSERT INTO `sys_dict_data` VALUES (18, 99, '其他', '0', 'sys_oper_type', '', 'info', 'N', '0', 'admin', '2025-11-24 13:10:39', '', NULL, '其他操作');
INSERT INTO `sys_dict_data` VALUES (19, 1, '新增', '1', 'sys_oper_type', '', 'info', 'N', '0', 'admin', '2025-11-24 13:10:39', '', NULL, '新增操作');
INSERT INTO `sys_dict_data` VALUES (20, 2, '修改', '2', 'sys_oper_type', '', 'info', 'N', '0', 'admin', '2025-11-24 13:10:39', '', NULL, '修改操作');
INSERT INTO `sys_dict_data` VALUES (21, 3, '删除', '3', 'sys_oper_type', '', 'danger', 'N', '0', 'admin', '2025-11-24 13:10:39', '', NULL, '删除操作');
INSERT INTO `sys_dict_data` VALUES (22, 4, '授权', '4', 'sys_oper_type', '', 'primary', 'N', '0', 'admin', '2025-11-24 13:10:39', '', NULL, '授权操作');
INSERT INTO `sys_dict_data` VALUES (23, 5, '导出', '5', 'sys_oper_type', '', 'warning', 'N', '0', 'admin', '2025-11-24 13:10:39', '', NULL, '导出操作');
INSERT INTO `sys_dict_data` VALUES (24, 6, '导入', '6', 'sys_oper_type', '', 'warning', 'N', '0', 'admin', '2025-11-24 13:10:39', '', NULL, '导入操作');
INSERT INTO `sys_dict_data` VALUES (25, 7, '强退', '7', 'sys_oper_type', '', 'danger', 'N', '0', 'admin', '2025-11-24 13:10:39', '', NULL, '强退操作');
INSERT INTO `sys_dict_data` VALUES (26, 8, '生成代码', '8', 'sys_oper_type', '', 'warning', 'N', '0', 'admin', '2025-11-24 13:10:39', '', NULL, '生成操作');
INSERT INTO `sys_dict_data` VALUES (27, 9, '清空数据', '9', 'sys_oper_type', '', 'danger', 'N', '0', 'admin', '2025-11-24 13:10:39', '', NULL, '清空操作');
INSERT INTO `sys_dict_data` VALUES (28, 1, '成功', '0', 'sys_common_status', '', 'primary', 'N', '0', 'admin', '2025-11-24 13:10:39', '', NULL, '正常状态');
INSERT INTO `sys_dict_data` VALUES (29, 2, '失败', '1', 'sys_common_status', '', 'danger', 'N', '0', 'admin', '2025-11-24 13:10:39', '', NULL, '停用状态');
INSERT INTO `sys_dict_data` VALUES (100, 1, '早班', '1', 'layout_type', NULL, 'default', 'N', '0', 'admin', '2025-11-25 20:00:03', 'admin', '2025-11-25 20:04:03', NULL);
INSERT INTO `sys_dict_data` VALUES (101, 2, '午班', '2', 'layout_type', NULL, 'default', 'N', '0', 'admin', '2025-11-25 20:00:17', 'admin', '2025-11-25 20:04:30', NULL);
INSERT INTO `sys_dict_data` VALUES (102, 3, '晚班', '3', 'layout_type', NULL, 'default', 'N', '0', 'admin', '2025-11-25 20:00:32', 'admin', '2025-11-25 20:04:43', NULL);
INSERT INTO `sys_dict_data` VALUES (103, 0, '全天', '0', 'layout_type', NULL, 'default', 'N', '0', 'admin', '2025-11-25 20:01:01', 'admin', '2025-11-25 20:04:10', NULL);
INSERT INTO `sys_dict_data` VALUES (104, 4, '夜班', '4', 'layout_type', NULL, 'default', 'N', '0', 'admin', '2025-11-25 20:01:39', 'admin', '2025-11-25 20:04:54', NULL);
INSERT INTO `sys_dict_data` VALUES (105, 5, '其他', '5', 'layout_type', NULL, 'default', 'N', '0', 'admin', '2025-11-25 20:05:05', 'admin', '2025-11-25 20:05:17', NULL);
INSERT INTO `sys_dict_data` VALUES (106, 0, '可出勤', '0', 'layout_weekend', NULL, 'success', 'N', '0', 'admin', '2025-11-26 19:46:03', 'admin', '2025-11-26 19:46:26', NULL);
INSERT INTO `sys_dict_data` VALUES (107, 0, '需休息', '1', 'layout_weekend', NULL, 'primary', 'N', '0', 'admin', '2025-11-26 19:46:19', '', NULL, NULL);
INSERT INTO `sys_dict_data` VALUES (108, 0, '已确认', '0', 'layout_status', NULL, 'success', 'N', '0', 'admin', '2025-11-27 20:20:44', '', NULL, NULL);
INSERT INTO `sys_dict_data` VALUES (109, 1, '已取消', '1', 'layout_status', NULL, 'info', 'N', '0', 'admin', '2025-11-27 20:21:09', '', NULL, NULL);
INSERT INTO `sys_dict_data` VALUES (110, 2, '待确认', '2', 'layout_status', NULL, 'danger', 'N', '0', 'admin', '2025-11-27 20:21:46', '', NULL, NULL);
INSERT INTO `sys_dict_data` VALUES (111, 0, '待审核', '0', 'layout_check', NULL, 'warning', 'N', '0', 'admin', '2025-11-28 12:46:26', '', NULL, NULL);
INSERT INTO `sys_dict_data` VALUES (112, 1, '已通过', '1', 'layout_check', NULL, 'success', 'N', '0', 'admin', '2025-11-28 12:46:44', '', NULL, NULL);
INSERT INTO `sys_dict_data` VALUES (113, 2, '未通过', '2', 'layout_check', NULL, 'danger', 'N', '0', 'admin', '2025-11-28 12:46:57', '', NULL, NULL);

-- ----------------------------
-- Table structure for sys_dict_type
-- ----------------------------
DROP TABLE IF EXISTS `sys_dict_type`;
CREATE TABLE `sys_dict_type`  (
  `dict_id` bigint(0) NOT NULL AUTO_INCREMENT COMMENT '字典主键',
  `dict_name` varchar(100) CHARACTER SET utf8mb4 COLLATE utf8mb4_0900_ai_ci DEFAULT '' COMMENT '字典名称',
  `dict_type` varchar(100) CHARACTER SET utf8mb4 COLLATE utf8mb4_0900_ai_ci DEFAULT '' COMMENT '字典类型',
  `status` char(1) CHARACTER SET utf8mb4 COLLATE utf8mb4_0900_ai_ci DEFAULT '0' COMMENT '状态（0正常 1停用）',
  `create_by` varchar(64) CHARACTER SET utf8mb4 COLLATE utf8mb4_0900_ai_ci DEFAULT '' COMMENT '创建者',
  `create_time` datetime(0) DEFAULT NULL COMMENT '创建时间',
  `update_by` varchar(64) CHARACTER SET utf8mb4 COLLATE utf8mb4_0900_ai_ci DEFAULT '' COMMENT '更新者',
  `update_time` datetime(0) DEFAULT NULL COMMENT '更新时间',
  `remark` varchar(500) CHARACTER SET utf8mb4 COLLATE utf8mb4_0900_ai_ci DEFAULT NULL COMMENT '备注',
  PRIMARY KEY (`dict_id`) USING BTREE,
  UNIQUE INDEX `dict_type`(`dict_type`) USING BTREE
) ENGINE = InnoDB AUTO_INCREMENT = 103 CHARACTER SET = utf8mb4 COLLATE = utf8mb4_0900_ai_ci COMMENT = '字典类型表' ROW_FORMAT = Dynamic;

-- ----------------------------
-- Records of sys_dict_type
-- ----------------------------
INSERT INTO `sys_dict_type` VALUES (1, '用户性别', 'sys_user_sex', '0', 'admin', '2025-11-24 13:10:39', '', NULL, '用户性别列表');
INSERT INTO `sys_dict_type` VALUES (2, '菜单状态', 'sys_show_hide', '0', 'admin', '2025-11-24 13:10:39', '', NULL, '菜单状态列表');
INSERT INTO `sys_dict_type` VALUES (3, '系统开关', 'sys_normal_disable', '0', 'admin', '2025-11-24 13:10:39', '', NULL, '系统开关列表');
INSERT INTO `sys_dict_type` VALUES (4, '任务状态', 'sys_job_status', '0', 'admin', '2025-11-24 13:10:39', '', NULL, '任务状态列表');
INSERT INTO `sys_dict_type` VALUES (5, '任务分组', 'sys_job_group', '0', 'admin', '2025-11-24 13:10:39', '', NULL, '任务分组列表');
INSERT INTO `sys_dict_type` VALUES (6, '系统是否', 'sys_yes_no', '0', 'admin', '2025-11-24 13:10:39', '', NULL, '系统是否列表');
INSERT INTO `sys_dict_type` VALUES (7, '通知类型', 'sys_notice_type', '0', 'admin', '2025-11-24 13:10:39', '', NULL, '通知类型列表');
INSERT INTO `sys_dict_type` VALUES (8, '通知状态', 'sys_notice_status', '0', 'admin', '2025-11-24 13:10:39', '', NULL, '通知状态列表');
INSERT INTO `sys_dict_type` VALUES (9, '操作类型', 'sys_oper_type', '0', 'admin', '2025-11-24 13:10:39', '', NULL, '操作类型列表');
INSERT INTO `sys_dict_type` VALUES (10, '系统状态', 'sys_common_status', '0', 'admin', '2025-11-24 13:10:39', '', NULL, '登录状态列表');
INSERT INTO `sys_dict_type` VALUES (100, '班次类型', 'layout_type', '0', 'admin', '2025-11-25 19:59:19', '', NULL, NULL);
INSERT INTO `sys_dict_type` VALUES (101, '周末出勤偏好', 'layout_weekend', '0', 'admin', '2025-11-26 19:45:47', '', NULL, NULL);
INSERT INTO `sys_dict_type` VALUES (102, '排班状态', 'layout_status', '0', 'admin', '2025-11-27 20:20:09', '', NULL, NULL);
INSERT INTO `sys_dict_type` VALUES (103, '审核状态', 'layout_check', '0', 'admin', '2025-11-28 12:46:02', '', NULL, NULL);

-- ----------------------------
-- Table structure for sys_job
-- ----------------------------
DROP TABLE IF EXISTS `sys_job`;
CREATE TABLE `sys_job`  (
  `job_id` bigint(0) NOT NULL AUTO_INCREMENT COMMENT '任务ID',
  `job_name` varchar(64) CHARACTER SET utf8mb4 COLLATE utf8mb4_0900_ai_ci NOT NULL DEFAULT '' COMMENT '任务名称',
  `job_group` varchar(64) CHARACTER SET utf8mb4 COLLATE utf8mb4_0900_ai_ci NOT NULL DEFAULT 'DEFAULT' COMMENT '任务组名',
  `invoke_target` varchar(500) CHARACTER SET utf8mb4 COLLATE utf8mb4_0900_ai_ci NOT NULL COMMENT '调用目标字符串',
  `cron_expression` varchar(255) CHARACTER SET utf8mb4 COLLATE utf8mb4_0900_ai_ci DEFAULT '' COMMENT 'cron执行表达式',
  `misfire_policy` varchar(20) CHARACTER SET utf8mb4 COLLATE utf8mb4_0900_ai_ci DEFAULT '3' COMMENT '计划执行错误策略（1立即执行 2执行一次 3放弃执行）',
  `concurrent` char(1) CHARACTER SET utf8mb4 COLLATE utf8mb4_0900_ai_ci DEFAULT '1' COMMENT '是否并发执行（0允许 1禁止）',
  `status` char(1) CHARACTER SET utf8mb4 COLLATE utf8mb4_0900_ai_ci DEFAULT '0' COMMENT '状态（0正常 1暂停）',
  `create_by` varchar(64) CHARACTER SET utf8mb4 COLLATE utf8mb4_0900_ai_ci DEFAULT '' COMMENT '创建者',
  `create_time` datetime(0) DEFAULT NULL COMMENT '创建时间',
  `update_by` varchar(64) CHARACTER SET utf8mb4 COLLATE utf8mb4_0900_ai_ci DEFAULT '' COMMENT '更新者',
  `update_time` datetime(0) DEFAULT NULL COMMENT '更新时间',
  `remark` varchar(500) CHARACTER SET utf8mb4 COLLATE utf8mb4_0900_ai_ci DEFAULT '' COMMENT '备注信息',
  PRIMARY KEY (`job_id`, `job_name`, `job_group`) USING BTREE
) ENGINE = InnoDB AUTO_INCREMENT = 3 CHARACTER SET = utf8mb4 COLLATE = utf8mb4_0900_ai_ci COMMENT = '定时任务调度表' ROW_FORMAT = Dynamic;

-- ----------------------------
-- Records of sys_job
-- ----------------------------
INSERT INTO `sys_job` VALUES (1, '系统默认（无参）', 'DEFAULT', 'ryTask.ryNoParams', '0/10 * * * * ?', '3', '1', '1', 'admin', '2025-11-24 13:10:39', '', NULL, '');
INSERT INTO `sys_job` VALUES (2, '系统默认（有参）', 'DEFAULT', 'ryTask.ryParams(\'ry\')', '0/15 * * * * ?', '3', '1', '1', 'admin', '2025-11-24 13:10:39', '', NULL, '');
INSERT INTO `sys_job` VALUES (3, '系统默认（多参）', 'DEFAULT', 'ryTask.ryMultipleParams(\'ry\', true, 2000L, 316.50D, 100)', '0/20 * * * * ?', '3', '1', '1', 'admin', '2025-11-24 13:10:39', '', NULL, '');

-- ----------------------------
-- Table structure for sys_job_log
-- ----------------------------
DROP TABLE IF EXISTS `sys_job_log`;
CREATE TABLE `sys_job_log`  (
  `job_log_id` bigint(0) NOT NULL AUTO_INCREMENT COMMENT '任务日志ID',
  `job_name` varchar(64) CHARACTER SET utf8mb4 COLLATE utf8mb4_0900_ai_ci NOT NULL COMMENT '任务名称',
  `job_group` varchar(64) CHARACTER SET utf8mb4 COLLATE utf8mb4_0900_ai_ci NOT NULL COMMENT '任务组名',
  `invoke_target` varchar(500) CHARACTER SET utf8mb4 COLLATE utf8mb4_0900_ai_ci NOT NULL COMMENT '调用目标字符串',
  `job_message` varchar(500) CHARACTER SET utf8mb4 COLLATE utf8mb4_0900_ai_ci DEFAULT NULL COMMENT '日志信息',
  `status` char(1) CHARACTER SET utf8mb4 COLLATE utf8mb4_0900_ai_ci DEFAULT '0' COMMENT '执行状态（0正常 1失败）',
  `exception_info` varchar(2000) CHARACTER SET utf8mb4 COLLATE utf8mb4_0900_ai_ci DEFAULT '' COMMENT '异常信息',
  `create_time` datetime(0) DEFAULT NULL COMMENT '创建时间',
  PRIMARY KEY (`job_log_id`) USING BTREE
) ENGINE = InnoDB CHARACTER SET = utf8mb4 COLLATE = utf8mb4_0900_ai_ci COMMENT = '定时任务调度日志表' ROW_FORMAT = Dynamic;

-- ----------------------------
-- Table structure for sys_logininfor
-- ----------------------------
DROP TABLE IF EXISTS `sys_logininfor`;
CREATE TABLE `sys_logininfor`  (
  `info_id` bigint(0) NOT NULL AUTO_INCREMENT COMMENT '访问ID',
  `user_name` varchar(50) CHARACTER SET utf8mb4 COLLATE utf8mb4_0900_ai_ci DEFAULT '' COMMENT '用户账号',
  `ipaddr` varchar(128) CHARACTER SET utf8mb4 COLLATE utf8mb4_0900_ai_ci DEFAULT '' COMMENT '登录IP地址',
  `login_location` varchar(255) CHARACTER SET utf8mb4 COLLATE utf8mb4_0900_ai_ci DEFAULT '' COMMENT '登录地点',
  `browser` varchar(50) CHARACTER SET utf8mb4 COLLATE utf8mb4_0900_ai_ci DEFAULT '' COMMENT '浏览器类型',
  `os` varchar(50) CHARACTER SET utf8mb4 COLLATE utf8mb4_0900_ai_ci DEFAULT '' COMMENT '操作系统',
  `status` char(1) CHARACTER SET utf8mb4 COLLATE utf8mb4_0900_ai_ci DEFAULT '0' COMMENT '登录状态（0成功 1失败）',
  `msg` varchar(255) CHARACTER SET utf8mb4 COLLATE utf8mb4_0900_ai_ci DEFAULT '' COMMENT '提示消息',
  `login_time` datetime(0) DEFAULT NULL COMMENT '访问时间',
  PRIMARY KEY (`info_id`) USING BTREE,
  INDEX `idx_sys_logininfor_s`(`status`) USING BTREE,
  INDEX `idx_sys_logininfor_lt`(`login_time`) USING BTREE
) ENGINE = InnoDB AUTO_INCREMENT = 166 CHARACTER SET = utf8mb4 COLLATE = utf8mb4_0900_ai_ci COMMENT = '系统访问记录' ROW_FORMAT = Dynamic;

-- ----------------------------
-- Records of sys_logininfor
-- ----------------------------
INSERT INTO `sys_logininfor` VALUES (100, 'admin', '127.0.0.1', '内网IP', 'Chrome 14', 'Windows 10', '0', '登录成功', '2025-11-24 13:11:12');
INSERT INTO `sys_logininfor` VALUES (101, 'admin', '127.0.0.1', '内网IP', 'Chrome 14', 'Windows 10', '0', '登录成功', '2025-11-24 22:57:15');
INSERT INTO `sys_logininfor` VALUES (102, 'admin', '127.0.0.1', '内网IP', 'Chrome 14', 'Windows 10', '1', '验证码已失效', '2025-11-25 12:48:36');
INSERT INTO `sys_logininfor` VALUES (103, 'admin', '127.0.0.1', '内网IP', 'Chrome 14', 'Windows 10', '0', '登录成功', '2025-11-25 12:48:39');
INSERT INTO `sys_logininfor` VALUES (104, 'admin', '127.0.0.1', '内网IP', 'Chrome 14', 'Windows 10', '0', '登录成功', '2025-11-25 12:54:28');
INSERT INTO `sys_logininfor` VALUES (105, 'admin', '127.0.0.1', '内网IP', 'Chrome 14', 'Windows 10', '0', '登录成功', '2025-11-25 19:22:20');
INSERT INTO `sys_logininfor` VALUES (106, 'admin', '127.0.0.1', '内网IP', 'Chrome 14', 'Windows 10', '0', '登录成功', '2025-11-25 22:55:10');
INSERT INTO `sys_logininfor` VALUES (107, 'admin', '127.0.0.1', '内网IP', 'Chrome 14', 'Windows 10', '0', '登录成功', '2025-11-26 12:40:47');
INSERT INTO `sys_logininfor` VALUES (108, 'admin', '127.0.0.1', '内网IP', 'Chrome 14', 'Windows 10', '1', '验证码错误', '2025-11-26 19:31:42');
INSERT INTO `sys_logininfor` VALUES (109, 'admin', '127.0.0.1', '内网IP', 'Chrome 14', 'Windows 10', '0', '登录成功', '2025-11-26 19:31:47');
INSERT INTO `sys_logininfor` VALUES (110, 'admin', '127.0.0.1', '内网IP', 'Chrome 14', 'Windows 10', '0', '登录成功', '2025-11-26 22:58:09');
INSERT INTO `sys_logininfor` VALUES (111, 'admin', '127.0.0.1', '内网IP', 'Chrome 14', 'Windows 10', '0', '登录成功', '2025-11-27 19:33:05');
INSERT INTO `sys_logininfor` VALUES (112, 'admin', '127.0.0.1', '内网IP', 'Chrome 14', 'Windows 10', '0', '登录成功', '2025-11-27 22:59:32');
INSERT INTO `sys_logininfor` VALUES (113, 'admin', '127.0.0.1', '内网IP', 'Chrome 14', 'Windows 10', '0', '登录成功', '2025-11-28 12:28:46');
INSERT INTO `sys_logininfor` VALUES (114, 'admin', '127.0.0.1', '内网IP', 'Chrome 14', 'Windows 10', '0', '退出成功', '2025-11-28 12:59:09');
INSERT INTO `sys_logininfor` VALUES (115, 'ry', '127.0.0.1', '内网IP', 'Chrome 14', 'Windows 10', '1', '验证码错误', '2025-11-28 12:59:15');
INSERT INTO `sys_logininfor` VALUES (116, 'ry', '127.0.0.1', '内网IP', 'Chrome 14', 'Windows 10', '1', '用户不存在/密码错误', '2025-11-28 12:59:18');
INSERT INTO `sys_logininfor` VALUES (117, 'ry', '127.0.0.1', '内网IP', 'Chrome 14', 'Windows 10', '1', '验证码错误', '2025-11-28 12:59:26');
INSERT INTO `sys_logininfor` VALUES (118, 'admin', '127.0.0.1', '内网IP', 'Chrome 14', 'Windows 10', '0', '登录成功', '2025-11-28 12:59:36');
INSERT INTO `sys_logininfor` VALUES (119, 'admin', '127.0.0.1', '内网IP', 'Chrome 14', 'Windows 10', '0', '退出成功', '2025-11-28 12:59:53');
INSERT INTO `sys_logininfor` VALUES (120, 'ry', '127.0.0.1', '内网IP', 'Chrome 14', 'Windows 10', '0', '登录成功', '2025-11-28 13:00:00');
INSERT INTO `sys_logininfor` VALUES (121, 'ry', '127.0.0.1', '内网IP', 'Chrome 14', 'Windows 10', '0', '退出成功', '2025-11-28 13:00:08');
INSERT INTO `sys_logininfor` VALUES (122, 'admin', '127.0.0.1', '内网IP', 'Chrome 14', 'Windows 10', '0', '登录成功', '2025-11-28 13:01:04');
INSERT INTO `sys_logininfor` VALUES (123, 'admin', '127.0.0.1', '内网IP', 'Chrome 14', 'Windows 10', '0', '退出成功', '2025-11-28 13:01:17');
INSERT INTO `sys_logininfor` VALUES (124, 'ry', '127.0.0.1', '内网IP', 'Chrome 14', 'Windows 10', '0', '登录成功', '2025-11-28 13:01:23');
INSERT INTO `sys_logininfor` VALUES (125, 'ry', '127.0.0.1', '内网IP', 'Chrome 14', 'Windows 10', '0', '退出成功', '2025-11-28 13:29:12');
INSERT INTO `sys_logininfor` VALUES (126, 'admin', '127.0.0.1', '内网IP', 'Chrome 14', 'Windows 10', '0', '登录成功', '2025-11-28 13:29:15');
INSERT INTO `sys_logininfor` VALUES (127, 'admin', '127.0.0.1', '内网IP', 'Chrome 14', 'Windows 10', '0', '登录成功', '2025-11-28 19:20:53');
INSERT INTO `sys_logininfor` VALUES (128, 'admin', '127.0.0.1', '内网IP', 'Chrome 14', 'Windows 10', '0', '退出成功', '2025-11-28 19:29:56');
INSERT INTO `sys_logininfor` VALUES (129, 'ry', '127.0.0.1', '内网IP', 'Chrome 14', 'Windows 10', '0', '登录成功', '2025-11-28 19:30:08');
INSERT INTO `sys_logininfor` VALUES (130, 'ry', '127.0.0.1', '内网IP', 'Chrome 14', 'Windows 10', '0', '退出成功', '2025-11-28 20:10:15');
INSERT INTO `sys_logininfor` VALUES (131, 'admin', '127.0.0.1', '内网IP', 'Chrome 14', 'Windows 10', '0', '登录成功', '2025-11-28 20:10:18');
INSERT INTO `sys_logininfor` VALUES (132, 'admin', '127.0.0.1', '内网IP', 'Chrome 14', 'Windows 10', '0', '登录成功', '2025-11-28 23:01:28');
INSERT INTO `sys_logininfor` VALUES (133, 'admin', '127.0.0.1', '内网IP', 'Chrome 14', 'Windows 10', '0', '退出成功', '2025-11-28 23:45:43');
INSERT INTO `sys_logininfor` VALUES (134, 'ry', '127.0.0.1', '内网IP', 'Chrome 14', 'Windows 10', '0', '登录成功', '2025-11-28 23:45:51');
INSERT INTO `sys_logininfor` VALUES (135, 'ry', '127.0.0.1', '内网IP', 'Chrome 14', 'Windows 10', '0', '退出成功', '2025-11-28 23:46:29');
INSERT INTO `sys_logininfor` VALUES (136, 'admin', '127.0.0.1', '内网IP', 'Chrome 14', 'Windows 10', '0', '登录成功', '2025-11-28 23:46:32');
INSERT INTO `sys_logininfor` VALUES (137, 'admin', '127.0.0.1', '内网IP', 'Chrome 14', 'Windows 10', '0', '退出成功', '2025-11-28 23:58:05');
INSERT INTO `sys_logininfor` VALUES (138, 'ry', '127.0.0.1', '内网IP', 'Chrome 14', 'Windows 10', '0', '登录成功', '2025-11-28 23:58:25');
INSERT INTO `sys_logininfor` VALUES (139, 'ry', '127.0.0.1', '内网IP', 'Chrome 14', 'Windows 10', '0', '退出成功', '2025-11-28 23:59:03');
INSERT INTO `sys_logininfor` VALUES (140, 'admin', '127.0.0.1', '内网IP', 'Chrome 14', 'Windows 10', '0', '登录成功', '2025-11-28 23:59:07');
INSERT INTO `sys_logininfor` VALUES (141, 'admin', '127.0.0.1', '内网IP', 'Chrome 14', 'Windows 10', '0', '退出成功', '2025-11-29 00:01:30');
INSERT INTO `sys_logininfor` VALUES (142, 'ry', '127.0.0.1', '内网IP', 'Chrome 14', 'Windows 10', '0', '登录成功', '2025-11-29 00:01:38');
INSERT INTO `sys_logininfor` VALUES (143, 'ry', '127.0.0.1', '内网IP', 'Chrome 14', 'Windows 10', '0', '退出成功', '2025-11-29 00:01:55');
INSERT INTO `sys_logininfor` VALUES (144, 'admin', '127.0.0.1', '内网IP', 'Chrome 14', 'Windows 10', '0', '登录成功', '2025-11-29 00:01:58');
INSERT INTO `sys_logininfor` VALUES (145, 'admin', '127.0.0.1', '内网IP', 'Chrome 14', 'Windows 10', '0', '退出成功', '2025-11-29 00:03:04');
INSERT INTO `sys_logininfor` VALUES (146, 'ry', '127.0.0.1', '内网IP', 'Chrome 14', 'Windows 10', '0', '登录成功', '2025-11-29 00:03:11');
INSERT INTO `sys_logininfor` VALUES (147, 'ry', '127.0.0.1', '内网IP', 'Chrome 14', 'Windows 10', '0', '退出成功', '2025-11-29 00:04:47');
INSERT INTO `sys_logininfor` VALUES (148, 'admin', '127.0.0.1', '内网IP', 'Chrome 14', 'Windows 10', '0', '登录成功', '2025-11-29 00:04:51');
INSERT INTO `sys_logininfor` VALUES (149, 'admin', '127.0.0.1', '内网IP', 'Chrome 14', 'Windows 10', '0', '退出成功', '2025-11-29 00:35:11');
INSERT INTO `sys_logininfor` VALUES (150, 'ry', '127.0.0.1', '内网IP', 'Chrome 14', 'Windows 10', '0', '登录成功', '2025-11-29 00:35:19');
INSERT INTO `sys_logininfor` VALUES (151, 'ry', '127.0.0.1', '内网IP', 'Chrome 14', 'Windows 10', '0', '退出成功', '2025-11-29 00:35:36');
INSERT INTO `sys_logininfor` VALUES (152, 'admin', '127.0.0.1', '内网IP', 'Chrome 14', 'Windows 10', '0', '登录成功', '2025-11-29 00:35:39');
INSERT INTO `sys_logininfor` VALUES (153, 'admin', '127.0.0.1', '内网IP', 'Chrome 14', 'Windows 10', '0', '退出成功', '2025-11-29 00:38:21');
INSERT INTO `sys_logininfor` VALUES (154, 'ry', '127.0.0.1', '内网IP', 'Chrome 14', 'Windows 10', '0', '登录成功', '2025-11-29 00:38:29');
INSERT INTO `sys_logininfor` VALUES (155, 'ry', '127.0.0.1', '内网IP', 'Chrome 14', 'Windows 10', '0', '退出成功', '2025-11-29 00:39:34');
INSERT INTO `sys_logininfor` VALUES (156, 'admin', '127.0.0.1', '内网IP', 'Chrome 14', 'Windows 10', '0', '登录成功', '2025-11-29 00:39:38');
INSERT INTO `sys_logininfor` VALUES (157, 'admin', '127.0.0.1', '内网IP', 'Chrome 14', 'Windows 10', '0', '退出成功', '2025-11-29 00:40:12');
INSERT INTO `sys_logininfor` VALUES (158, 'ry', '127.0.0.1', '内网IP', 'Chrome 14', 'Windows 10', '0', '登录成功', '2025-11-29 00:40:22');
INSERT INTO `sys_logininfor` VALUES (159, 'ry', '127.0.0.1', '内网IP', 'Chrome 14', 'Windows 10', '0', '退出成功', '2025-11-29 00:40:47');
INSERT INTO `sys_logininfor` VALUES (160, 'admin', '127.0.0.1', '内网IP', 'Chrome 14', 'Windows 10', '0', '登录成功', '2025-11-29 00:40:50');
INSERT INTO `sys_logininfor` VALUES (161, 'admin', '127.0.0.1', '内网IP', 'Chrome 14', 'Windows 10', '0', '退出成功', '2025-11-29 00:42:00');
INSERT INTO `sys_logininfor` VALUES (162, 'admin', '127.0.0.1', '内网IP', 'Chrome 14', 'Windows 10', '1', '验证码已失效', '2025-11-29 00:49:13');
INSERT INTO `sys_logininfor` VALUES (163, 'admin', '127.0.0.1', '内网IP', 'Chrome 14', 'Windows 10', '0', '登录成功', '2025-11-29 00:49:16');
INSERT INTO `sys_logininfor` VALUES (164, 'admin', '127.0.0.1', '内网IP', 'Chrome 14', 'Windows 10', '0', '登录成功', '2025-11-29 20:11:43');
INSERT INTO `sys_logininfor` VALUES (165, 'admin', '127.0.0.1', '内网IP', 'Chrome 14', 'Windows 10', '0', '登录成功', '2025-11-29 20:55:03');
INSERT INTO `sys_logininfor` VALUES (166, 'admin', '127.0.0.1', '内网IP', 'Chrome 14', 'Windows 10', '0', '退出成功', '2025-11-29 20:56:36');
INSERT INTO `sys_logininfor` VALUES (167, 'ry', '127.0.0.1', '内网IP', 'Chrome 14', 'Windows 10', '0', '登录成功', '2025-11-29 20:56:50');
INSERT INTO `sys_logininfor` VALUES (168, 'ry', '127.0.0.1', '内网IP', 'Chrome 14', 'Windows 10', '0', '退出成功', '2025-11-29 20:57:55');
INSERT INTO `sys_logininfor` VALUES (169, 'admin', '127.0.0.1', '内网IP', 'Chrome 14', 'Windows 10', '0', '登录成功', '2025-11-29 20:57:59');
INSERT INTO `sys_logininfor` VALUES (170, 'admin', '127.0.0.1', '内网IP', 'Chrome 14', 'Windows 10', '0', '退出成功', '2025-11-29 20:58:23');
INSERT INTO `sys_logininfor` VALUES (171, 'ry', '127.0.0.1', '内网IP', 'Chrome 14', 'Windows 10', '0', '登录成功', '2025-11-29 20:58:32');
INSERT INTO `sys_logininfor` VALUES (172, 'ry', '127.0.0.1', '内网IP', 'Chrome 14', 'Windows 10', '0', '退出成功', '2025-11-29 20:59:52');
INSERT INTO `sys_logininfor` VALUES (173, 'admin', '127.0.0.1', '内网IP', 'Chrome 14', 'Windows 10', '0', '登录成功', '2025-11-29 20:59:55');

-- ----------------------------
-- Table structure for sys_menu
-- ----------------------------
DROP TABLE IF EXISTS `sys_menu`;
CREATE TABLE `sys_menu`  (
  `menu_id` bigint(0) NOT NULL AUTO_INCREMENT COMMENT '菜单ID',
  `menu_name` varchar(50) CHARACTER SET utf8mb4 COLLATE utf8mb4_0900_ai_ci NOT NULL COMMENT '菜单名称',
  `parent_id` bigint(0) DEFAULT 0 COMMENT '父菜单ID',
  `order_num` int(0) DEFAULT 0 COMMENT '显示顺序',
  `path` varchar(200) CHARACTER SET utf8mb4 COLLATE utf8mb4_0900_ai_ci DEFAULT '' COMMENT '路由地址',
  `component` varchar(255) CHARACTER SET utf8mb4 COLLATE utf8mb4_0900_ai_ci DEFAULT NULL COMMENT '组件路径',
  `query` varchar(255) CHARACTER SET utf8mb4 COLLATE utf8mb4_0900_ai_ci DEFAULT NULL COMMENT '路由参数',
  `route_name` varchar(50) CHARACTER SET utf8mb4 COLLATE utf8mb4_0900_ai_ci DEFAULT '' COMMENT '路由名称',
  `is_frame` int(0) DEFAULT 1 COMMENT '是否为外链（0是 1否）',
  `is_cache` int(0) DEFAULT 0 COMMENT '是否缓存（0缓存 1不缓存）',
  `menu_type` char(1) CHARACTER SET utf8mb4 COLLATE utf8mb4_0900_ai_ci DEFAULT '' COMMENT '菜单类型（M目录 C菜单 F按钮）',
  `visible` char(1) CHARACTER SET utf8mb4 COLLATE utf8mb4_0900_ai_ci DEFAULT '0' COMMENT '菜单状态（0显示 1隐藏）',
  `status` char(1) CHARACTER SET utf8mb4 COLLATE utf8mb4_0900_ai_ci DEFAULT '0' COMMENT '菜单状态（0正常 1停用）',
  `perms` varchar(100) CHARACTER SET utf8mb4 COLLATE utf8mb4_0900_ai_ci DEFAULT NULL COMMENT '权限标识',
  `icon` varchar(100) CHARACTER SET utf8mb4 COLLATE utf8mb4_0900_ai_ci DEFAULT '#' COMMENT '菜单图标',
  `create_by` varchar(64) CHARACTER SET utf8mb4 COLLATE utf8mb4_0900_ai_ci DEFAULT '' COMMENT '创建者',
  `create_time` datetime(0) DEFAULT NULL COMMENT '创建时间',
  `update_by` varchar(64) CHARACTER SET utf8mb4 COLLATE utf8mb4_0900_ai_ci DEFAULT '' COMMENT '更新者',
  `update_time` datetime(0) DEFAULT NULL COMMENT '更新时间',
  `remark` varchar(500) CHARACTER SET utf8mb4 COLLATE utf8mb4_0900_ai_ci DEFAULT '' COMMENT '备注',
  PRIMARY KEY (`menu_id`) USING BTREE
) ENGINE = InnoDB AUTO_INCREMENT = 2033 CHARACTER SET = utf8mb4 COLLATE = utf8mb4_0900_ai_ci COMMENT = '菜单权限表' ROW_FORMAT = Dynamic;

-- ----------------------------
-- Records of sys_menu
-- ----------------------------
INSERT INTO `sys_menu` VALUES (1, '系统管理', 0, 0, 'system', NULL, '', '', 1, 0, 'M', '0', '0', '', 'system', 'admin', '2025-11-24 13:10:39', 'admin', '2025-11-25 13:21:32', '系统管理目录');
INSERT INTO `sys_menu` VALUES (3, '系统工具', 0, 3, 'tool', NULL, '', '', 1, 0, 'M', '0', '0', '', 'tool', 'admin', '2025-11-24 13:10:39', '', NULL, '系统工具目录');
INSERT INTO `sys_menu` VALUES (100, '用户信息', 2032, 0, 'user', 'system/user/index', '', '', 1, 0, 'C', '0', '0', 'system:user:list', 'user', 'admin', '2025-11-24 13:10:39', 'admin', '2025-11-25 13:21:22', '用户管理菜单');
INSERT INTO `sys_menu` VALUES (101, '角色管理', 2032, 2, 'role', 'system/role/index', '', '', 1, 0, 'C', '0', '0', 'system:role:list', 'peoples', 'admin', '2025-11-24 13:10:39', 'admin', '2025-11-25 13:21:15', '角色管理菜单');
INSERT INTO `sys_menu` VALUES (102, '菜单管理', 1, 3, 'menu', 'system/menu/index', '', '', 1, 0, 'C', '0', '0', 'system:menu:list', 'tree-table', 'admin', '2025-11-24 13:10:39', '', NULL, '菜单管理菜单');
INSERT INTO `sys_menu` VALUES (103, '部门管理', 1, 4, 'dept', 'system/dept/index', '', '', 1, 0, 'C', '0', '0', 'system:dept:list', 'tree', 'admin', '2025-11-24 13:10:39', '', NULL, '部门管理菜单');
INSERT INTO `sys_menu` VALUES (104, '岗位管理', 2032, 5, 'post', 'system/post/index', '', '', 1, 0, 'C', '0', '0', 'system:post:list', 'post', 'admin', '2025-11-24 13:10:39', 'admin', '2025-11-27 19:49:00', '岗位管理菜单');
INSERT INTO `sys_menu` VALUES (105, '字典管理', 1, 6, 'dict', 'system/dict/index', '', '', 1, 0, 'C', '0', '0', 'system:dict:list', 'dict', 'admin', '2025-11-24 13:10:39', '', NULL, '字典管理菜单');
INSERT INTO `sys_menu` VALUES (106, '参数设置', 1, 7, 'config', 'system/config/index', '', '', 1, 0, 'C', '0', '0', 'system:config:list', 'edit', 'admin', '2025-11-24 13:10:39', '', NULL, '参数设置菜单');
INSERT INTO `sys_menu` VALUES (107, '通知公告', 1, 8, 'notice', 'system/notice/index', '', '', 1, 0, 'C', '0', '0', 'system:notice:list', 'message', 'admin', '2025-11-24 13:10:39', '', NULL, '通知公告菜单');
INSERT INTO `sys_menu` VALUES (108, '日志管理', 1, 9, 'log', '', '', '', 1, 0, 'M', '0', '0', '', 'log', 'admin', '2025-11-24 13:10:39', '', NULL, '日志管理菜单');
INSERT INTO `sys_menu` VALUES (115, '表单构建', 3, 1, 'build', 'tool/build/index', '', '', 1, 0, 'C', '0', '0', 'tool:build:list', 'build', 'admin', '2025-11-24 13:10:39', '', NULL, '表单构建菜单');
INSERT INTO `sys_menu` VALUES (116, '代码生成', 3, 2, 'gen', 'tool/gen/index', '', '', 1, 0, 'C', '0', '0', 'tool:gen:list', 'code', 'admin', '2025-11-24 13:10:39', '', NULL, '代码生成菜单');
INSERT INTO `sys_menu` VALUES (117, '系统接口', 3, 3, 'swagger', 'tool/swagger/index', '', '', 1, 0, 'C', '0', '0', 'tool:swagger:list', 'swagger', 'admin', '2025-11-24 13:10:39', '', NULL, '系统接口菜单');
INSERT INTO `sys_menu` VALUES (500, '操作日志', 108, 1, 'operlog', 'monitor/operlog/index', '', '', 1, 0, 'C', '0', '0', 'monitor:operlog:list', 'form', 'admin', '2025-11-24 13:10:39', '', NULL, '操作日志菜单');
INSERT INTO `sys_menu` VALUES (501, '登录日志', 108, 2, 'logininfor', 'monitor/logininfor/index', '', '', 1, 0, 'C', '0', '0', 'monitor:logininfor:list', 'logininfor', 'admin', '2025-11-24 13:10:39', '', NULL, '登录日志菜单');
INSERT INTO `sys_menu` VALUES (1000, '用户查询', 100, 1, '', '', '', '', 1, 0, 'F', '0', '0', 'system:user:query', '#', 'admin', '2025-11-24 13:10:39', '', NULL, '');
INSERT INTO `sys_menu` VALUES (1001, '用户新增', 100, 2, '', '', '', '', 1, 0, 'F', '0', '0', 'system:user:add', '#', 'admin', '2025-11-24 13:10:39', '', NULL, '');
INSERT INTO `sys_menu` VALUES (1002, '用户修改', 100, 3, '', '', '', '', 1, 0, 'F', '0', '0', 'system:user:edit', '#', 'admin', '2025-11-24 13:10:39', '', NULL, '');
INSERT INTO `sys_menu` VALUES (1003, '用户删除', 100, 4, '', '', '', '', 1, 0, 'F', '0', '0', 'system:user:remove', '#', 'admin', '2025-11-24 13:10:39', '', NULL, '');
INSERT INTO `sys_menu` VALUES (1004, '用户导出', 100, 5, '', '', '', '', 1, 0, 'F', '0', '0', 'system:user:export', '#', 'admin', '2025-11-24 13:10:39', '', NULL, '');
INSERT INTO `sys_menu` VALUES (1005, '用户导入', 100, 6, '', '', '', '', 1, 0, 'F', '0', '0', 'system:user:import', '#', 'admin', '2025-11-24 13:10:39', '', NULL, '');
INSERT INTO `sys_menu` VALUES (1006, '重置密码', 100, 7, '', '', '', '', 1, 0, 'F', '0', '0', 'system:user:resetPwd', '#', 'admin', '2025-11-24 13:10:39', '', NULL, '');
INSERT INTO `sys_menu` VALUES (1007, '角色查询', 101, 1, '', '', '', '', 1, 0, 'F', '0', '0', 'system:role:query', '#', 'admin', '2025-11-24 13:10:39', '', NULL, '');
INSERT INTO `sys_menu` VALUES (1008, '角色新增', 101, 2, '', '', '', '', 1, 0, 'F', '0', '0', 'system:role:add', '#', 'admin', '2025-11-24 13:10:39', '', NULL, '');
INSERT INTO `sys_menu` VALUES (1009, '角色修改', 101, 3, '', '', '', '', 1, 0, 'F', '0', '0', 'system:role:edit', '#', 'admin', '2025-11-24 13:10:39', '', NULL, '');
INSERT INTO `sys_menu` VALUES (1010, '角色删除', 101, 4, '', '', '', '', 1, 0, 'F', '0', '0', 'system:role:remove', '#', 'admin', '2025-11-24 13:10:39', '', NULL, '');
INSERT INTO `sys_menu` VALUES (1011, '角色导出', 101, 5, '', '', '', '', 1, 0, 'F', '0', '0', 'system:role:export', '#', 'admin', '2025-11-24 13:10:39', '', NULL, '');
INSERT INTO `sys_menu` VALUES (1012, '菜单查询', 102, 1, '', '', '', '', 1, 0, 'F', '0', '0', 'system:menu:query', '#', 'admin', '2025-11-24 13:10:39', '', NULL, '');
INSERT INTO `sys_menu` VALUES (1013, '菜单新增', 102, 2, '', '', '', '', 1, 0, 'F', '0', '0', 'system:menu:add', '#', 'admin', '2025-11-24 13:10:39', '', NULL, '');
INSERT INTO `sys_menu` VALUES (1014, '菜单修改', 102, 3, '', '', '', '', 1, 0, 'F', '0', '0', 'system:menu:edit', '#', 'admin', '2025-11-24 13:10:39', '', NULL, '');
INSERT INTO `sys_menu` VALUES (1015, '菜单删除', 102, 4, '', '', '', '', 1, 0, 'F', '0', '0', 'system:menu:remove', '#', 'admin', '2025-11-24 13:10:39', '', NULL, '');
INSERT INTO `sys_menu` VALUES (1016, '部门查询', 103, 1, '', '', '', '', 1, 0, 'F', '0', '0', 'system:dept:query', '#', 'admin', '2025-11-24 13:10:39', '', NULL, '');
INSERT INTO `sys_menu` VALUES (1017, '部门新增', 103, 2, '', '', '', '', 1, 0, 'F', '0', '0', 'system:dept:add', '#', 'admin', '2025-11-24 13:10:39', '', NULL, '');
INSERT INTO `sys_menu` VALUES (1018, '部门修改', 103, 3, '', '', '', '', 1, 0, 'F', '0', '0', 'system:dept:edit', '#', 'admin', '2025-11-24 13:10:39', '', NULL, '');
INSERT INTO `sys_menu` VALUES (1019, '部门删除', 103, 4, '', '', '', '', 1, 0, 'F', '0', '0', 'system:dept:remove', '#', 'admin', '2025-11-24 13:10:39', '', NULL, '');
INSERT INTO `sys_menu` VALUES (1020, '岗位查询', 104, 1, '', '', '', '', 1, 0, 'F', '0', '0', 'system:post:query', '#', 'admin', '2025-11-24 13:10:39', '', NULL, '');
INSERT INTO `sys_menu` VALUES (1021, '岗位新增', 104, 2, '', '', '', '', 1, 0, 'F', '0', '0', 'system:post:add', '#', 'admin', '2025-11-24 13:10:39', '', NULL, '');
INSERT INTO `sys_menu` VALUES (1022, '岗位修改', 104, 3, '', '', '', '', 1, 0, 'F', '0', '0', 'system:post:edit', '#', 'admin', '2025-11-24 13:10:39', '', NULL, '');
INSERT INTO `sys_menu` VALUES (1023, '岗位删除', 104, 4, '', '', '', '', 1, 0, 'F', '0', '0', 'system:post:remove', '#', 'admin', '2025-11-24 13:10:39', '', NULL, '');
INSERT INTO `sys_menu` VALUES (1024, '岗位导出', 104, 5, '', '', '', '', 1, 0, 'F', '0', '0', 'system:post:export', '#', 'admin', '2025-11-24 13:10:39', '', NULL, '');
INSERT INTO `sys_menu` VALUES (1025, '字典查询', 105, 1, '#', '', '', '', 1, 0, 'F', '0', '0', 'system:dict:query', '#', 'admin', '2025-11-24 13:10:39', '', NULL, '');
INSERT INTO `sys_menu` VALUES (1026, '字典新增', 105, 2, '#', '', '', '', 1, 0, 'F', '0', '0', 'system:dict:add', '#', 'admin', '2025-11-24 13:10:39', '', NULL, '');
INSERT INTO `sys_menu` VALUES (1027, '字典修改', 105, 3, '#', '', '', '', 1, 0, 'F', '0', '0', 'system:dict:edit', '#', 'admin', '2025-11-24 13:10:39', '', NULL, '');
INSERT INTO `sys_menu` VALUES (1028, '字典删除', 105, 4, '#', '', '', '', 1, 0, 'F', '0', '0', 'system:dict:remove', '#', 'admin', '2025-11-24 13:10:39', '', NULL, '');
INSERT INTO `sys_menu` VALUES (1029, '字典导出', 105, 5, '#', '', '', '', 1, 0, 'F', '0', '0', 'system:dict:export', '#', 'admin', '2025-11-24 13:10:39', '', NULL, '');
INSERT INTO `sys_menu` VALUES (1030, '参数查询', 106, 1, '#', '', '', '', 1, 0, 'F', '0', '0', 'system:config:query', '#', 'admin', '2025-11-24 13:10:39', '', NULL, '');
INSERT INTO `sys_menu` VALUES (1031, '参数新增', 106, 2, '#', '', '', '', 1, 0, 'F', '0', '0', 'system:config:add', '#', 'admin', '2025-11-24 13:10:39', '', NULL, '');
INSERT INTO `sys_menu` VALUES (1032, '参数修改', 106, 3, '#', '', '', '', 1, 0, 'F', '0', '0', 'system:config:edit', '#', 'admin', '2025-11-24 13:10:39', '', NULL, '');
INSERT INTO `sys_menu` VALUES (1033, '参数删除', 106, 4, '#', '', '', '', 1, 0, 'F', '0', '0', 'system:config:remove', '#', 'admin', '2025-11-24 13:10:39', '', NULL, '');
INSERT INTO `sys_menu` VALUES (1034, '参数导出', 106, 5, '#', '', '', '', 1, 0, 'F', '0', '0', 'system:config:export', '#', 'admin', '2025-11-24 13:10:39', '', NULL, '');
INSERT INTO `sys_menu` VALUES (1035, '公告查询', 107, 1, '#', '', '', '', 1, 0, 'F', '0', '0', 'system:notice:query', '#', 'admin', '2025-11-24 13:10:39', '', NULL, '');
INSERT INTO `sys_menu` VALUES (1036, '公告新增', 107, 2, '#', '', '', '', 1, 0, 'F', '0', '0', 'system:notice:add', '#', 'admin', '2025-11-24 13:10:39', '', NULL, '');
INSERT INTO `sys_menu` VALUES (1037, '公告修改', 107, 3, '#', '', '', '', 1, 0, 'F', '0', '0', 'system:notice:edit', '#', 'admin', '2025-11-24 13:10:39', '', NULL, '');
INSERT INTO `sys_menu` VALUES (1038, '公告删除', 107, 4, '#', '', '', '', 1, 0, 'F', '0', '0', 'system:notice:remove', '#', 'admin', '2025-11-24 13:10:39', '', NULL, '');
INSERT INTO `sys_menu` VALUES (1039, '操作查询', 500, 1, '#', '', '', '', 1, 0, 'F', '0', '0', 'monitor:operlog:query', '#', 'admin', '2025-11-24 13:10:39', '', NULL, '');
INSERT INTO `sys_menu` VALUES (1040, '操作删除', 500, 2, '#', '', '', '', 1, 0, 'F', '0', '0', 'monitor:operlog:remove', '#', 'admin', '2025-11-24 13:10:39', '', NULL, '');
INSERT INTO `sys_menu` VALUES (1041, '日志导出', 500, 3, '#', '', '', '', 1, 0, 'F', '0', '0', 'monitor:operlog:export', '#', 'admin', '2025-11-24 13:10:39', '', NULL, '');
INSERT INTO `sys_menu` VALUES (1042, '登录查询', 501, 1, '#', '', '', '', 1, 0, 'F', '0', '0', 'monitor:logininfor:query', '#', 'admin', '2025-11-24 13:10:39', '', NULL, '');
INSERT INTO `sys_menu` VALUES (1043, '登录删除', 501, 2, '#', '', '', '', 1, 0, 'F', '0', '0', 'monitor:logininfor:remove', '#', 'admin', '2025-11-24 13:10:39', '', NULL, '');
INSERT INTO `sys_menu` VALUES (1044, '日志导出', 501, 3, '#', '', '', '', 1, 0, 'F', '0', '0', 'monitor:logininfor:export', '#', 'admin', '2025-11-24 13:10:39', '', NULL, '');
INSERT INTO `sys_menu` VALUES (1045, '账户解锁', 501, 4, '#', '', '', '', 1, 0, 'F', '0', '0', 'monitor:logininfor:unlock', '#', 'admin', '2025-11-24 13:10:39', '', NULL, '');
INSERT INTO `sys_menu` VALUES (1055, '生成查询', 116, 1, '#', '', '', '', 1, 0, 'F', '0', '0', 'tool:gen:query', '#', 'admin', '2025-11-24 13:10:39', '', NULL, '');
INSERT INTO `sys_menu` VALUES (1056, '生成修改', 116, 2, '#', '', '', '', 1, 0, 'F', '0', '0', 'tool:gen:edit', '#', 'admin', '2025-11-24 13:10:39', '', NULL, '');
INSERT INTO `sys_menu` VALUES (1057, '生成删除', 116, 3, '#', '', '', '', 1, 0, 'F', '0', '0', 'tool:gen:remove', '#', 'admin', '2025-11-24 13:10:39', '', NULL, '');
INSERT INTO `sys_menu` VALUES (1058, '导入代码', 116, 4, '#', '', '', '', 1, 0, 'F', '0', '0', 'tool:gen:import', '#', 'admin', '2025-11-24 13:10:39', '', NULL, '');
INSERT INTO `sys_menu` VALUES (1059, '预览代码', 116, 5, '#', '', '', '', 1, 0, 'F', '0', '0', 'tool:gen:preview', '#', 'admin', '2025-11-24 13:10:39', '', NULL, '');
INSERT INTO `sys_menu` VALUES (1060, '生成代码', 116, 6, '#', '', '', '', 1, 0, 'F', '0', '0', 'tool:gen:code', '#', 'admin', '2025-11-24 13:10:39', '', NULL, '');
INSERT INTO `sys_menu` VALUES (2001, '班次管理', 0, 2, 'layout', NULL, NULL, '', 1, 0, 'M', '0', '0', '', 'druid', 'admin', '2025-11-24 23:19:21', 'admin', '2025-11-25 13:21:57', '');
INSERT INTO `sys_menu` VALUES (2008, '员工信息', 2032, 1, 'employees', 'employees/employees/index', NULL, '', 1, 0, 'C', '0', '0', 'employees:employees:list', 'phone', 'admin', '2025-11-25 13:07:01', 'admin', '2025-11-25 13:21:01', '员工信息菜单');
INSERT INTO `sys_menu` VALUES (2009, '员工信息查询', 2008, 1, '#', '', NULL, '', 1, 0, 'F', '0', '0', 'employees:employees:query', '#', 'admin', '2025-11-25 13:07:01', '', NULL, '');
INSERT INTO `sys_menu` VALUES (2010, '员工信息新增', 2008, 2, '#', '', NULL, '', 1, 0, 'F', '0', '0', 'employees:employees:add', '#', 'admin', '2025-11-25 13:07:01', '', NULL, '');
INSERT INTO `sys_menu` VALUES (2011, '员工信息修改', 2008, 3, '#', '', NULL, '', 1, 0, 'F', '0', '0', 'employees:employees:edit', '#', 'admin', '2025-11-25 13:07:01', '', NULL, '');
INSERT INTO `sys_menu` VALUES (2012, '员工信息删除', 2008, 4, '#', '', NULL, '', 1, 0, 'F', '0', '0', 'employees:employees:remove', '#', 'admin', '2025-11-25 13:07:01', '', NULL, '');
INSERT INTO `sys_menu` VALUES (2013, '员工信息导出', 2008, 5, '#', '', NULL, '', 1, 0, 'F', '0', '0', 'employees:employees:export', '#', 'admin', '2025-11-25 13:07:01', '', NULL, '');
INSERT INTO `sys_menu` VALUES (2014, '班次情况', 2001, 1, 'shifts', 'shifts/shifts/index', NULL, '', 1, 0, 'C', '0', '0', 'shifts:shifts:list', 'table', 'admin', '2025-11-25 13:10:12', 'admin', '2025-11-27 20:07:44', '班次情况菜单');
INSERT INTO `sys_menu` VALUES (2015, '班次情况查询', 2014, 1, '#', '', NULL, '', 1, 0, 'F', '0', '0', 'shifts:shifts:query', '#', 'admin', '2025-11-25 13:10:12', '', NULL, '');
INSERT INTO `sys_menu` VALUES (2016, '班次情况新增', 2014, 2, '#', '', NULL, '', 1, 0, 'F', '0', '0', 'shifts:shifts:add', '#', 'admin', '2025-11-25 13:10:12', '', NULL, '');
INSERT INTO `sys_menu` VALUES (2017, '班次情况修改', 2014, 3, '#', '', NULL, '', 1, 0, 'F', '0', '0', 'shifts:shifts:edit', '#', 'admin', '2025-11-25 13:10:12', '', NULL, '');
INSERT INTO `sys_menu` VALUES (2018, '班次情况删除', 2014, 4, '#', '', NULL, '', 1, 0, 'F', '0', '0', 'shifts:shifts:remove', '#', 'admin', '2025-11-25 13:10:12', '', NULL, '');
INSERT INTO `sys_menu` VALUES (2019, '班次情况导出', 2014, 5, '#', '', NULL, '', 1, 0, 'F', '0', '0', 'shifts:shifts:export', '#', 'admin', '2025-11-25 13:10:12', '', NULL, '');
INSERT INTO `sys_menu` VALUES (2020, '替换申请', 2001, 3, 'requests', 'requests/requests/index', NULL, '', 1, 0, 'C', '0', '0', 'requests:requests:list', 'skill', 'admin', '2025-11-25 13:10:19', 'admin', '2025-11-27 20:08:04', '替换申请菜单');
INSERT INTO `sys_menu` VALUES (2021, '替换申请查询', 2020, 1, '#', '', NULL, '', 1, 0, 'F', '0', '0', 'requests:requests:query', '#', 'admin', '2025-11-25 13:10:19', '', NULL, '');
INSERT INTO `sys_menu` VALUES (2022, '替换申请新增', 2020, 2, '#', '', NULL, '', 1, 0, 'F', '0', '0', 'requests:requests:add', '#', 'admin', '2025-11-25 13:10:19', '', NULL, '');
INSERT INTO `sys_menu` VALUES (2023, '替换申请修改', 2020, 3, '#', '', NULL, '', 1, 0, 'F', '0', '0', 'requests:requests:edit', '#', 'admin', '2025-11-25 13:10:19', '', NULL, '');
INSERT INTO `sys_menu` VALUES (2024, '替换申请删除', 2020, 4, '#', '', NULL, '', 1, 0, 'F', '0', '0', 'requests:requests:remove', '#', 'admin', '2025-11-25 13:10:19', '', NULL, '');
INSERT INTO `sys_menu` VALUES (2025, '替换申请导出', 2020, 5, '#', '', NULL, '', 1, 0, 'F', '0', '0', 'requests:requests:export', '#', 'admin', '2025-11-25 13:10:19', '', NULL, '');
INSERT INTO `sys_menu` VALUES (2026, '排班情况', 2001, 2, 'scheduling', 'scheduling/scheduling/index', NULL, '', 1, 0, 'C', '0', '0', 'scheduling:scheduling:list', 'tab', 'admin', '2025-11-25 13:10:22', 'admin', '2025-11-27 20:07:51', '排班情况菜单');
INSERT INTO `sys_menu` VALUES (2027, '排班情况查询', 2026, 1, '#', '', NULL, '', 1, 0, 'F', '0', '0', 'scheduling:scheduling:query', '#', 'admin', '2025-11-25 13:10:22', '', NULL, '');
INSERT INTO `sys_menu` VALUES (2028, '排班情况新增', 2026, 2, '#', '', NULL, '', 1, 0, 'F', '0', '0', 'scheduling:scheduling:add', '#', 'admin', '2025-11-25 13:10:22', '', NULL, '');
INSERT INTO `sys_menu` VALUES (2029, '排班情况修改', 2026, 3, '#', '', NULL, '', 1, 0, 'F', '0', '0', 'scheduling:scheduling:edit', '#', 'admin', '2025-11-25 13:10:22', '', NULL, '');
INSERT INTO `sys_menu` VALUES (2030, '排班情况删除', 2026, 4, '#', '', NULL, '', 1, 0, 'F', '0', '0', 'scheduling:scheduling:remove', '#', 'admin', '2025-11-25 13:10:22', '', NULL, '');
INSERT INTO `sys_menu` VALUES (2031, '排班情况导出', 2026, 5, '#', '', NULL, '', 1, 0, 'F', '0', '0', 'scheduling:scheduling:export', '#', 'admin', '2025-11-25 13:10:22', '', NULL, '');
INSERT INTO `sys_menu` VALUES (2032, '用户管理', 0, 1, '/layout', NULL, NULL, '', 1, 0, 'M', '0', '0', '', 'people', 'admin', '2025-11-25 13:19:56', 'admin', '2025-11-25 13:21:26', '');
INSERT INTO `sys_menu` VALUES (2033, '通知公告', 3, 1, 'noti', 'notice/notice/index', NULL, '', 1, 0, 'C', '1', '0', 'notice:notice:list', '#', 'admin', '2025-11-29 20:59:41', 'admin', '2025-11-29 21:19:10', '通知公告菜单');
INSERT INTO `sys_menu` VALUES (2034, '通知公告查询', 2033, 1, '#', '', NULL, '', 1, 0, 'F', '0', '0', 'notice:notice:query', '#', 'admin', '2025-11-29 20:59:41', '', NULL, '');
INSERT INTO `sys_menu` VALUES (2035, '通知公告新增', 2033, 2, '#', '', NULL, '', 1, 0, 'F', '0', '0', 'notice:notice:add', '#', 'admin', '2025-11-29 20:59:41', '', NULL, '');
INSERT INTO `sys_menu` VALUES (2036, '通知公告修改', 2033, 3, '#', '', NULL, '', 1, 0, 'F', '0', '0', 'notice:notice:edit', '#', 'admin', '2025-11-29 20:59:41', '', NULL, '');
INSERT INTO `sys_menu` VALUES (2037, '通知公告删除', 2033, 4, '#', '', NULL, '', 1, 0, 'F', '0', '0', 'notice:notice:remove', '#', 'admin', '2025-11-29 20:59:41', '', NULL, '');
INSERT INTO `sys_menu` VALUES (2038, '通知公告导出', 2033, 5, '#', '', NULL, '', 1, 0, 'F', '0', '0', 'notice:notice:export', '#', 'admin', '2025-11-29 20:59:41', '', NULL, '');

-- ----------------------------
-- Table structure for sys_notice
-- ----------------------------
DROP TABLE IF EXISTS `sys_notice`;
CREATE TABLE `sys_notice`  (
  `notice_id` int(0) NOT NULL AUTO_INCREMENT COMMENT '公告ID',
  `notice_title` varchar(50) CHARACTER SET utf8mb4 COLLATE utf8mb4_0900_ai_ci NOT NULL COMMENT '公告标题',
  `notice_type` char(1) CHARACTER SET utf8mb4 COLLATE utf8mb4_0900_ai_ci NOT NULL COMMENT '公告类型（1通知 2公告）',
  `notice_content` longblob COMMENT '公告内容',
  `status` char(1) CHARACTER SET utf8mb4 COLLATE utf8mb4_0900_ai_ci DEFAULT '0' COMMENT '公告状态（0正常 1关闭）',
  `create_by` varchar(64) CHARACTER SET utf8mb4 COLLATE utf8mb4_0900_ai_ci DEFAULT '' COMMENT '创建者',
  `create_time` datetime(0) DEFAULT NULL COMMENT '创建时间',
  `update_by` varchar(64) CHARACTER SET utf8mb4 COLLATE utf8mb4_0900_ai_ci DEFAULT '' COMMENT '更新者',
  `update_time` datetime(0) DEFAULT NULL COMMENT '更新时间',
  `remark` varchar(255) CHARACTER SET utf8mb4 COLLATE utf8mb4_0900_ai_ci DEFAULT NULL COMMENT '备注',
  PRIMARY KEY (`notice_id`) USING BTREE
) ENGINE = InnoDB AUTO_INCREMENT = 11 CHARACTER SET = utf8mb4 COLLATE = utf8mb4_0900_ai_ci COMMENT = '通知公告表' ROW_FORMAT = Dynamic;

-- ----------------------------
-- Records of sys_notice
-- ----------------------------
INSERT INTO `sys_notice` VALUES (11, '测试', '2', NULL, '0', 'admin', '2025-11-29 21:21:33', '', NULL, NULL);

-- ----------------------------
-- Table structure for sys_oper_log
-- ----------------------------
DROP TABLE IF EXISTS `sys_oper_log`;
CREATE TABLE `sys_oper_log`  (
  `oper_id` bigint(0) NOT NULL AUTO_INCREMENT COMMENT '日志主键',
  `title` varchar(50) CHARACTER SET utf8mb4 COLLATE utf8mb4_0900_ai_ci DEFAULT '' COMMENT '模块标题',
  `business_type` int(0) DEFAULT 0 COMMENT '业务类型（0其它 1新增 2修改 3删除）',
  `method` varchar(200) CHARACTER SET utf8mb4 COLLATE utf8mb4_0900_ai_ci DEFAULT '' COMMENT '方法名称',
  `request_method` varchar(10) CHARACTER SET utf8mb4 COLLATE utf8mb4_0900_ai_ci DEFAULT '' COMMENT '请求方式',
  `operator_type` int(0) DEFAULT 0 COMMENT '操作类别（0其它 1后台用户 2手机端用户）',
  `oper_name` varchar(50) CHARACTER SET utf8mb4 COLLATE utf8mb4_0900_ai_ci DEFAULT '' COMMENT '操作人员',
  `dept_name` varchar(50) CHARACTER SET utf8mb4 COLLATE utf8mb4_0900_ai_ci DEFAULT '' COMMENT '部门名称',
  `oper_url` varchar(255) CHARACTER SET utf8mb4 COLLATE utf8mb4_0900_ai_ci DEFAULT '' COMMENT '请求URL',
  `oper_ip` varchar(128) CHARACTER SET utf8mb4 COLLATE utf8mb4_0900_ai_ci DEFAULT '' COMMENT '主机地址',
  `oper_location` varchar(255) CHARACTER SET utf8mb4 COLLATE utf8mb4_0900_ai_ci DEFAULT '' COMMENT '操作地点',
  `oper_param` varchar(2000) CHARACTER SET utf8mb4 COLLATE utf8mb4_0900_ai_ci DEFAULT '' COMMENT '请求参数',
  `json_result` varchar(2000) CHARACTER SET utf8mb4 COLLATE utf8mb4_0900_ai_ci DEFAULT '' COMMENT '返回参数',
  `status` int(0) DEFAULT 0 COMMENT '操作状态（0正常 1异常）',
  `error_msg` varchar(2000) CHARACTER SET utf8mb4 COLLATE utf8mb4_0900_ai_ci DEFAULT '' COMMENT '错误消息',
  `oper_time` datetime(0) DEFAULT NULL COMMENT '操作时间',
  `cost_time` bigint(0) DEFAULT 0 COMMENT '消耗时间',
  PRIMARY KEY (`oper_id`) USING BTREE,
  INDEX `idx_sys_oper_log_bt`(`business_type`) USING BTREE,
  INDEX `idx_sys_oper_log_s`(`status`) USING BTREE,
  INDEX `idx_sys_oper_log_ot`(`oper_time`) USING BTREE
) ENGINE = InnoDB AUTO_INCREMENT = 381 CHARACTER SET = utf8mb4 COLLATE = utf8mb4_0900_ai_ci COMMENT = '操作日志记录' ROW_FORMAT = Dynamic;

-- ----------------------------
-- Records of sys_oper_log
-- ----------------------------
INSERT INTO `sys_oper_log` VALUES (100, '代码生成', 6, 'com.ruoyi.generator.controller.GenController.importTableSave()', 'POST', 1, 'admin', '研发部门', '/tool/gen/importTable', '127.0.0.1', '内网IP', '{\"tables\":\"layout_shift_swap_requests,layout_scheduling,layout_shifts,layout_employees\"}', '{\"msg\":\"操作成功\",\"code\":200}', 0, NULL, '2025-11-24 22:58:57', 170);
INSERT INTO `sys_oper_log` VALUES (101, '菜单管理', 3, 'com.ruoyi.web.controller.system.SysMenuController.remove()', 'DELETE', 1, 'admin', '研发部门', '/system/menu/4', '127.0.0.1', '内网IP', '4', '{\"msg\":\"菜单已分配,不允许删除\",\"code\":601}', 0, NULL, '2025-11-24 23:06:21', 8);
INSERT INTO `sys_oper_log` VALUES (102, '菜单管理', 2, 'com.ruoyi.web.controller.system.SysMenuController.edit()', 'PUT', 1, 'admin', '研发部门', '/system/menu', '127.0.0.1', '内网IP', '{\"children\":[],\"createTime\":\"2025-11-24 13:10:39\",\"icon\":\"guide\",\"isCache\":\"0\",\"isFrame\":\"0\",\"menuId\":4,\"menuName\":\"若依官网\",\"menuType\":\"F\",\"orderNum\":4,\"params\":{},\"parentId\":0,\"path\":\"\",\"perms\":\"\",\"query\":\"\",\"routeName\":\"\",\"status\":\"0\",\"visible\":\"0\"}', '{\"msg\":\"修改菜单\'若依官网\'失败，地址必须以http(s)://开头\",\"code\":500}', 0, NULL, '2025-11-24 23:06:31', 10);
INSERT INTO `sys_oper_log` VALUES (103, '菜单管理', 2, 'com.ruoyi.web.controller.system.SysMenuController.edit()', 'PUT', 1, 'admin', '研发部门', '/system/menu', '127.0.0.1', '内网IP', '{\"children\":[],\"createTime\":\"2025-11-24 13:10:39\",\"icon\":\"guide\",\"isCache\":\"0\",\"isFrame\":\"0\",\"menuId\":4,\"menuName\":\"若依官网\",\"menuType\":\"F\",\"orderNum\":4,\"params\":{},\"parentId\":0,\"path\":\"\",\"perms\":\"\",\"query\":\"\",\"routeName\":\"\",\"status\":\"1\",\"visible\":\"0\"}', '{\"msg\":\"修改菜单\'若依官网\'失败，地址必须以http(s)://开头\",\"code\":500}', 0, NULL, '2025-11-24 23:06:40', 2);
INSERT INTO `sys_oper_log` VALUES (104, '菜单管理', 2, 'com.ruoyi.web.controller.system.SysMenuController.edit()', 'PUT', 1, 'admin', '研发部门', '/system/menu', '127.0.0.1', '内网IP', '{\"children\":[],\"createTime\":\"2025-11-24 13:10:39\",\"icon\":\"guide\",\"isCache\":\"0\",\"isFrame\":\"0\",\"menuId\":4,\"menuName\":\"若依官网\",\"menuType\":\"M\",\"orderNum\":4,\"params\":{},\"parentId\":0,\"path\":\"/\",\"perms\":\"\",\"query\":\"\",\"routeName\":\"\",\"status\":\"1\",\"visible\":\"0\"}', '{\"msg\":\"修改菜单\'若依官网\'失败，地址必须以http(s)://开头\",\"code\":500}', 0, NULL, '2025-11-24 23:06:53', 3);
INSERT INTO `sys_oper_log` VALUES (105, '菜单管理', 2, 'com.ruoyi.web.controller.system.SysMenuController.edit()', 'PUT', 1, 'admin', '研发部门', '/system/menu', '127.0.0.1', '内网IP', '{\"children\":[],\"createTime\":\"2025-11-24 13:10:39\",\"icon\":\"guide\",\"isCache\":\"0\",\"isFrame\":\"0\",\"menuId\":4,\"menuName\":\"若依官网\",\"menuType\":\"M\",\"orderNum\":4,\"params\":{},\"parentId\":0,\"path\":\"http://\",\"perms\":\"\",\"query\":\"\",\"routeName\":\"\",\"status\":\"0\",\"updateBy\":\"admin\",\"visible\":\"0\"}', '{\"msg\":\"操作成功\",\"code\":200}', 0, NULL, '2025-11-24 23:07:01', 10);
INSERT INTO `sys_oper_log` VALUES (106, '菜单管理', 3, 'com.ruoyi.web.controller.system.SysMenuController.remove()', 'DELETE', 1, 'admin', '研发部门', '/system/menu/4', '127.0.0.1', '内网IP', '4', '{\"msg\":\"菜单已分配,不允许删除\",\"code\":601}', 0, NULL, '2025-11-24 23:07:04', 3);
INSERT INTO `sys_oper_log` VALUES (107, '菜单管理', 2, 'com.ruoyi.web.controller.system.SysMenuController.edit()', 'PUT', 1, 'admin', '研发部门', '/system/menu', '127.0.0.1', '内网IP', '{\"children\":[],\"createTime\":\"2025-11-24 13:10:39\",\"icon\":\"guide\",\"isCache\":\"0\",\"isFrame\":\"0\",\"menuId\":4,\"menuName\":\"若依官网\",\"menuType\":\"F\",\"orderNum\":4,\"params\":{},\"parentId\":0,\"path\":\"http://\",\"perms\":\"\",\"query\":\"\",\"routeName\":\"\",\"status\":\"0\",\"updateBy\":\"admin\",\"visible\":\"0\"}', '{\"msg\":\"操作成功\",\"code\":200}', 0, NULL, '2025-11-24 23:07:08', 7);
INSERT INTO `sys_oper_log` VALUES (108, '菜单管理', 3, 'com.ruoyi.web.controller.system.SysMenuController.remove()', 'DELETE', 1, 'admin', '研发部门', '/system/menu/4', '127.0.0.1', '内网IP', '4', '{\"msg\":\"菜单已分配,不允许删除\",\"code\":601}', 0, NULL, '2025-11-24 23:07:11', 4);
INSERT INTO `sys_oper_log` VALUES (109, '菜单管理', 1, 'com.ruoyi.web.controller.system.SysMenuController.add()', 'POST', 1, 'admin', '研发部门', '/system/menu', '127.0.0.1', '内网IP', '{\"children\":[],\"createBy\":\"admin\",\"icon\":\"user\",\"isCache\":\"0\",\"isFrame\":\"1\",\"menuName\":\"用户管理\",\"menuType\":\"F\",\"orderNum\":1,\"params\":{},\"parentId\":0,\"status\":\"0\",\"visible\":\"0\"}', '{\"msg\":\"操作成功\",\"code\":200}', 0, NULL, '2025-11-24 23:09:24', 8);
INSERT INTO `sys_oper_log` VALUES (110, '菜单管理', 3, 'com.ruoyi.web.controller.system.SysMenuController.remove()', 'DELETE', 1, 'admin', '研发部门', '/system/menu/2000', '127.0.0.1', '内网IP', '2000', '{\"msg\":\"操作成功\",\"code\":200}', 0, NULL, '2025-11-24 23:10:04', 8);
INSERT INTO `sys_oper_log` VALUES (111, '菜单管理', 1, 'com.ruoyi.web.controller.system.SysMenuController.add()', 'POST', 1, 'admin', '研发部门', '/system/menu', '127.0.0.1', '内网IP', '{\"children\":[],\"createBy\":\"admin\",\"icon\":\"druid\",\"isCache\":\"0\",\"isFrame\":\"1\",\"menuName\":\"班次管理\",\"menuType\":\"C\",\"orderNum\":4,\"params\":{},\"parentId\":0,\"path\":\"a\",\"status\":\"0\",\"visible\":\"0\"}', '{\"msg\":\"操作成功\",\"code\":200}', 0, NULL, '2025-11-24 23:19:21', 21);
INSERT INTO `sys_oper_log` VALUES (112, '菜单管理', 2, 'com.ruoyi.web.controller.system.SysMenuController.edit()', 'PUT', 1, 'admin', '研发部门', '/system/menu', '127.0.0.1', '内网IP', '{\"children\":[],\"createTime\":\"2025-11-24 23:19:21\",\"icon\":\"druid\",\"isCache\":\"0\",\"isFrame\":\"1\",\"menuId\":2001,\"menuName\":\"班次管理\",\"menuType\":\"M\",\"orderNum\":4,\"params\":{},\"parentId\":0,\"path\":\"layout\",\"perms\":\"\",\"routeName\":\"\",\"status\":\"0\",\"updateBy\":\"admin\",\"visible\":\"0\"}', '{\"msg\":\"操作成功\",\"code\":200}', 0, NULL, '2025-11-24 23:19:38', 11);
INSERT INTO `sys_oper_log` VALUES (113, '通知公告', 3, 'com.ruoyi.web.controller.system.SysNoticeController.remove()', 'DELETE', 1, 'admin', '研发部门', '/system/notice/1', '127.0.0.1', '内网IP', '[1]', '{\"msg\":\"操作成功\",\"code\":200}', 0, NULL, '2025-11-24 23:20:28', 5);
INSERT INTO `sys_oper_log` VALUES (114, '通知公告', 3, 'com.ruoyi.web.controller.system.SysNoticeController.remove()', 'DELETE', 1, 'admin', '研发部门', '/system/notice/2', '127.0.0.1', '内网IP', '[2]', '{\"msg\":\"操作成功\",\"code\":200}', 0, NULL, '2025-11-24 23:20:30', 4);
INSERT INTO `sys_oper_log` VALUES (115, '代码生成', 2, 'com.ruoyi.generator.controller.GenController.editSave()', 'PUT', 1, 'admin', '研发部门', '/tool/gen', '127.0.0.1', '内网IP', '{\"businessName\":\"employees\",\"className\":\"LayoutEmployees\",\"columns\":[{\"capJavaField\":\"Id\",\"columnComment\":\"员工\",\"columnId\":1,\"columnName\":\"id\",\"columnType\":\"int\",\"createBy\":\"admin\",\"createTime\":\"2025-11-24 22:58:57\",\"dictType\":\"\",\"edit\":false,\"htmlType\":\"input\",\"increment\":true,\"insert\":true,\"isIncrement\":\"1\",\"isInsert\":\"1\",\"isPk\":\"1\",\"isRequired\":\"0\",\"javaField\":\"id\",\"javaType\":\"Long\",\"list\":false,\"params\":{},\"pk\":true,\"query\":false,\"queryType\":\"EQ\",\"required\":false,\"sort\":1,\"superColumn\":false,\"tableId\":1,\"updateBy\":\"\",\"usableColumn\":false},{\"capJavaField\":\"UserId\",\"columnComment\":\"关联用户表\",\"columnId\":2,\"columnName\":\"user_id\",\"columnType\":\"int\",\"createBy\":\"admin\",\"createTime\":\"2025-11-24 22:58:57\",\"dictType\":\"\",\"edit\":true,\"htmlType\":\"select\",\"increment\":false,\"insert\":true,\"isEdit\":\"1\",\"isIncrement\":\"0\",\"isInsert\":\"1\",\"isList\":\"1\",\"isPk\":\"0\",\"isQuery\":\"1\",\"isRequired\":\"0\",\"javaField\":\"userId\",\"javaType\":\"Long\",\"list\":true,\"params\":{},\"pk\":false,\"query\":true,\"queryType\":\"EQ\",\"required\":false,\"sort\":2,\"superColumn\":false,\"tableId\":1,\"updateBy\":\"\",\"usableColumn\":false},{\"capJavaField\":\"DepartmentId\",\"columnComment\":\"部门\",\"columnId\":3,\"columnName\":\"department_id\",\"columnType\":\"int\",\"createBy\":\"admin\",\"createTime\":\"2025-11-24 22:58:57\",\"dictType\":\"\",\"edit\":true,\"htmlType\":\"select\",\"increment\":false,\"insert\":true,\"isEdit\":\"1\",\"isIncrement\":\"0\",\"isInsert\":\"1\",\"isList\":\"1\",\"isPk\":\"0\",\"isQuery\":\"1\",\"isRequired\":\"0\",\"javaField\":\"departmentId\",\"javaType\":\"Long\",\"list\":true,\"params\":{},\"pk\":false,\"query\":true,\"queryType\":\"EQ\",\"required\":false,\"sort\":3,\"superColumn\":false,\"tableId\":1,\"updateBy\":\"\",\"usableColumn\":false},{\"capJavaField\":\"Position\",\"columnComment\":\"职位\",\"columnId\":4,\"columnName\":\"position\",\"columnType\":\"varchar(255)\",\"createBy\":\"admin\",\"createTime\":\"2025-11-24 22:58:57\",\"dictType\":\"\",\"edit\":true,\"htmlType\":\"select\",\"increment\":false,\"insert\":true,\"isEdit\":\"1\",\"isIncrement\":\"0\",\"isInsert\":\"1\",\"isList\":\"1\",\"isPk\":\"0\",\"isQuery\":\"1\",\"isRequired\":\"0\",\"javaField\":\"position', '{\"msg\":\"操作成功\",\"code\":200}', 0, NULL, '2025-11-24 23:26:14', 48);
INSERT INTO `sys_oper_log` VALUES (116, '代码生成', 2, 'com.ruoyi.generator.controller.GenController.editSave()', 'PUT', 1, 'admin', '研发部门', '/tool/gen', '127.0.0.1', '内网IP', '{\"businessName\":\"scheduling\",\"className\":\"LayoutScheduling\",\"columns\":[{\"capJavaField\":\"Id\",\"columnComment\":\"排班\",\"columnId\":10,\"columnName\":\"id\",\"columnType\":\"int\",\"createBy\":\"admin\",\"createTime\":\"2025-11-24 22:58:57\",\"dictType\":\"\",\"edit\":false,\"htmlType\":\"input\",\"increment\":false,\"insert\":true,\"isIncrement\":\"0\",\"isInsert\":\"1\",\"isPk\":\"1\",\"isRequired\":\"0\",\"javaField\":\"id\",\"javaType\":\"Long\",\"list\":false,\"params\":{},\"pk\":true,\"query\":false,\"queryType\":\"EQ\",\"required\":false,\"sort\":1,\"superColumn\":false,\"tableId\":2,\"updateBy\":\"\",\"usableColumn\":false},{\"capJavaField\":\"UserId\",\"columnComment\":\"员工\",\"columnId\":11,\"columnName\":\"user_id\",\"columnType\":\"int\",\"createBy\":\"admin\",\"createTime\":\"2025-11-24 22:58:57\",\"dictType\":\"\",\"edit\":true,\"htmlType\":\"input\",\"increment\":false,\"insert\":true,\"isEdit\":\"1\",\"isIncrement\":\"0\",\"isInsert\":\"1\",\"isList\":\"1\",\"isPk\":\"0\",\"isQuery\":\"1\",\"isRequired\":\"0\",\"javaField\":\"userId\",\"javaType\":\"Long\",\"list\":true,\"params\":{},\"pk\":false,\"query\":true,\"queryType\":\"EQ\",\"required\":false,\"sort\":2,\"superColumn\":false,\"tableId\":2,\"updateBy\":\"\",\"usableColumn\":false},{\"capJavaField\":\"ShiftId\",\"columnComment\":\"班次\",\"columnId\":12,\"columnName\":\"shift_id\",\"columnType\":\"int\",\"createBy\":\"admin\",\"createTime\":\"2025-11-24 22:58:57\",\"dictType\":\"\",\"edit\":true,\"htmlType\":\"input\",\"increment\":false,\"insert\":true,\"isEdit\":\"1\",\"isIncrement\":\"0\",\"isInsert\":\"1\",\"isList\":\"1\",\"isPk\":\"0\",\"isQuery\":\"1\",\"isRequired\":\"0\",\"javaField\":\"shiftId\",\"javaType\":\"Long\",\"list\":true,\"params\":{},\"pk\":false,\"query\":true,\"queryType\":\"EQ\",\"required\":false,\"sort\":3,\"superColumn\":false,\"tableId\":2,\"updateBy\":\"\",\"usableColumn\":false},{\"capJavaField\":\"ScheduleDate\",\"columnComment\":\"排班日期\",\"columnId\":13,\"columnName\":\"schedule_date\",\"columnType\":\"datetime\",\"createBy\":\"admin\",\"createTime\":\"2025-11-24 22:58:57\",\"dictType\":\"\",\"edit\":true,\"htmlType\":\"datetime\",\"increment\":false,\"insert\":true,\"isEdit\":\"1\",\"isIncrement\":\"0\",\"isInsert\":\"1\",\"isList\":\"1\",\"isPk\":\"0\",\"isQuery\":\"1\",\"isRequired\":\"0\",\"javaField\":\"scheduleDate', '{\"msg\":\"操作成功\",\"code\":200}', 0, NULL, '2025-11-24 23:30:49', 18);
INSERT INTO `sys_oper_log` VALUES (117, '代码生成', 2, 'com.ruoyi.generator.controller.GenController.editSave()', 'PUT', 1, 'admin', '研发部门', '/tool/gen', '127.0.0.1', '内网IP', '{\"businessName\":\"employees\",\"className\":\"LayoutEmployees\",\"columns\":[{\"capJavaField\":\"Id\",\"columnComment\":\"员工\",\"columnId\":1,\"columnName\":\"id\",\"columnType\":\"int\",\"createBy\":\"admin\",\"createTime\":\"2025-11-24 22:58:57\",\"dictType\":\"\",\"edit\":false,\"htmlType\":\"input\",\"increment\":true,\"insert\":true,\"isIncrement\":\"1\",\"isInsert\":\"1\",\"isPk\":\"1\",\"isRequired\":\"0\",\"javaField\":\"id\",\"javaType\":\"Long\",\"list\":false,\"params\":{},\"pk\":true,\"query\":false,\"queryType\":\"EQ\",\"required\":false,\"sort\":1,\"superColumn\":false,\"tableId\":1,\"updateBy\":\"\",\"updateTime\":\"2025-11-24 23:26:14\",\"usableColumn\":false},{\"capJavaField\":\"UserId\",\"columnComment\":\"关联用户表\",\"columnId\":2,\"columnName\":\"user_id\",\"columnType\":\"int\",\"createBy\":\"admin\",\"createTime\":\"2025-11-24 22:58:57\",\"dictType\":\"\",\"edit\":true,\"htmlType\":\"select\",\"increment\":false,\"insert\":true,\"isEdit\":\"1\",\"isIncrement\":\"0\",\"isInsert\":\"1\",\"isList\":\"1\",\"isPk\":\"0\",\"isQuery\":\"1\",\"isRequired\":\"0\",\"javaField\":\"userId\",\"javaType\":\"Long\",\"list\":true,\"params\":{},\"pk\":false,\"query\":true,\"queryType\":\"LIKE\",\"required\":false,\"sort\":2,\"superColumn\":false,\"tableId\":1,\"updateBy\":\"\",\"updateTime\":\"2025-11-24 23:26:14\",\"usableColumn\":false},{\"capJavaField\":\"DepartmentId\",\"columnComment\":\"部门\",\"columnId\":3,\"columnName\":\"department_id\",\"columnType\":\"int\",\"createBy\":\"admin\",\"createTime\":\"2025-11-24 22:58:57\",\"dictType\":\"\",\"edit\":true,\"htmlType\":\"select\",\"increment\":false,\"insert\":true,\"isEdit\":\"1\",\"isIncrement\":\"0\",\"isInsert\":\"1\",\"isList\":\"1\",\"isPk\":\"0\",\"isQuery\":\"1\",\"isRequired\":\"0\",\"javaField\":\"departmentId\",\"javaType\":\"Long\",\"list\":true,\"params\":{},\"pk\":false,\"query\":true,\"queryType\":\"EQ\",\"required\":false,\"sort\":3,\"superColumn\":false,\"tableId\":1,\"updateBy\":\"\",\"updateTime\":\"2025-11-24 23:26:14\",\"usableColumn\":false},{\"capJavaField\":\"Position\",\"columnComment\":\"职位\",\"columnId\":4,\"columnName\":\"position\",\"columnType\":\"varchar(255)\",\"createBy\":\"admin\",\"createTime\":\"2025-11-24 22:58:57\",\"dictType\":\"\",\"edit\":true,\"htmlType\":\"select\",\"increment\":false,\"insert\":true,\"isEdit\":\"1\",\"i', '{\"msg\":\"操作成功\",\"code\":200}', 0, NULL, '2025-11-24 23:31:23', 18);
INSERT INTO `sys_oper_log` VALUES (118, '代码生成', 2, 'com.ruoyi.generator.controller.GenController.editSave()', 'PUT', 1, 'admin', '研发部门', '/tool/gen', '127.0.0.1', '内网IP', '{\"businessName\":\"requests\",\"className\":\"LayoutShiftSwapRequests\",\"columns\":[{\"capJavaField\":\"Id\",\"columnComment\":\"申请id\",\"columnId\":16,\"columnName\":\"id\",\"columnType\":\"int\",\"createBy\":\"admin\",\"createTime\":\"2025-11-24 22:58:57\",\"dictType\":\"\",\"edit\":false,\"htmlType\":\"input\",\"increment\":false,\"insert\":true,\"isIncrement\":\"0\",\"isInsert\":\"1\",\"isPk\":\"1\",\"isRequired\":\"0\",\"javaField\":\"id\",\"javaType\":\"Long\",\"list\":false,\"params\":{},\"pk\":true,\"query\":false,\"queryType\":\"EQ\",\"required\":false,\"sort\":1,\"superColumn\":false,\"tableId\":3,\"updateBy\":\"\",\"usableColumn\":false},{\"capJavaField\":\"RequesterId\",\"columnComment\":\"申请人id\",\"columnId\":17,\"columnName\":\"requester_id\",\"columnType\":\"int\",\"createBy\":\"admin\",\"createTime\":\"2025-11-24 22:58:57\",\"dictType\":\"\",\"edit\":true,\"htmlType\":\"input\",\"increment\":false,\"insert\":true,\"isEdit\":\"1\",\"isIncrement\":\"0\",\"isInsert\":\"1\",\"isList\":\"1\",\"isPk\":\"0\",\"isQuery\":\"1\",\"isRequired\":\"0\",\"javaField\":\"requesterId\",\"javaType\":\"Long\",\"list\":true,\"params\":{},\"pk\":false,\"query\":true,\"queryType\":\"EQ\",\"required\":false,\"sort\":2,\"superColumn\":false,\"tableId\":3,\"updateBy\":\"\",\"usableColumn\":false},{\"capJavaField\":\"TargetId\",\"columnComment\":\"目标人id\",\"columnId\":18,\"columnName\":\"target_id\",\"columnType\":\"int\",\"createBy\":\"admin\",\"createTime\":\"2025-11-24 22:58:57\",\"dictType\":\"\",\"edit\":true,\"htmlType\":\"input\",\"increment\":false,\"insert\":true,\"isEdit\":\"1\",\"isIncrement\":\"0\",\"isInsert\":\"1\",\"isList\":\"1\",\"isPk\":\"0\",\"isQuery\":\"1\",\"isRequired\":\"0\",\"javaField\":\"targetId\",\"javaType\":\"Long\",\"list\":true,\"params\":{},\"pk\":false,\"query\":true,\"queryType\":\"EQ\",\"required\":false,\"sort\":3,\"superColumn\":false,\"tableId\":3,\"updateBy\":\"\",\"usableColumn\":false},{\"capJavaField\":\"Model\",\"columnComment\":\"选择换班、替班\",\"columnId\":19,\"columnName\":\"model\",\"columnType\":\"int\",\"createBy\":\"admin\",\"createTime\":\"2025-11-24 22:58:57\",\"dictType\":\"\",\"edit\":true,\"htmlType\":\"input\",\"increment\":false,\"insert\":true,\"isEdit\":\"1\",\"isIncrement\":\"0\",\"isInsert\":\"1\",\"isList\":\"1\",\"isPk\":\"0\",\"isQuery\":\"1\",\"isRequired\":\"0\",\"javaField\":\"m', '{\"msg\":\"操作成功\",\"code\":200}', 0, NULL, '2025-11-24 23:33:04', 21);
INSERT INTO `sys_oper_log` VALUES (119, '代码生成', 2, 'com.ruoyi.generator.controller.GenController.editSave()', 'PUT', 1, 'admin', '研发部门', '/tool/gen', '127.0.0.1', '内网IP', '{\"businessName\":\"scheduling\",\"className\":\"LayoutScheduling\",\"columns\":[{\"capJavaField\":\"Id\",\"columnComment\":\"排班\",\"columnId\":10,\"columnName\":\"id\",\"columnType\":\"int\",\"createBy\":\"admin\",\"createTime\":\"2025-11-24 22:58:57\",\"dictType\":\"\",\"edit\":false,\"htmlType\":\"input\",\"increment\":false,\"insert\":true,\"isIncrement\":\"0\",\"isInsert\":\"1\",\"isPk\":\"1\",\"isRequired\":\"0\",\"javaField\":\"id\",\"javaType\":\"Long\",\"list\":false,\"params\":{},\"pk\":true,\"query\":false,\"queryType\":\"EQ\",\"required\":false,\"sort\":1,\"superColumn\":false,\"tableId\":2,\"updateBy\":\"\",\"updateTime\":\"2025-11-24 23:30:49\",\"usableColumn\":false},{\"capJavaField\":\"UserId\",\"columnComment\":\"员工\",\"columnId\":11,\"columnName\":\"user_id\",\"columnType\":\"int\",\"createBy\":\"admin\",\"createTime\":\"2025-11-24 22:58:57\",\"dictType\":\"\",\"edit\":true,\"htmlType\":\"input\",\"increment\":false,\"insert\":true,\"isEdit\":\"1\",\"isIncrement\":\"0\",\"isInsert\":\"1\",\"isList\":\"1\",\"isPk\":\"0\",\"isQuery\":\"1\",\"isRequired\":\"0\",\"javaField\":\"userId\",\"javaType\":\"Long\",\"list\":true,\"params\":{},\"pk\":false,\"query\":true,\"queryType\":\"EQ\",\"required\":false,\"sort\":2,\"superColumn\":false,\"tableId\":2,\"updateBy\":\"\",\"updateTime\":\"2025-11-24 23:30:49\",\"usableColumn\":false},{\"capJavaField\":\"ShiftId\",\"columnComment\":\"班次\",\"columnId\":12,\"columnName\":\"shift_id\",\"columnType\":\"int\",\"createBy\":\"admin\",\"createTime\":\"2025-11-24 22:58:57\",\"dictType\":\"\",\"edit\":true,\"htmlType\":\"input\",\"increment\":false,\"insert\":true,\"isEdit\":\"1\",\"isIncrement\":\"0\",\"isInsert\":\"1\",\"isList\":\"1\",\"isPk\":\"0\",\"isQuery\":\"1\",\"isRequired\":\"0\",\"javaField\":\"shiftId\",\"javaType\":\"Long\",\"list\":true,\"params\":{},\"pk\":false,\"query\":true,\"queryType\":\"EQ\",\"required\":false,\"sort\":3,\"superColumn\":false,\"tableId\":2,\"updateBy\":\"\",\"updateTime\":\"2025-11-24 23:30:49\",\"usableColumn\":false},{\"capJavaField\":\"ScheduleDate\",\"columnComment\":\"排班日期\",\"columnId\":13,\"columnName\":\"schedule_date\",\"columnType\":\"datetime\",\"createBy\":\"admin\",\"createTime\":\"2025-11-24 22:58:57\",\"dictType\":\"\",\"edit\":true,\"htmlType\":\"datetime\",\"increment\":false,\"insert\":true,\"isEdit\":\"1\",\"isIncre', '{\"msg\":\"操作成功\",\"code\":200}', 0, NULL, '2025-11-24 23:33:14', 14);
INSERT INTO `sys_oper_log` VALUES (120, '代码生成', 2, 'com.ruoyi.generator.controller.GenController.editSave()', 'PUT', 1, 'admin', '研发部门', '/tool/gen', '127.0.0.1', '内网IP', '{\"businessName\":\"shifts\",\"className\":\"LayoutShifts\",\"columns\":[{\"capJavaField\":\"Id\",\"columnComment\":\"班次\",\"columnId\":27,\"columnName\":\"id\",\"columnType\":\"int\",\"createBy\":\"admin\",\"createTime\":\"2025-11-24 22:58:57\",\"dictType\":\"\",\"edit\":false,\"htmlType\":\"input\",\"increment\":false,\"insert\":true,\"isIncrement\":\"0\",\"isInsert\":\"1\",\"isPk\":\"1\",\"isRequired\":\"0\",\"javaField\":\"id\",\"javaType\":\"Long\",\"list\":false,\"params\":{},\"pk\":true,\"query\":false,\"queryType\":\"EQ\",\"required\":false,\"sort\":1,\"superColumn\":false,\"tableId\":4,\"updateBy\":\"\",\"usableColumn\":false},{\"capJavaField\":\"ShiftName\",\"columnComment\":\"班次名称\",\"columnId\":28,\"columnName\":\"shift_name\",\"columnType\":\"varchar(255)\",\"createBy\":\"admin\",\"createTime\":\"2025-11-24 22:58:57\",\"dictType\":\"\",\"edit\":true,\"htmlType\":\"input\",\"increment\":false,\"insert\":true,\"isEdit\":\"1\",\"isIncrement\":\"0\",\"isInsert\":\"1\",\"isList\":\"1\",\"isPk\":\"0\",\"isQuery\":\"1\",\"isRequired\":\"0\",\"javaField\":\"shiftName\",\"javaType\":\"String\",\"list\":true,\"params\":{},\"pk\":false,\"query\":true,\"queryType\":\"LIKE\",\"required\":false,\"sort\":2,\"superColumn\":false,\"tableId\":4,\"updateBy\":\"\",\"usableColumn\":false},{\"capJavaField\":\"StartTime\",\"columnComment\":\"开始时间\",\"columnId\":29,\"columnName\":\"start_time\",\"columnType\":\"datetime\",\"createBy\":\"admin\",\"createTime\":\"2025-11-24 22:58:57\",\"dictType\":\"\",\"edit\":true,\"htmlType\":\"datetime\",\"increment\":false,\"insert\":true,\"isEdit\":\"1\",\"isIncrement\":\"0\",\"isInsert\":\"1\",\"isList\":\"1\",\"isPk\":\"0\",\"isQuery\":\"1\",\"isRequired\":\"0\",\"javaField\":\"startTime\",\"javaType\":\"Date\",\"list\":true,\"params\":{},\"pk\":false,\"query\":true,\"queryType\":\"GTE\",\"required\":false,\"sort\":3,\"superColumn\":false,\"tableId\":4,\"updateBy\":\"\",\"usableColumn\":false},{\"capJavaField\":\"EndTime\",\"columnComment\":\"结束时间\",\"columnId\":30,\"columnName\":\"end_time\",\"columnType\":\"datetime\",\"createBy\":\"admin\",\"createTime\":\"2025-11-24 22:58:57\",\"dictType\":\"\",\"edit\":true,\"htmlType\":\"datetime\",\"increment\":false,\"insert\":true,\"isEdit\":\"1\",\"isIncrement\":\"0\",\"isInsert\":\"1\",\"isList\":\"1\",\"isPk\":\"0\",\"isQuery\":\"1\",\"isRequired\":\"0\",\"j', '{\"msg\":\"操作成功\",\"code\":200}', 0, NULL, '2025-11-24 23:35:22', 14);
INSERT INTO `sys_oper_log` VALUES (121, '代码生成', 2, 'com.ruoyi.generator.controller.GenController.editSave()', 'PUT', 1, 'admin', '研发部门', '/tool/gen', '127.0.0.1', '内网IP', '{\"businessName\":\"employees\",\"className\":\"LayoutEmployees\",\"columns\":[{\"capJavaField\":\"Id\",\"columnComment\":\"员工id\",\"columnId\":1,\"columnName\":\"id\",\"columnType\":\"int\",\"createBy\":\"admin\",\"createTime\":\"2025-11-24 22:58:57\",\"dictType\":\"\",\"edit\":false,\"htmlType\":\"input\",\"increment\":true,\"insert\":true,\"isIncrement\":\"1\",\"isInsert\":\"1\",\"isPk\":\"1\",\"isRequired\":\"0\",\"javaField\":\"id\",\"javaType\":\"Long\",\"list\":false,\"params\":{},\"pk\":true,\"query\":false,\"queryType\":\"EQ\",\"required\":false,\"sort\":1,\"superColumn\":false,\"tableId\":1,\"updateBy\":\"\",\"updateTime\":\"2025-11-24 23:31:23\",\"usableColumn\":false},{\"capJavaField\":\"UserId\",\"columnComment\":\"关联用户表\",\"columnId\":2,\"columnName\":\"user_id\",\"columnType\":\"int\",\"createBy\":\"admin\",\"createTime\":\"2025-11-24 22:58:57\",\"dictType\":\"\",\"edit\":true,\"htmlType\":\"select\",\"increment\":false,\"insert\":true,\"isEdit\":\"1\",\"isIncrement\":\"0\",\"isInsert\":\"1\",\"isList\":\"1\",\"isPk\":\"0\",\"isQuery\":\"1\",\"isRequired\":\"0\",\"javaField\":\"userId\",\"javaType\":\"Long\",\"list\":true,\"params\":{},\"pk\":false,\"query\":true,\"queryType\":\"LIKE\",\"required\":false,\"sort\":2,\"superColumn\":false,\"tableId\":1,\"updateBy\":\"\",\"updateTime\":\"2025-11-24 23:31:23\",\"usableColumn\":false},{\"capJavaField\":\"DepartmentId\",\"columnComment\":\"部门\",\"columnId\":3,\"columnName\":\"department_id\",\"columnType\":\"int\",\"createBy\":\"admin\",\"createTime\":\"2025-11-24 22:58:57\",\"dictType\":\"\",\"edit\":true,\"htmlType\":\"select\",\"increment\":false,\"insert\":true,\"isEdit\":\"1\",\"isIncrement\":\"0\",\"isInsert\":\"1\",\"isList\":\"1\",\"isPk\":\"0\",\"isQuery\":\"1\",\"isRequired\":\"0\",\"javaField\":\"departmentId\",\"javaType\":\"Long\",\"list\":true,\"params\":{},\"pk\":false,\"query\":true,\"queryType\":\"EQ\",\"required\":false,\"sort\":3,\"superColumn\":false,\"tableId\":1,\"updateBy\":\"\",\"updateTime\":\"2025-11-24 23:31:23\",\"usableColumn\":false},{\"capJavaField\":\"Position\",\"columnComment\":\"职位\",\"columnId\":4,\"columnName\":\"position\",\"columnType\":\"varchar(255)\",\"createBy\":\"admin\",\"createTime\":\"2025-11-24 22:58:57\",\"dictType\":\"\",\"edit\":true,\"htmlType\":\"select\",\"increment\":false,\"insert\":true,\"isEdit\":\"1\",', '{\"msg\":\"操作成功\",\"code\":200}', 0, NULL, '2025-11-25 12:50:04', 76);
INSERT INTO `sys_oper_log` VALUES (122, '代码生成', 2, 'com.ruoyi.generator.controller.GenController.synchDb()', 'GET', 1, 'admin', '研发部门', '/tool/gen/synchDb/layout_employees', '127.0.0.1', '内网IP', '{}', '{\"msg\":\"操作成功\",\"code\":200}', 0, NULL, '2025-11-25 12:50:59', 46);
INSERT INTO `sys_oper_log` VALUES (123, '代码生成', 2, 'com.ruoyi.generator.controller.GenController.editSave()', 'PUT', 1, 'admin', '研发部门', '/tool/gen', '127.0.0.1', '内网IP', '{\"businessName\":\"employees\",\"className\":\"LayoutEmployees\",\"columns\":[{\"capJavaField\":\"Id\",\"columnComment\":\"员工id\",\"columnId\":1,\"columnName\":\"id\",\"columnType\":\"int\",\"createBy\":\"admin\",\"createTime\":\"2025-11-24 22:58:57\",\"dictType\":\"\",\"edit\":false,\"htmlType\":\"input\",\"increment\":true,\"insert\":true,\"isIncrement\":\"1\",\"isInsert\":\"1\",\"isPk\":\"1\",\"isRequired\":\"0\",\"javaField\":\"id\",\"javaType\":\"Long\",\"list\":false,\"params\":{},\"pk\":true,\"query\":false,\"queryType\":\"EQ\",\"required\":false,\"sort\":1,\"superColumn\":false,\"tableId\":1,\"updateBy\":\"\",\"updateTime\":\"2025-11-25 12:50:59\",\"usableColumn\":false},{\"capJavaField\":\"UserId\",\"columnComment\":\"关联用户表id\",\"columnId\":2,\"columnName\":\"user_id\",\"columnType\":\"int\",\"createBy\":\"admin\",\"createTime\":\"2025-11-24 22:58:57\",\"dictType\":\"\",\"edit\":true,\"htmlType\":\"select\",\"increment\":false,\"insert\":true,\"isEdit\":\"1\",\"isIncrement\":\"0\",\"isInsert\":\"1\",\"isList\":\"1\",\"isPk\":\"0\",\"isQuery\":\"1\",\"isRequired\":\"0\",\"javaField\":\"userId\",\"javaType\":\"Long\",\"list\":true,\"params\":{},\"pk\":false,\"query\":true,\"queryType\":\"LIKE\",\"required\":false,\"sort\":2,\"superColumn\":false,\"tableId\":1,\"updateBy\":\"\",\"updateTime\":\"2025-11-25 12:50:59\",\"usableColumn\":false},{\"capJavaField\":\"Picture\",\"columnComment\":\"员工照片\",\"columnId\":34,\"columnName\":\"picture\",\"columnType\":\"varchar(255)\",\"createBy\":\"\",\"createTime\":\"2025-11-25 12:50:59\",\"dictType\":\"\",\"edit\":true,\"htmlType\":\"imageUpload\",\"increment\":false,\"insert\":true,\"isEdit\":\"1\",\"isIncrement\":\"0\",\"isInsert\":\"1\",\"isList\":\"1\",\"isPk\":\"0\",\"isQuery\":\"0\",\"isRequired\":\"0\",\"javaField\":\"picture\",\"javaType\":\"String\",\"list\":true,\"params\":{},\"pk\":false,\"query\":false,\"queryType\":\"EQ\",\"required\":false,\"sort\":3,\"superColumn\":false,\"tableId\":1,\"updateBy\":\"\",\"usableColumn\":false},{\"capJavaField\":\"DepartmentId\",\"columnComment\":\"部门ID\",\"columnId\":3,\"columnName\":\"department_id\",\"columnType\":\"int\",\"createBy\":\"admin\",\"createTime\":\"2025-11-24 22:58:57\",\"dictType\":\"\",\"edit\":true,\"htmlType\":\"select\",\"increment\":false,\"insert\":true,\"isEdit\":\"1\",\"isIncrement\":\"0\",\"isInsert\":\"1\"', '{\"msg\":\"操作成功\",\"code\":200}', 0, NULL, '2025-11-25 12:51:23', 26);
INSERT INTO `sys_oper_log` VALUES (124, '代码生成', 2, 'com.ruoyi.generator.controller.GenController.editSave()', 'PUT', 1, 'admin', '研发部门', '/tool/gen', '127.0.0.1', '内网IP', '{\"businessName\":\"scheduling\",\"className\":\"LayoutScheduling\",\"columns\":[{\"capJavaField\":\"Id\",\"columnComment\":\"排班\",\"columnId\":10,\"columnName\":\"id\",\"columnType\":\"int\",\"createBy\":\"admin\",\"createTime\":\"2025-11-24 22:58:57\",\"dictType\":\"\",\"edit\":false,\"htmlType\":\"input\",\"increment\":false,\"insert\":true,\"isIncrement\":\"0\",\"isInsert\":\"1\",\"isPk\":\"1\",\"isRequired\":\"0\",\"javaField\":\"id\",\"javaType\":\"Long\",\"list\":false,\"params\":{},\"pk\":true,\"query\":false,\"queryType\":\"EQ\",\"required\":false,\"sort\":1,\"superColumn\":false,\"tableId\":2,\"updateBy\":\"\",\"updateTime\":\"2025-11-24 23:33:14\",\"usableColumn\":false},{\"capJavaField\":\"UserId\",\"columnComment\":\"员工\",\"columnId\":11,\"columnName\":\"user_id\",\"columnType\":\"int\",\"createBy\":\"admin\",\"createTime\":\"2025-11-24 22:58:57\",\"dictType\":\"\",\"edit\":true,\"htmlType\":\"input\",\"increment\":false,\"insert\":true,\"isEdit\":\"1\",\"isIncrement\":\"0\",\"isInsert\":\"1\",\"isList\":\"1\",\"isPk\":\"0\",\"isQuery\":\"1\",\"isRequired\":\"0\",\"javaField\":\"userId\",\"javaType\":\"Long\",\"list\":true,\"params\":{},\"pk\":false,\"query\":true,\"queryType\":\"EQ\",\"required\":false,\"sort\":2,\"superColumn\":false,\"tableId\":2,\"updateBy\":\"\",\"updateTime\":\"2025-11-24 23:33:14\",\"usableColumn\":false},{\"capJavaField\":\"ShiftId\",\"columnComment\":\"班次\",\"columnId\":12,\"columnName\":\"shift_id\",\"columnType\":\"int\",\"createBy\":\"admin\",\"createTime\":\"2025-11-24 22:58:57\",\"dictType\":\"\",\"edit\":true,\"htmlType\":\"input\",\"increment\":false,\"insert\":true,\"isEdit\":\"1\",\"isIncrement\":\"0\",\"isInsert\":\"1\",\"isList\":\"1\",\"isPk\":\"0\",\"isQuery\":\"1\",\"isRequired\":\"0\",\"javaField\":\"shiftId\",\"javaType\":\"Long\",\"list\":true,\"params\":{},\"pk\":false,\"query\":true,\"queryType\":\"EQ\",\"required\":false,\"sort\":3,\"superColumn\":false,\"tableId\":2,\"updateBy\":\"\",\"updateTime\":\"2025-11-24 23:33:14\",\"usableColumn\":false},{\"capJavaField\":\"ScheduleDate\",\"columnComment\":\"排班日期\",\"columnId\":13,\"columnName\":\"schedule_date\",\"columnType\":\"datetime\",\"createBy\":\"admin\",\"createTime\":\"2025-11-24 22:58:57\",\"dictType\":\"\",\"edit\":true,\"htmlType\":\"datetime\",\"increment\":false,\"insert\":true,\"isEdit\":\"1\",\"isIncre', '{\"msg\":\"操作成功\",\"code\":200}', 0, NULL, '2025-11-25 12:51:48', 18);
INSERT INTO `sys_oper_log` VALUES (125, '代码生成', 2, 'com.ruoyi.generator.controller.GenController.editSave()', 'PUT', 1, 'admin', '研发部门', '/tool/gen', '127.0.0.1', '内网IP', '{\"businessName\":\"requests\",\"className\":\"LayoutShiftSwapRequests\",\"columns\":[{\"capJavaField\":\"Id\",\"columnComment\":\"申请id\",\"columnId\":16,\"columnName\":\"id\",\"columnType\":\"int\",\"createBy\":\"admin\",\"createTime\":\"2025-11-24 22:58:57\",\"dictType\":\"\",\"edit\":false,\"htmlType\":\"input\",\"increment\":false,\"insert\":true,\"isIncrement\":\"0\",\"isInsert\":\"1\",\"isPk\":\"1\",\"isRequired\":\"0\",\"javaField\":\"id\",\"javaType\":\"Long\",\"list\":false,\"params\":{},\"pk\":true,\"query\":false,\"queryType\":\"EQ\",\"required\":false,\"sort\":1,\"superColumn\":false,\"tableId\":3,\"updateBy\":\"\",\"updateTime\":\"2025-11-24 23:33:04\",\"usableColumn\":false},{\"capJavaField\":\"RequesterId\",\"columnComment\":\"申请人id\",\"columnId\":17,\"columnName\":\"requester_id\",\"columnType\":\"int\",\"createBy\":\"admin\",\"createTime\":\"2025-11-24 22:58:57\",\"dictType\":\"\",\"edit\":true,\"htmlType\":\"input\",\"increment\":false,\"insert\":true,\"isEdit\":\"1\",\"isIncrement\":\"0\",\"isInsert\":\"1\",\"isList\":\"1\",\"isPk\":\"0\",\"isQuery\":\"1\",\"isRequired\":\"0\",\"javaField\":\"requesterId\",\"javaType\":\"Long\",\"list\":true,\"params\":{},\"pk\":false,\"query\":true,\"queryType\":\"EQ\",\"required\":false,\"sort\":2,\"superColumn\":false,\"tableId\":3,\"updateBy\":\"\",\"updateTime\":\"2025-11-24 23:33:04\",\"usableColumn\":false},{\"capJavaField\":\"TargetId\",\"columnComment\":\"目标人id\",\"columnId\":18,\"columnName\":\"target_id\",\"columnType\":\"int\",\"createBy\":\"admin\",\"createTime\":\"2025-11-24 22:58:57\",\"dictType\":\"\",\"edit\":true,\"htmlType\":\"input\",\"increment\":false,\"insert\":true,\"isEdit\":\"1\",\"isIncrement\":\"0\",\"isInsert\":\"1\",\"isList\":\"1\",\"isPk\":\"0\",\"isQuery\":\"1\",\"isRequired\":\"0\",\"javaField\":\"targetId\",\"javaType\":\"Long\",\"list\":true,\"params\":{},\"pk\":false,\"query\":true,\"queryType\":\"EQ\",\"required\":false,\"sort\":3,\"superColumn\":false,\"tableId\":3,\"updateBy\":\"\",\"updateTime\":\"2025-11-24 23:33:04\",\"usableColumn\":false},{\"capJavaField\":\"Model\",\"columnComment\":\"选择换班、替班\",\"columnId\":19,\"columnName\":\"model\",\"columnType\":\"int\",\"createBy\":\"admin\",\"createTime\":\"2025-11-24 22:58:57\",\"dictType\":\"\",\"edit\":true,\"htmlType\":\"input\",\"increment\":false,\"insert\":true,\"isEdit\":\"', '{\"msg\":\"操作成功\",\"code\":200}', 0, NULL, '2025-11-25 12:52:00', 22);
INSERT INTO `sys_oper_log` VALUES (126, '代码生成', 8, 'com.ruoyi.generator.controller.GenController.batchGenCode()', 'GET', 1, 'admin', '研发部门', '/tool/gen/batchGenCode', '127.0.0.1', '内网IP', '{\"tables\":\"layout_employees\"}', NULL, 0, NULL, '2025-11-25 12:52:10', 36);
INSERT INTO `sys_oper_log` VALUES (127, '代码生成', 8, 'com.ruoyi.generator.controller.GenController.batchGenCode()', 'GET', 1, 'admin', '研发部门', '/tool/gen/batchGenCode', '127.0.0.1', '内网IP', '{\"tables\":\"layout_employees\"}', NULL, 0, NULL, '2025-11-25 12:52:15', 48);
INSERT INTO `sys_oper_log` VALUES (128, '代码生成', 8, 'com.ruoyi.generator.controller.GenController.batchGenCode()', 'GET', 1, 'admin', '研发部门', '/tool/gen/batchGenCode', '127.0.0.1', '内网IP', '{\"tables\":\"layout_employees\"}', NULL, 0, NULL, '2025-11-25 12:52:30', 33);
INSERT INTO `sys_oper_log` VALUES (129, '代码生成', 8, 'com.ruoyi.generator.controller.GenController.batchGenCode()', 'GET', 1, 'admin', '研发部门', '/tool/gen/batchGenCode', '127.0.0.1', '内网IP', '{\"tables\":\"layout_scheduling\"}', NULL, 0, NULL, '2025-11-25 12:52:39', 27);
INSERT INTO `sys_oper_log` VALUES (130, '代码生成', 8, 'com.ruoyi.generator.controller.GenController.batchGenCode()', 'GET', 1, 'admin', '研发部门', '/tool/gen/batchGenCode', '127.0.0.1', '内网IP', '{\"tables\":\"layout_scheduling\"}', NULL, 0, NULL, '2025-11-25 12:52:40', 35);
INSERT INTO `sys_oper_log` VALUES (131, '代码生成', 8, 'com.ruoyi.generator.controller.GenController.batchGenCode()', 'GET', 1, 'admin', '研发部门', '/tool/gen/batchGenCode', '127.0.0.1', '内网IP', '{\"tables\":\"layout_shift_swap_requests\"}', NULL, 0, NULL, '2025-11-25 12:52:42', 29);
INSERT INTO `sys_oper_log` VALUES (132, '代码生成', 8, 'com.ruoyi.generator.controller.GenController.batchGenCode()', 'GET', 1, 'admin', '研发部门', '/tool/gen/batchGenCode', '127.0.0.1', '内网IP', '{\"tables\":\"layout_shift_swap_requests\"}', NULL, 0, NULL, '2025-11-25 12:52:42', 35);
INSERT INTO `sys_oper_log` VALUES (133, '代码生成', 8, 'com.ruoyi.generator.controller.GenController.batchGenCode()', 'GET', 1, 'admin', '研发部门', '/tool/gen/batchGenCode', '127.0.0.1', '内网IP', '{\"tables\":\"layout_shifts\"}', NULL, 0, NULL, '2025-11-25 12:52:44', 27);
INSERT INTO `sys_oper_log` VALUES (134, '代码生成', 8, 'com.ruoyi.generator.controller.GenController.batchGenCode()', 'GET', 1, 'admin', '研发部门', '/tool/gen/batchGenCode', '127.0.0.1', '内网IP', '{\"tables\":\"layout_shifts\"}', NULL, 0, NULL, '2025-11-25 12:52:44', 25);
INSERT INTO `sys_oper_log` VALUES (135, '代码生成', 8, 'com.ruoyi.generator.controller.GenController.batchGenCode()', 'GET', 1, 'admin', '研发部门', '/tool/gen/batchGenCode', '127.0.0.1', '内网IP', '{\"tables\":\"layout_employees\"}', NULL, 0, NULL, '2025-11-25 12:55:17', 35);
INSERT INTO `sys_oper_log` VALUES (136, '代码生成', 8, 'com.ruoyi.generator.controller.GenController.batchGenCode()', 'GET', 1, 'admin', '研发部门', '/tool/gen/batchGenCode', '127.0.0.1', '内网IP', '{\"tables\":\"layout_scheduling\"}', NULL, 0, NULL, '2025-11-25 12:55:19', 24);
INSERT INTO `sys_oper_log` VALUES (137, '代码生成', 8, 'com.ruoyi.generator.controller.GenController.batchGenCode()', 'GET', 1, 'admin', '研发部门', '/tool/gen/batchGenCode', '127.0.0.1', '内网IP', '{\"tables\":\"layout_shift_swap_requests\"}', NULL, 0, NULL, '2025-11-25 12:55:21', 27);
INSERT INTO `sys_oper_log` VALUES (138, '代码生成', 8, 'com.ruoyi.generator.controller.GenController.batchGenCode()', 'GET', 1, 'admin', '研发部门', '/tool/gen/batchGenCode', '127.0.0.1', '内网IP', '{\"tables\":\"layout_shifts\"}', NULL, 0, NULL, '2025-11-25 12:55:22', 24);
INSERT INTO `sys_oper_log` VALUES (139, '代码生成', 2, 'com.ruoyi.generator.controller.GenController.editSave()', 'PUT', 1, 'admin', '研发部门', '/tool/gen', '127.0.0.1', '内网IP', '{\"businessName\":\"employees\",\"className\":\"LayoutEmployees\",\"columns\":[{\"capJavaField\":\"Id\",\"columnComment\":\"员工id\",\"columnId\":1,\"columnName\":\"id\",\"columnType\":\"int\",\"createBy\":\"admin\",\"createTime\":\"2025-11-24 22:58:57\",\"dictType\":\"\",\"edit\":false,\"htmlType\":\"input\",\"increment\":true,\"insert\":true,\"isIncrement\":\"1\",\"isInsert\":\"1\",\"isPk\":\"1\",\"isRequired\":\"0\",\"javaField\":\"id\",\"javaType\":\"Long\",\"list\":false,\"params\":{},\"pk\":true,\"query\":false,\"queryType\":\"EQ\",\"required\":false,\"sort\":1,\"superColumn\":false,\"tableId\":1,\"updateBy\":\"\",\"updateTime\":\"2025-11-25 12:51:23\",\"usableColumn\":false},{\"capJavaField\":\"UserId\",\"columnComment\":\"关联用户表id\",\"columnId\":2,\"columnName\":\"user_id\",\"columnType\":\"int\",\"createBy\":\"admin\",\"createTime\":\"2025-11-24 22:58:57\",\"dictType\":\"\",\"edit\":true,\"htmlType\":\"select\",\"increment\":false,\"insert\":true,\"isEdit\":\"1\",\"isIncrement\":\"0\",\"isInsert\":\"1\",\"isList\":\"1\",\"isPk\":\"0\",\"isQuery\":\"1\",\"isRequired\":\"0\",\"javaField\":\"userId\",\"javaType\":\"Long\",\"list\":true,\"params\":{},\"pk\":false,\"query\":true,\"queryType\":\"LIKE\",\"required\":false,\"sort\":2,\"superColumn\":false,\"tableId\":1,\"updateBy\":\"\",\"updateTime\":\"2025-11-25 12:51:23\",\"usableColumn\":false},{\"capJavaField\":\"Picture\",\"columnComment\":\"员工照片\",\"columnId\":34,\"columnName\":\"picture\",\"columnType\":\"varchar(255)\",\"createBy\":\"\",\"createTime\":\"2025-11-25 12:50:59\",\"dictType\":\"\",\"edit\":true,\"htmlType\":\"imageUpload\",\"increment\":false,\"insert\":true,\"isEdit\":\"1\",\"isIncrement\":\"0\",\"isInsert\":\"1\",\"isList\":\"1\",\"isPk\":\"0\",\"isQuery\":\"0\",\"isRequired\":\"0\",\"javaField\":\"picture\",\"javaType\":\"String\",\"list\":true,\"params\":{},\"pk\":false,\"query\":false,\"queryType\":\"EQ\",\"required\":false,\"sort\":3,\"superColumn\":false,\"tableId\":1,\"updateBy\":\"\",\"updateTime\":\"2025-11-25 12:51:23\",\"usableColumn\":false},{\"capJavaField\":\"DepartmentId\",\"columnComment\":\"部门ID\",\"columnId\":3,\"columnName\":\"department_id\",\"columnType\":\"int\",\"createBy\":\"admin\",\"createTime\":\"2025-11-24 22:58:57\",\"dictType\":\"\",\"edit\":true,\"htmlType\":\"select\",\"increment\":false,\"insert\":true,\"isEdit\":\"', '{\"msg\":\"操作成功\",\"code\":200}', 0, NULL, '2025-11-25 13:05:41', 61);
INSERT INTO `sys_oper_log` VALUES (140, '代码生成', 2, 'com.ruoyi.generator.controller.GenController.editSave()', 'PUT', 1, 'admin', '研发部门', '/tool/gen', '127.0.0.1', '内网IP', '{\"businessName\":\"employees\",\"className\":\"LayoutEmployees\",\"columns\":[{\"capJavaField\":\"Id\",\"columnComment\":\"员工id\",\"columnId\":1,\"columnName\":\"id\",\"columnType\":\"int\",\"createBy\":\"admin\",\"createTime\":\"2025-11-24 22:58:57\",\"dictType\":\"\",\"edit\":false,\"htmlType\":\"input\",\"increment\":true,\"insert\":true,\"isIncrement\":\"1\",\"isInsert\":\"1\",\"isPk\":\"1\",\"isRequired\":\"0\",\"javaField\":\"id\",\"javaType\":\"Long\",\"list\":false,\"params\":{},\"pk\":true,\"query\":false,\"queryType\":\"EQ\",\"required\":false,\"sort\":1,\"superColumn\":false,\"tableId\":1,\"updateBy\":\"\",\"updateTime\":\"2025-11-25 13:05:41\",\"usableColumn\":false},{\"capJavaField\":\"UserId\",\"columnComment\":\"关联用户表id\",\"columnId\":2,\"columnName\":\"user_id\",\"columnType\":\"int\",\"createBy\":\"admin\",\"createTime\":\"2025-11-24 22:58:57\",\"dictType\":\"\",\"edit\":true,\"htmlType\":\"select\",\"increment\":false,\"insert\":true,\"isEdit\":\"1\",\"isIncrement\":\"0\",\"isInsert\":\"1\",\"isList\":\"1\",\"isPk\":\"0\",\"isQuery\":\"1\",\"isRequired\":\"0\",\"javaField\":\"userId\",\"javaType\":\"Long\",\"list\":true,\"params\":{},\"pk\":false,\"query\":true,\"queryType\":\"LIKE\",\"required\":false,\"sort\":2,\"superColumn\":false,\"tableId\":1,\"updateBy\":\"\",\"updateTime\":\"2025-11-25 13:05:41\",\"usableColumn\":false},{\"capJavaField\":\"Picture\",\"columnComment\":\"员工照片\",\"columnId\":34,\"columnName\":\"picture\",\"columnType\":\"varchar(255)\",\"createBy\":\"\",\"createTime\":\"2025-11-25 12:50:59\",\"dictType\":\"\",\"edit\":true,\"htmlType\":\"imageUpload\",\"increment\":false,\"insert\":true,\"isEdit\":\"1\",\"isIncrement\":\"0\",\"isInsert\":\"1\",\"isList\":\"1\",\"isPk\":\"0\",\"isQuery\":\"0\",\"isRequired\":\"0\",\"javaField\":\"picture\",\"javaType\":\"String\",\"list\":true,\"params\":{},\"pk\":false,\"query\":false,\"queryType\":\"EQ\",\"required\":false,\"sort\":3,\"superColumn\":false,\"tableId\":1,\"updateBy\":\"\",\"updateTime\":\"2025-11-25 13:05:41\",\"usableColumn\":false},{\"capJavaField\":\"DepartmentId\",\"columnComment\":\"部门ID\",\"columnId\":3,\"columnName\":\"department_id\",\"columnType\":\"int\",\"createBy\":\"admin\",\"createTime\":\"2025-11-24 22:58:57\",\"dictType\":\"\",\"edit\":true,\"htmlType\":\"select\",\"increment\":false,\"insert\":true,\"isEdit\":\"', '{\"msg\":\"操作成功\",\"code\":200}', 0, NULL, '2025-11-25 13:06:08', 25);
INSERT INTO `sys_oper_log` VALUES (141, '代码生成', 8, 'com.ruoyi.generator.controller.GenController.batchGenCode()', 'GET', 1, 'admin', '研发部门', '/tool/gen/batchGenCode', '127.0.0.1', '内网IP', '{\"tables\":\"layout_employees\"}', NULL, 0, NULL, '2025-11-25 13:06:11', 135);
INSERT INTO `sys_oper_log` VALUES (142, '菜单管理', 1, 'com.ruoyi.web.controller.system.SysMenuController.add()', 'POST', 1, 'admin', '研发部门', '/system/menu', '127.0.0.1', '内网IP', '{\"children\":[],\"createBy\":\"admin\",\"icon\":\"people\",\"isCache\":\"0\",\"isFrame\":\"1\",\"menuName\":\"用户管理\",\"menuType\":\"M\",\"orderNum\":0,\"params\":{},\"parentId\":0,\"path\":\"/layout\",\"status\":\"0\",\"visible\":\"0\"}', '{\"msg\":\"操作成功\",\"code\":200}', 0, NULL, '2025-11-25 13:19:56', 107);
INSERT INTO `sys_oper_log` VALUES (143, '菜单管理', 2, 'com.ruoyi.web.controller.system.SysMenuController.edit()', 'PUT', 1, 'admin', '研发部门', '/system/menu', '127.0.0.1', '内网IP', '{\"children\":[],\"component\":\"system/user/index\",\"createTime\":\"2025-11-24 13:10:39\",\"icon\":\"user\",\"isCache\":\"0\",\"isFrame\":\"1\",\"menuId\":100,\"menuName\":\"用户管理\",\"menuType\":\"C\",\"orderNum\":1,\"params\":{},\"parentId\":2032,\"path\":\"user\",\"perms\":\"system:user:list\",\"query\":\"\",\"routeName\":\"\",\"status\":\"0\",\"updateBy\":\"admin\",\"visible\":\"0\"}', '{\"msg\":\"操作成功\",\"code\":200}', 0, NULL, '2025-11-25 13:20:26', 10);
INSERT INTO `sys_oper_log` VALUES (144, '菜单管理', 2, 'com.ruoyi.web.controller.system.SysMenuController.edit()', 'PUT', 1, 'admin', '研发部门', '/system/menu', '127.0.0.1', '内网IP', '{\"children\":[],\"component\":\"system/user/index\",\"createTime\":\"2025-11-24 13:10:39\",\"icon\":\"user\",\"isCache\":\"0\",\"isFrame\":\"1\",\"menuId\":100,\"menuName\":\"用户信息\",\"menuType\":\"C\",\"orderNum\":1,\"params\":{},\"parentId\":2032,\"path\":\"user\",\"perms\":\"system:user:list\",\"query\":\"\",\"routeName\":\"\",\"status\":\"0\",\"updateBy\":\"admin\",\"visible\":\"0\"}', '{\"msg\":\"操作成功\",\"code\":200}', 0, NULL, '2025-11-25 13:20:41', 7);
INSERT INTO `sys_oper_log` VALUES (145, '菜单管理', 2, 'com.ruoyi.web.controller.system.SysMenuController.edit()', 'PUT', 1, 'admin', '研发部门', '/system/menu', '127.0.0.1', '内网IP', '{\"children\":[],\"component\":\"employees/employees/index\",\"createTime\":\"2025-11-25 13:07:01\",\"icon\":\"#\",\"isCache\":\"0\",\"isFrame\":\"1\",\"menuId\":2008,\"menuName\":\"员工信息\",\"menuType\":\"C\",\"orderNum\":1,\"params\":{},\"parentId\":2032,\"path\":\"employees\",\"perms\":\"employees:employees:list\",\"routeName\":\"\",\"status\":\"0\",\"updateBy\":\"admin\",\"visible\":\"0\"}', '{\"msg\":\"操作成功\",\"code\":200}', 0, NULL, '2025-11-25 13:20:52', 7);
INSERT INTO `sys_oper_log` VALUES (146, '菜单管理', 2, 'com.ruoyi.web.controller.system.SysMenuController.edit()', 'PUT', 1, 'admin', '研发部门', '/system/menu', '127.0.0.1', '内网IP', '{\"children\":[],\"component\":\"employees/employees/index\",\"createTime\":\"2025-11-25 13:07:01\",\"icon\":\"phone\",\"isCache\":\"0\",\"isFrame\":\"1\",\"menuId\":2008,\"menuName\":\"员工信息\",\"menuType\":\"C\",\"orderNum\":1,\"params\":{},\"parentId\":2032,\"path\":\"employees\",\"perms\":\"employees:employees:list\",\"routeName\":\"\",\"status\":\"0\",\"updateBy\":\"admin\",\"visible\":\"0\"}', '{\"msg\":\"操作成功\",\"code\":200}', 0, NULL, '2025-11-25 13:21:01', 8);
INSERT INTO `sys_oper_log` VALUES (147, '菜单管理', 2, 'com.ruoyi.web.controller.system.SysMenuController.edit()', 'PUT', 1, 'admin', '研发部门', '/system/menu', '127.0.0.1', '内网IP', '{\"children\":[],\"component\":\"system/role/index\",\"createTime\":\"2025-11-24 13:10:39\",\"icon\":\"peoples\",\"isCache\":\"0\",\"isFrame\":\"1\",\"menuId\":101,\"menuName\":\"角色管理\",\"menuType\":\"C\",\"orderNum\":2,\"params\":{},\"parentId\":2032,\"path\":\"role\",\"perms\":\"system:role:list\",\"query\":\"\",\"routeName\":\"\",\"status\":\"0\",\"updateBy\":\"admin\",\"visible\":\"0\"}', '{\"msg\":\"操作成功\",\"code\":200}', 0, NULL, '2025-11-25 13:21:15', 8);
INSERT INTO `sys_oper_log` VALUES (148, '菜单管理', 2, 'com.ruoyi.web.controller.system.SysMenuController.edit()', 'PUT', 1, 'admin', '研发部门', '/system/menu', '127.0.0.1', '内网IP', '{\"children\":[],\"component\":\"system/user/index\",\"createTime\":\"2025-11-24 13:10:39\",\"icon\":\"user\",\"isCache\":\"0\",\"isFrame\":\"1\",\"menuId\":100,\"menuName\":\"用户信息\",\"menuType\":\"C\",\"orderNum\":0,\"params\":{},\"parentId\":2032,\"path\":\"user\",\"perms\":\"system:user:list\",\"query\":\"\",\"routeName\":\"\",\"status\":\"0\",\"updateBy\":\"admin\",\"visible\":\"0\"}', '{\"msg\":\"操作成功\",\"code\":200}', 0, NULL, '2025-11-25 13:21:22', 8);
INSERT INTO `sys_oper_log` VALUES (149, '菜单管理', 2, 'com.ruoyi.web.controller.system.SysMenuController.edit()', 'PUT', 1, 'admin', '研发部门', '/system/menu', '127.0.0.1', '内网IP', '{\"children\":[],\"createTime\":\"2025-11-25 13:19:56\",\"icon\":\"people\",\"isCache\":\"0\",\"isFrame\":\"1\",\"menuId\":2032,\"menuName\":\"用户管理\",\"menuType\":\"M\",\"orderNum\":1,\"params\":{},\"parentId\":0,\"path\":\"/layout\",\"perms\":\"\",\"routeName\":\"\",\"status\":\"0\",\"updateBy\":\"admin\",\"visible\":\"0\"}', '{\"msg\":\"操作成功\",\"code\":200}', 0, NULL, '2025-11-25 13:21:26', 8);
INSERT INTO `sys_oper_log` VALUES (150, '菜单管理', 2, 'com.ruoyi.web.controller.system.SysMenuController.edit()', 'PUT', 1, 'admin', '研发部门', '/system/menu', '127.0.0.1', '内网IP', '{\"children\":[],\"createTime\":\"2025-11-24 13:10:39\",\"icon\":\"system\",\"isCache\":\"0\",\"isFrame\":\"1\",\"menuId\":1,\"menuName\":\"系统管理\",\"menuType\":\"M\",\"orderNum\":0,\"params\":{},\"parentId\":0,\"path\":\"system\",\"perms\":\"\",\"query\":\"\",\"routeName\":\"\",\"status\":\"0\",\"updateBy\":\"admin\",\"visible\":\"0\"}', '{\"msg\":\"操作成功\",\"code\":200}', 0, NULL, '2025-11-25 13:21:32', 8);
INSERT INTO `sys_oper_log` VALUES (151, '菜单管理', 2, 'com.ruoyi.web.controller.system.SysMenuController.edit()', 'PUT', 1, 'admin', '研发部门', '/system/menu', '127.0.0.1', '内网IP', '{\"children\":[],\"createTime\":\"2025-11-24 23:19:21\",\"icon\":\"druid\",\"isCache\":\"0\",\"isFrame\":\"1\",\"menuId\":2001,\"menuName\":\"班次管理\",\"menuType\":\"M\",\"orderNum\":2,\"params\":{},\"parentId\":0,\"path\":\"layout\",\"perms\":\"\",\"routeName\":\"\",\"status\":\"0\",\"updateBy\":\"admin\",\"visible\":\"0\"}', '{\"msg\":\"操作成功\",\"code\":200}', 0, NULL, '2025-11-25 13:21:57', 8);
INSERT INTO `sys_oper_log` VALUES (152, '菜单管理', 2, 'com.ruoyi.web.controller.system.SysMenuController.edit()', 'PUT', 1, 'admin', '研发部门', '/system/menu', '127.0.0.1', '内网IP', '{\"children\":[],\"component\":\"requests/requests/index\",\"createTime\":\"2025-11-25 13:10:19\",\"icon\":\"#\",\"isCache\":\"0\",\"isFrame\":\"1\",\"menuId\":2020,\"menuName\":\"替换申请\",\"menuType\":\"C\",\"orderNum\":3,\"params\":{},\"parentId\":2001,\"path\":\"requests\",\"perms\":\"requests:requests:list\",\"routeName\":\"\",\"status\":\"0\",\"updateBy\":\"admin\",\"visible\":\"0\"}', '{\"msg\":\"操作成功\",\"code\":200}', 0, NULL, '2025-11-25 19:24:48', 27);
INSERT INTO `sys_oper_log` VALUES (153, '菜单管理', 2, 'com.ruoyi.web.controller.system.SysMenuController.edit()', 'PUT', 1, 'admin', '研发部门', '/system/menu', '127.0.0.1', '内网IP', '{\"children\":[],\"component\":\"scheduling/scheduling/index\",\"createTime\":\"2025-11-25 13:10:22\",\"icon\":\"#\",\"isCache\":\"0\",\"isFrame\":\"1\",\"menuId\":2026,\"menuName\":\"排班情况\",\"menuType\":\"C\",\"orderNum\":2,\"params\":{},\"parentId\":2001,\"path\":\"scheduling\",\"perms\":\"scheduling:scheduling:list\",\"routeName\":\"\",\"status\":\"0\",\"updateBy\":\"admin\",\"visible\":\"0\"}', '{\"msg\":\"操作成功\",\"code\":200}', 0, NULL, '2025-11-25 19:24:55', 8);
INSERT INTO `sys_oper_log` VALUES (154, '代码生成', 2, 'com.ruoyi.generator.controller.GenController.synchDb()', 'GET', 1, 'admin', '研发部门', '/tool/gen/synchDb/layout_employees', '127.0.0.1', '内网IP', '{}', '{\"msg\":\"操作成功\",\"code\":200}', 0, NULL, '2025-11-25 19:48:33', 53);
INSERT INTO `sys_oper_log` VALUES (155, '代码生成', 2, 'com.ruoyi.generator.controller.GenController.synchDb()', 'GET', 1, 'admin', '研发部门', '/tool/gen/synchDb/layout_shifts', '127.0.0.1', '内网IP', '{}', '{\"msg\":\"操作成功\",\"code\":200}', 0, NULL, '2025-11-25 19:48:41', 34);
INSERT INTO `sys_oper_log` VALUES (156, '代码生成', 2, 'com.ruoyi.generator.controller.GenController.editSave()', 'PUT', 1, 'admin', '研发部门', '/tool/gen', '127.0.0.1', '内网IP', '{\"businessName\":\"shifts\",\"className\":\"LayoutShifts\",\"columns\":[{\"capJavaField\":\"Id\",\"columnComment\":\"班次id\",\"columnId\":27,\"columnName\":\"id\",\"columnType\":\"int\",\"createBy\":\"admin\",\"createTime\":\"2025-11-24 22:58:57\",\"dictType\":\"\",\"edit\":false,\"htmlType\":\"input\",\"increment\":false,\"insert\":true,\"isIncrement\":\"0\",\"isInsert\":\"1\",\"isPk\":\"1\",\"isRequired\":\"0\",\"javaField\":\"id\",\"javaType\":\"Long\",\"list\":false,\"params\":{},\"pk\":true,\"query\":false,\"queryType\":\"EQ\",\"required\":false,\"sort\":1,\"superColumn\":false,\"tableId\":4,\"updateBy\":\"\",\"updateTime\":\"2025-11-25 19:48:41\",\"usableColumn\":false},{\"capJavaField\":\"ShiftName\",\"columnComment\":\"班次名称(如早班、晚班)\",\"columnId\":28,\"columnName\":\"shift_name\",\"columnType\":\"varchar(255)\",\"createBy\":\"admin\",\"createTime\":\"2025-11-24 22:58:57\",\"dictType\":\"\",\"edit\":true,\"htmlType\":\"input\",\"increment\":false,\"insert\":true,\"isEdit\":\"1\",\"isIncrement\":\"0\",\"isInsert\":\"1\",\"isList\":\"1\",\"isPk\":\"0\",\"isQuery\":\"1\",\"isRequired\":\"0\",\"javaField\":\"shiftName\",\"javaType\":\"String\",\"list\":true,\"params\":{},\"pk\":false,\"query\":true,\"queryType\":\"LIKE\",\"required\":false,\"sort\":2,\"superColumn\":false,\"tableId\":4,\"updateBy\":\"\",\"updateTime\":\"2025-11-25 19:48:41\",\"usableColumn\":false},{\"capJavaField\":\"DateTime\",\"columnComment\":\"日期时间\",\"columnId\":35,\"columnName\":\"date_time\",\"columnType\":\"datetime\",\"createBy\":\"\",\"createTime\":\"2025-11-25 19:48:41\",\"dictType\":\"\",\"edit\":true,\"htmlType\":\"datetime\",\"increment\":false,\"insert\":true,\"isEdit\":\"1\",\"isIncrement\":\"0\",\"isInsert\":\"1\",\"isList\":\"1\",\"isPk\":\"0\",\"isQuery\":\"1\",\"isRequired\":\"0\",\"javaField\":\"dateTime\",\"javaType\":\"Date\",\"list\":true,\"params\":{},\"pk\":false,\"query\":true,\"queryType\":\"EQ\",\"required\":false,\"sort\":3,\"superColumn\":false,\"tableId\":4,\"updateBy\":\"\",\"usableColumn\":false},{\"capJavaField\":\"ShiftType\",\"columnComment\":\"班次类型(如正常班、夜班)\",\"columnId\":31,\"columnName\":\"shift_type\",\"columnType\":\"varchar(255)\",\"createBy\":\"admin\",\"createTime\":\"2025-11-24 22:58:57\",\"dictType\":\"\",\"edit\":true,\"htmlType\":\"select\",\"increment\":false,\"insert\":true,\"isEdit\":\"1\",\"isI', '{\"msg\":\"操作成功\",\"code\":200}', 0, NULL, '2025-11-25 19:49:08', 28);
INSERT INTO `sys_oper_log` VALUES (157, '代码生成', 8, 'com.ruoyi.generator.controller.GenController.batchGenCode()', 'GET', 1, 'admin', '研发部门', '/tool/gen/batchGenCode', '127.0.0.1', '内网IP', '{\"tables\":\"layout_shifts\"}', NULL, 0, NULL, '2025-11-25 19:49:11', 136);
INSERT INTO `sys_oper_log` VALUES (158, '代码生成', 2, 'com.ruoyi.generator.controller.GenController.editSave()', 'PUT', 1, 'admin', '研发部门', '/tool/gen', '127.0.0.1', '内网IP', '{\"businessName\":\"shifts\",\"className\":\"LayoutShifts\",\"columns\":[{\"capJavaField\":\"Id\",\"columnComment\":\"班次id\",\"columnId\":27,\"columnName\":\"id\",\"columnType\":\"int\",\"createBy\":\"admin\",\"createTime\":\"2025-11-24 22:58:57\",\"dictType\":\"\",\"edit\":false,\"htmlType\":\"input\",\"increment\":false,\"insert\":true,\"isIncrement\":\"0\",\"isInsert\":\"1\",\"isPk\":\"1\",\"isRequired\":\"0\",\"javaField\":\"id\",\"javaType\":\"Long\",\"list\":false,\"params\":{},\"pk\":true,\"query\":false,\"queryType\":\"EQ\",\"required\":false,\"sort\":1,\"superColumn\":false,\"tableId\":4,\"updateBy\":\"\",\"updateTime\":\"2025-11-25 19:49:08\",\"usableColumn\":false},{\"capJavaField\":\"ShiftName\",\"columnComment\":\"班次名称(如早班、晚班)\",\"columnId\":28,\"columnName\":\"shift_name\",\"columnType\":\"varchar(255)\",\"createBy\":\"admin\",\"createTime\":\"2025-11-24 22:58:57\",\"dictType\":\"\",\"edit\":true,\"htmlType\":\"input\",\"increment\":false,\"insert\":true,\"isEdit\":\"1\",\"isIncrement\":\"0\",\"isInsert\":\"1\",\"isList\":\"1\",\"isPk\":\"0\",\"isQuery\":\"1\",\"isRequired\":\"0\",\"javaField\":\"shiftName\",\"javaType\":\"String\",\"list\":true,\"params\":{},\"pk\":false,\"query\":true,\"queryType\":\"LIKE\",\"required\":false,\"sort\":2,\"superColumn\":false,\"tableId\":4,\"updateBy\":\"\",\"updateTime\":\"2025-11-25 19:49:08\",\"usableColumn\":false},{\"capJavaField\":\"DateTime\",\"columnComment\":\"日期时间\",\"columnId\":35,\"columnName\":\"date_time\",\"columnType\":\"datetime\",\"createBy\":\"\",\"createTime\":\"2025-11-25 19:48:41\",\"dictType\":\"\",\"edit\":true,\"htmlType\":\"datetime\",\"increment\":false,\"insert\":true,\"isEdit\":\"1\",\"isIncrement\":\"0\",\"isInsert\":\"1\",\"isList\":\"1\",\"isPk\":\"0\",\"isQuery\":\"1\",\"isRequired\":\"0\",\"javaField\":\"dateTime\",\"javaType\":\"Date\",\"list\":true,\"params\":{},\"pk\":false,\"query\":true,\"queryType\":\"EQ\",\"required\":false,\"sort\":3,\"superColumn\":false,\"tableId\":4,\"updateBy\":\"\",\"updateTime\":\"2025-11-25 19:49:08\",\"usableColumn\":false},{\"capJavaField\":\"ShiftType\",\"columnComment\":\"班次类型(如正常班、夜班)\",\"columnId\":31,\"columnName\":\"shift_type\",\"columnType\":\"varchar(255)\",\"createBy\":\"admin\",\"createTime\":\"2025-11-24 22:58:57\",\"dictType\":\"\",\"edit\":true,\"htmlType\":\"select\",\"increment\":fa', '{\"msg\":\"操作成功\",\"code\":200}', 0, NULL, '2025-11-25 19:55:49', 49);
INSERT INTO `sys_oper_log` VALUES (159, '代码生成', 2, 'com.ruoyi.generator.controller.GenController.editSave()', 'PUT', 1, 'admin', '研发部门', '/tool/gen', '127.0.0.1', '内网IP', '{\"businessName\":\"shifts\",\"className\":\"LayoutShifts\",\"columns\":[{\"capJavaField\":\"Id\",\"columnComment\":\"班次id\",\"columnId\":27,\"columnName\":\"id\",\"columnType\":\"int\",\"createBy\":\"admin\",\"createTime\":\"2025-11-24 22:58:57\",\"dictType\":\"\",\"edit\":false,\"htmlType\":\"input\",\"increment\":false,\"insert\":true,\"isIncrement\":\"0\",\"isInsert\":\"1\",\"isPk\":\"1\",\"isRequired\":\"0\",\"javaField\":\"id\",\"javaType\":\"Long\",\"list\":false,\"params\":{},\"pk\":true,\"query\":false,\"queryType\":\"EQ\",\"required\":false,\"sort\":1,\"superColumn\":false,\"tableId\":4,\"updateBy\":\"\",\"updateTime\":\"2025-11-25 19:55:48\",\"usableColumn\":false},{\"capJavaField\":\"ShiftName\",\"columnComment\":\"班次名称(如早班、晚班)\",\"columnId\":28,\"columnName\":\"shift_name\",\"columnType\":\"varchar(255)\",\"createBy\":\"admin\",\"createTime\":\"2025-11-24 22:58:57\",\"dictType\":\"\",\"edit\":true,\"htmlType\":\"input\",\"increment\":false,\"insert\":true,\"isEdit\":\"1\",\"isIncrement\":\"0\",\"isInsert\":\"1\",\"isList\":\"1\",\"isPk\":\"0\",\"isQuery\":\"1\",\"isRequired\":\"0\",\"javaField\":\"shiftName\",\"javaType\":\"String\",\"list\":true,\"params\":{},\"pk\":false,\"query\":true,\"queryType\":\"LIKE\",\"required\":false,\"sort\":2,\"superColumn\":false,\"tableId\":4,\"updateBy\":\"\",\"updateTime\":\"2025-11-25 19:55:48\",\"usableColumn\":false},{\"capJavaField\":\"DateTime\",\"columnComment\":\"日期时间\",\"columnId\":35,\"columnName\":\"date_time\",\"columnType\":\"datetime\",\"createBy\":\"\",\"createTime\":\"2025-11-25 19:48:41\",\"dictType\":\"\",\"edit\":true,\"htmlType\":\"datetime\",\"increment\":false,\"insert\":true,\"isEdit\":\"1\",\"isIncrement\":\"0\",\"isInsert\":\"1\",\"isList\":\"1\",\"isPk\":\"0\",\"isQuery\":\"1\",\"isRequired\":\"0\",\"javaField\":\"dateTime\",\"javaType\":\"Date\",\"list\":true,\"params\":{},\"pk\":false,\"query\":true,\"queryType\":\"EQ\",\"required\":false,\"sort\":3,\"superColumn\":false,\"tableId\":4,\"updateBy\":\"\",\"updateTime\":\"2025-11-25 19:55:48\",\"usableColumn\":false},{\"capJavaField\":\"ShiftType\",\"columnComment\":\"班次类型(如正常班、夜班)\",\"columnId\":31,\"columnName\":\"shift_type\",\"columnType\":\"varchar(255)\",\"createBy\":\"admin\",\"createTime\":\"2025-11-24 22:58:57\",\"dictType\":\"\",\"edit\":true,\"htmlType\":\"input\",\"increment\":fal', '{\"msg\":\"操作成功\",\"code\":200}', 0, NULL, '2025-11-25 19:56:49', 20);
INSERT INTO `sys_oper_log` VALUES (160, '字典类型', 1, 'com.ruoyi.web.controller.system.SysDictTypeController.add()', 'POST', 1, 'admin', '研发部门', '/system/dict/type', '127.0.0.1', '内网IP', '{\"createBy\":\"admin\",\"dictName\":\"班次类型\",\"dictType\":\"layout_type\",\"params\":{},\"status\":\"0\"}', '{\"msg\":\"操作成功\",\"code\":200}', 0, NULL, '2025-11-25 19:59:19', 15);
INSERT INTO `sys_oper_log` VALUES (161, '字典数据', 1, 'com.ruoyi.web.controller.system.SysDictDataController.add()', 'POST', 1, 'admin', '研发部门', '/system/dict/data', '127.0.0.1', '内网IP', '{\"createBy\":\"admin\",\"default\":false,\"dictLabel\":\"0\",\"dictSort\":0,\"dictType\":\"layout_type\",\"dictValue\":\"早班\",\"listClass\":\"default\",\"params\":{},\"status\":\"0\"}', '{\"msg\":\"操作成功\",\"code\":200}', 0, NULL, '2025-11-25 20:00:03', 12);
INSERT INTO `sys_oper_log` VALUES (162, '字典数据', 1, 'com.ruoyi.web.controller.system.SysDictDataController.add()', 'POST', 1, 'admin', '研发部门', '/system/dict/data', '127.0.0.1', '内网IP', '{\"createBy\":\"admin\",\"default\":false,\"dictLabel\":\"1\",\"dictSort\":1,\"dictType\":\"layout_type\",\"dictValue\":\"午班\",\"listClass\":\"default\",\"params\":{},\"status\":\"0\"}', '{\"msg\":\"操作成功\",\"code\":200}', 0, NULL, '2025-11-25 20:00:17', 8);
INSERT INTO `sys_oper_log` VALUES (163, '字典数据', 1, 'com.ruoyi.web.controller.system.SysDictDataController.add()', 'POST', 1, 'admin', '研发部门', '/system/dict/data', '127.0.0.1', '内网IP', '{\"createBy\":\"admin\",\"default\":false,\"dictLabel\":\"2\",\"dictSort\":3,\"dictType\":\"layout_type\",\"dictValue\":\"晚班\",\"listClass\":\"default\",\"params\":{},\"status\":\"0\"}', '{\"msg\":\"操作成功\",\"code\":200}', 0, NULL, '2025-11-25 20:00:32', 6);
INSERT INTO `sys_oper_log` VALUES (164, '字典数据', 2, 'com.ruoyi.web.controller.system.SysDictDataController.edit()', 'PUT', 1, 'admin', '研发部门', '/system/dict/data', '127.0.0.1', '内网IP', '{\"createBy\":\"admin\",\"createTime\":\"2025-11-25 20:00:03\",\"default\":false,\"dictCode\":100,\"dictLabel\":\"0\",\"dictSort\":1,\"dictType\":\"layout_type\",\"dictValue\":\"早班\",\"isDefault\":\"N\",\"listClass\":\"default\",\"params\":{},\"status\":\"0\",\"updateBy\":\"admin\"}', '{\"msg\":\"操作成功\",\"code\":200}', 0, NULL, '2025-11-25 20:00:47', 7);
INSERT INTO `sys_oper_log` VALUES (165, '字典数据', 2, 'com.ruoyi.web.controller.system.SysDictDataController.edit()', 'PUT', 1, 'admin', '研发部门', '/system/dict/data', '127.0.0.1', '内网IP', '{\"createBy\":\"admin\",\"createTime\":\"2025-11-25 20:00:17\",\"default\":false,\"dictCode\":101,\"dictLabel\":\"1\",\"dictSort\":2,\"dictType\":\"layout_type\",\"dictValue\":\"午班\",\"isDefault\":\"N\",\"listClass\":\"default\",\"params\":{},\"status\":\"0\",\"updateBy\":\"admin\"}', '{\"msg\":\"操作成功\",\"code\":200}', 0, NULL, '2025-11-25 20:00:50', 6);
INSERT INTO `sys_oper_log` VALUES (166, '字典数据', 1, 'com.ruoyi.web.controller.system.SysDictDataController.add()', 'POST', 1, 'admin', '研发部门', '/system/dict/data', '127.0.0.1', '内网IP', '{\"createBy\":\"admin\",\"default\":false,\"dictLabel\":\"0\",\"dictSort\":0,\"dictType\":\"layout_type\",\"dictValue\":\"全天\",\"listClass\":\"default\",\"params\":{},\"status\":\"0\"}', '{\"msg\":\"操作成功\",\"code\":200}', 0, NULL, '2025-11-25 20:01:01', 6);
INSERT INTO `sys_oper_log` VALUES (167, '字典数据', 1, 'com.ruoyi.web.controller.system.SysDictDataController.add()', 'POST', 1, 'admin', '研发部门', '/system/dict/data', '127.0.0.1', '内网IP', '{\"createBy\":\"admin\",\"default\":false,\"dictLabel\":\"4\",\"dictSort\":4,\"dictType\":\"layout_type\",\"dictValue\":\"其他\",\"listClass\":\"default\",\"params\":{},\"status\":\"0\"}', '{\"msg\":\"操作成功\",\"code\":200}', 0, NULL, '2025-11-25 20:01:39', 8);
INSERT INTO `sys_oper_log` VALUES (168, '代码生成', 2, 'com.ruoyi.generator.controller.GenController.editSave()', 'PUT', 1, 'admin', '研发部门', '/tool/gen', '127.0.0.1', '内网IP', '{\"businessName\":\"shifts\",\"className\":\"LayoutShifts\",\"columns\":[{\"capJavaField\":\"Id\",\"columnComment\":\"班次id\",\"columnId\":27,\"columnName\":\"id\",\"columnType\":\"int\",\"createBy\":\"admin\",\"createTime\":\"2025-11-24 22:58:57\",\"dictType\":\"\",\"edit\":false,\"htmlType\":\"input\",\"increment\":false,\"insert\":true,\"isIncrement\":\"0\",\"isInsert\":\"1\",\"isPk\":\"1\",\"isRequired\":\"0\",\"javaField\":\"id\",\"javaType\":\"Long\",\"list\":false,\"params\":{},\"pk\":true,\"query\":false,\"queryType\":\"EQ\",\"required\":false,\"sort\":1,\"superColumn\":false,\"tableId\":4,\"updateBy\":\"\",\"updateTime\":\"2025-11-25 19:56:49\",\"usableColumn\":false},{\"capJavaField\":\"ShiftName\",\"columnComment\":\"班次名称\",\"columnId\":28,\"columnName\":\"shift_name\",\"columnType\":\"varchar(255)\",\"createBy\":\"admin\",\"createTime\":\"2025-11-24 22:58:57\",\"dictType\":\"\",\"edit\":true,\"htmlType\":\"input\",\"increment\":false,\"insert\":true,\"isEdit\":\"1\",\"isIncrement\":\"0\",\"isInsert\":\"1\",\"isList\":\"1\",\"isPk\":\"0\",\"isQuery\":\"1\",\"isRequired\":\"0\",\"javaField\":\"shiftName\",\"javaType\":\"String\",\"list\":true,\"params\":{},\"pk\":false,\"query\":true,\"queryType\":\"LIKE\",\"required\":false,\"sort\":2,\"superColumn\":false,\"tableId\":4,\"updateBy\":\"\",\"updateTime\":\"2025-11-25 19:56:49\",\"usableColumn\":false},{\"capJavaField\":\"DateTime\",\"columnComment\":\"日期时间\",\"columnId\":35,\"columnName\":\"date_time\",\"columnType\":\"datetime\",\"createBy\":\"\",\"createTime\":\"2025-11-25 19:48:41\",\"dictType\":\"\",\"edit\":true,\"htmlType\":\"datetime\",\"increment\":false,\"insert\":true,\"isEdit\":\"1\",\"isIncrement\":\"0\",\"isInsert\":\"1\",\"isList\":\"1\",\"isPk\":\"0\",\"isQuery\":\"1\",\"isRequired\":\"0\",\"javaField\":\"dateTime\",\"javaType\":\"Date\",\"list\":true,\"params\":{},\"pk\":false,\"query\":true,\"queryType\":\"EQ\",\"required\":false,\"sort\":3,\"superColumn\":false,\"tableId\":4,\"updateBy\":\"\",\"updateTime\":\"2025-11-25 19:56:49\",\"usableColumn\":false},{\"capJavaField\":\"ShiftType\",\"columnComment\":\"班次类型\",\"columnId\":31,\"columnName\":\"shift_type\",\"columnType\":\"varchar(255)\",\"createBy\":\"admin\",\"createTime\":\"2025-11-24 22:58:57\",\"dictType\":\"\",\"edit\":true,\"htmlType\":\"input\",\"increment\":false,\"insert\":true,', '{\"msg\":\"操作成功\",\"code\":200}', 0, NULL, '2025-11-25 20:02:12', 13);
INSERT INTO `sys_oper_log` VALUES (169, '代码生成', 2, 'com.ruoyi.generator.controller.GenController.editSave()', 'PUT', 1, 'admin', '研发部门', '/tool/gen', '127.0.0.1', '内网IP', '{\"businessName\":\"shifts\",\"className\":\"LayoutShifts\",\"columns\":[{\"capJavaField\":\"Id\",\"columnComment\":\"班次id\",\"columnId\":27,\"columnName\":\"id\",\"columnType\":\"int\",\"createBy\":\"admin\",\"createTime\":\"2025-11-24 22:58:57\",\"dictType\":\"\",\"edit\":false,\"htmlType\":\"input\",\"increment\":false,\"insert\":true,\"isIncrement\":\"0\",\"isInsert\":\"1\",\"isPk\":\"1\",\"isRequired\":\"0\",\"javaField\":\"id\",\"javaType\":\"Long\",\"list\":false,\"params\":{},\"pk\":true,\"query\":false,\"queryType\":\"EQ\",\"required\":false,\"sort\":1,\"superColumn\":false,\"tableId\":4,\"updateBy\":\"\",\"updateTime\":\"2025-11-25 20:02:12\",\"usableColumn\":false},{\"capJavaField\":\"ShiftName\",\"columnComment\":\"班次名称\",\"columnId\":28,\"columnName\":\"shift_name\",\"columnType\":\"varchar(255)\",\"createBy\":\"admin\",\"createTime\":\"2025-11-24 22:58:57\",\"dictType\":\"\",\"edit\":true,\"htmlType\":\"input\",\"increment\":false,\"insert\":true,\"isEdit\":\"1\",\"isIncrement\":\"0\",\"isInsert\":\"1\",\"isList\":\"1\",\"isPk\":\"0\",\"isQuery\":\"1\",\"isRequired\":\"0\",\"javaField\":\"shiftName\",\"javaType\":\"String\",\"list\":true,\"params\":{},\"pk\":false,\"query\":true,\"queryType\":\"LIKE\",\"required\":false,\"sort\":2,\"superColumn\":false,\"tableId\":4,\"updateBy\":\"\",\"updateTime\":\"2025-11-25 20:02:12\",\"usableColumn\":false},{\"capJavaField\":\"DateTime\",\"columnComment\":\"日期时间\",\"columnId\":35,\"columnName\":\"date_time\",\"columnType\":\"datetime\",\"createBy\":\"\",\"createTime\":\"2025-11-25 19:48:41\",\"dictType\":\"\",\"edit\":true,\"htmlType\":\"datetime\",\"increment\":false,\"insert\":true,\"isEdit\":\"1\",\"isIncrement\":\"0\",\"isInsert\":\"1\",\"isList\":\"1\",\"isPk\":\"0\",\"isQuery\":\"1\",\"isRequired\":\"0\",\"javaField\":\"dateTime\",\"javaType\":\"Date\",\"list\":true,\"params\":{},\"pk\":false,\"query\":true,\"queryType\":\"EQ\",\"required\":false,\"sort\":3,\"superColumn\":false,\"tableId\":4,\"updateBy\":\"\",\"updateTime\":\"2025-11-25 20:02:12\",\"usableColumn\":false},{\"capJavaField\":\"ShiftType\",\"columnComment\":\"班次类型\",\"columnId\":31,\"columnName\":\"shift_type\",\"columnType\":\"varchar(255)\",\"createBy\":\"admin\",\"createTime\":\"2025-11-24 22:58:57\",\"dictType\":\"layout_type\",\"edit\":true,\"htmlType\":\"select\",\"increment\":false,\"i', '{\"msg\":\"操作成功\",\"code\":200}', 0, NULL, '2025-11-25 20:02:28', 12);
INSERT INTO `sys_oper_log` VALUES (170, '代码生成', 2, 'com.ruoyi.generator.controller.GenController.editSave()', 'PUT', 1, 'admin', '研发部门', '/tool/gen', '127.0.0.1', '内网IP', '{\"businessName\":\"shifts\",\"className\":\"LayoutShifts\",\"columns\":[{\"capJavaField\":\"Id\",\"columnComment\":\"班次id\",\"columnId\":27,\"columnName\":\"id\",\"columnType\":\"int\",\"createBy\":\"admin\",\"createTime\":\"2025-11-24 22:58:57\",\"dictType\":\"\",\"edit\":false,\"htmlType\":\"input\",\"increment\":false,\"insert\":true,\"isIncrement\":\"0\",\"isInsert\":\"1\",\"isPk\":\"1\",\"isRequired\":\"0\",\"javaField\":\"id\",\"javaType\":\"Long\",\"list\":false,\"params\":{},\"pk\":true,\"query\":false,\"queryType\":\"EQ\",\"required\":false,\"sort\":1,\"superColumn\":false,\"tableId\":4,\"updateBy\":\"\",\"updateTime\":\"2025-11-25 20:02:28\",\"usableColumn\":false},{\"capJavaField\":\"ShiftName\",\"columnComment\":\"班次名称\",\"columnId\":28,\"columnName\":\"shift_name\",\"columnType\":\"varchar(255)\",\"createBy\":\"admin\",\"createTime\":\"2025-11-24 22:58:57\",\"dictType\":\"\",\"edit\":true,\"htmlType\":\"input\",\"increment\":false,\"insert\":true,\"isEdit\":\"1\",\"isIncrement\":\"0\",\"isInsert\":\"1\",\"isList\":\"1\",\"isPk\":\"0\",\"isQuery\":\"1\",\"isRequired\":\"0\",\"javaField\":\"shiftName\",\"javaType\":\"String\",\"list\":true,\"params\":{},\"pk\":false,\"query\":true,\"queryType\":\"LIKE\",\"required\":false,\"sort\":2,\"superColumn\":false,\"tableId\":4,\"updateBy\":\"\",\"updateTime\":\"2025-11-25 20:02:28\",\"usableColumn\":false},{\"capJavaField\":\"DateTime\",\"columnComment\":\"日期时间\",\"columnId\":35,\"columnName\":\"date_time\",\"columnType\":\"datetime\",\"createBy\":\"\",\"createTime\":\"2025-11-25 19:48:41\",\"dictType\":\"\",\"edit\":true,\"htmlType\":\"datetime\",\"increment\":false,\"insert\":true,\"isEdit\":\"1\",\"isIncrement\":\"0\",\"isInsert\":\"1\",\"isList\":\"1\",\"isPk\":\"0\",\"isQuery\":\"1\",\"isRequired\":\"0\",\"javaField\":\"dateTime\",\"javaType\":\"Date\",\"list\":true,\"params\":{},\"pk\":false,\"query\":true,\"queryType\":\"EQ\",\"required\":false,\"sort\":3,\"superColumn\":false,\"tableId\":4,\"updateBy\":\"\",\"updateTime\":\"2025-11-25 20:02:28\",\"usableColumn\":false},{\"capJavaField\":\"ShiftType\",\"columnComment\":\"班次类型\",\"columnId\":31,\"columnName\":\"shift_type\",\"columnType\":\"varchar(255)\",\"createBy\":\"admin\",\"createTime\":\"2025-11-24 22:58:57\",\"dictType\":\"layout_type\",\"edit\":true,\"htmlType\":\"select\",\"increment\":false,\"i', '{\"msg\":\"操作成功\",\"code\":200}', 0, NULL, '2025-11-25 20:03:06', 15);
INSERT INTO `sys_oper_log` VALUES (171, '字典数据', 2, 'com.ruoyi.web.controller.system.SysDictDataController.edit()', 'PUT', 1, 'admin', '研发部门', '/system/dict/data', '127.0.0.1', '内网IP', '{\"createBy\":\"admin\",\"createTime\":\"2025-11-25 20:00:03\",\"default\":false,\"dictCode\":100,\"dictLabel\":\"早班\",\"dictSort\":1,\"dictType\":\"layout_type\",\"dictValue\":\"1\",\"isDefault\":\"N\",\"listClass\":\"default\",\"params\":{},\"status\":\"0\",\"updateBy\":\"admin\"}', '{\"msg\":\"操作成功\",\"code\":200}', 0, NULL, '2025-11-25 20:04:03', 7);
INSERT INTO `sys_oper_log` VALUES (172, '字典数据', 2, 'com.ruoyi.web.controller.system.SysDictDataController.edit()', 'PUT', 1, 'admin', '研发部门', '/system/dict/data', '127.0.0.1', '内网IP', '{\"createBy\":\"admin\",\"createTime\":\"2025-11-25 20:01:01\",\"default\":false,\"dictCode\":103,\"dictLabel\":\"全天\",\"dictSort\":0,\"dictType\":\"layout_type\",\"dictValue\":\"0\",\"isDefault\":\"N\",\"listClass\":\"default\",\"params\":{},\"status\":\"0\",\"updateBy\":\"admin\"}', '{\"msg\":\"操作成功\",\"code\":200}', 0, NULL, '2025-11-25 20:04:10', 9);
INSERT INTO `sys_oper_log` VALUES (173, '字典数据', 2, 'com.ruoyi.web.controller.system.SysDictDataController.edit()', 'PUT', 1, 'admin', '研发部门', '/system/dict/data', '127.0.0.1', '内网IP', '{\"createBy\":\"admin\",\"createTime\":\"2025-11-25 20:00:17\",\"default\":false,\"dictCode\":101,\"dictLabel\":\"午班\",\"dictSort\":2,\"dictType\":\"layout_type\",\"dictValue\":\"1\",\"isDefault\":\"N\",\"listClass\":\"default\",\"params\":{},\"status\":\"0\",\"updateBy\":\"admin\"}', '{\"msg\":\"操作成功\",\"code\":200}', 0, NULL, '2025-11-25 20:04:17', 6);
INSERT INTO `sys_oper_log` VALUES (174, '字典数据', 2, 'com.ruoyi.web.controller.system.SysDictDataController.edit()', 'PUT', 1, 'admin', '研发部门', '/system/dict/data', '127.0.0.1', '内网IP', '{\"createBy\":\"admin\",\"createTime\":\"2025-11-25 20:00:32\",\"default\":false,\"dictCode\":102,\"dictLabel\":\"晚班\",\"dictSort\":3,\"dictType\":\"layout_type\",\"dictValue\":\"1\",\"isDefault\":\"N\",\"listClass\":\"default\",\"params\":{},\"status\":\"0\",\"updateBy\":\"admin\"}', '{\"msg\":\"操作成功\",\"code\":200}', 0, NULL, '2025-11-25 20:04:25', 7);
INSERT INTO `sys_oper_log` VALUES (175, '字典数据', 2, 'com.ruoyi.web.controller.system.SysDictDataController.edit()', 'PUT', 1, 'admin', '研发部门', '/system/dict/data', '127.0.0.1', '内网IP', '{\"createBy\":\"admin\",\"createTime\":\"2025-11-25 20:00:17\",\"default\":false,\"dictCode\":101,\"dictLabel\":\"午班\",\"dictSort\":2,\"dictType\":\"layout_type\",\"dictValue\":\"2\",\"isDefault\":\"N\",\"listClass\":\"default\",\"params\":{},\"status\":\"0\",\"updateBy\":\"admin\"}', '{\"msg\":\"操作成功\",\"code\":200}', 0, NULL, '2025-11-25 20:04:30', 7);
INSERT INTO `sys_oper_log` VALUES (176, '字典数据', 2, 'com.ruoyi.web.controller.system.SysDictDataController.edit()', 'PUT', 1, 'admin', '研发部门', '/system/dict/data', '127.0.0.1', '内网IP', '{\"createBy\":\"admin\",\"createTime\":\"2025-11-25 20:00:32\",\"default\":false,\"dictCode\":102,\"dictLabel\":\"晚班\",\"dictSort\":3,\"dictType\":\"layout_type\",\"dictValue\":\"3\",\"isDefault\":\"N\",\"listClass\":\"default\",\"params\":{},\"status\":\"0\",\"updateBy\":\"admin\"}', '{\"msg\":\"操作成功\",\"code\":200}', 0, NULL, '2025-11-25 20:04:33', 7);
INSERT INTO `sys_oper_log` VALUES (177, '字典数据', 2, 'com.ruoyi.web.controller.system.SysDictDataController.edit()', 'PUT', 1, 'admin', '研发部门', '/system/dict/data', '127.0.0.1', '内网IP', '{\"createBy\":\"admin\",\"createTime\":\"2025-11-25 20:00:32\",\"default\":false,\"dictCode\":102,\"dictLabel\":\"晚班\",\"dictSort\":3,\"dictType\":\"layout_type\",\"dictValue\":\"3\",\"isDefault\":\"N\",\"listClass\":\"default\",\"params\":{},\"status\":\"0\",\"updateBy\":\"admin\"}', '{\"msg\":\"操作成功\",\"code\":200}', 0, NULL, '2025-11-25 20:04:43', 6);
INSERT INTO `sys_oper_log` VALUES (178, '字典数据', 2, 'com.ruoyi.web.controller.system.SysDictDataController.edit()', 'PUT', 1, 'admin', '研发部门', '/system/dict/data', '127.0.0.1', '内网IP', '{\"createBy\":\"admin\",\"createTime\":\"2025-11-25 20:01:39\",\"default\":false,\"dictCode\":104,\"dictLabel\":\"夜班\",\"dictSort\":4,\"dictType\":\"layout_type\",\"dictValue\":\"4\",\"isDefault\":\"N\",\"listClass\":\"default\",\"params\":{},\"status\":\"0\",\"updateBy\":\"admin\"}', '{\"msg\":\"操作成功\",\"code\":200}', 0, NULL, '2025-11-25 20:04:54', 7);
INSERT INTO `sys_oper_log` VALUES (179, '字典数据', 1, 'com.ruoyi.web.controller.system.SysDictDataController.add()', 'POST', 1, 'admin', '研发部门', '/system/dict/data', '127.0.0.1', '内网IP', '{\"createBy\":\"admin\",\"default\":false,\"dictLabel\":\"其他\",\"dictSort\":5,\"dictType\":\"layout_type\",\"dictValue\":\"5\",\"listClass\":\"default\",\"params\":{},\"status\":\"0\"}', '{\"msg\":\"操作成功\",\"code\":200}', 0, NULL, '2025-11-25 20:05:05', 8);
INSERT INTO `sys_oper_log` VALUES (180, '字典数据', 2, 'com.ruoyi.web.controller.system.SysDictDataController.edit()', 'PUT', 1, 'admin', '研发部门', '/system/dict/data', '127.0.0.1', '内网IP', '{\"createBy\":\"admin\",\"createTime\":\"2025-11-25 20:05:05\",\"default\":false,\"dictCode\":105,\"dictLabel\":\"其他\",\"dictSort\":5,\"dictType\":\"layout_type\",\"dictValue\":\"5\",\"isDefault\":\"N\",\"listClass\":\"default\",\"params\":{},\"status\":\"0\",\"updateBy\":\"admin\"}', '{\"msg\":\"操作成功\",\"code\":200}', 0, NULL, '2025-11-25 20:05:17', 8);
INSERT INTO `sys_oper_log` VALUES (181, '班次情况', 1, 'com.ruoyi.layout.controller.LayoutShiftsController.add()', 'POST', 1, 'admin', '研发部门', '/shifts/shifts', '127.0.0.1', '内网IP', '{\"dateTime\":\"2025-11-19\",\"params\":{},\"shiftName\":\"一组\",\"shiftType\":\"0\"}', NULL, 1, '\r\n### Error updating database.  Cause: java.sql.SQLException: Field \'id\' doesn\'t have a default value\r\n### The error may exist in file [D:\\project\\java\\EnterpriseLayoutManagementSystem\\ruoyi-layout\\target\\classes\\mapper\\shifts\\LayoutShiftsMapper.xml]\r\n### The error may involve com.ruoyi.layout.mapper.LayoutShiftsMapper.insertLayoutShifts-Inline\r\n### The error occurred while setting parameters\r\n### SQL: insert into layout_shifts          ( shift_name,             date_time,             shift_type )           values ( ?,             ?,             ? )\r\n### Cause: java.sql.SQLException: Field \'id\' doesn\'t have a default value\n; Field \'id\' doesn\'t have a default value; nested exception is java.sql.SQLException: Field \'id\' doesn\'t have a default value', '2025-11-25 20:06:46', 102);
INSERT INTO `sys_oper_log` VALUES (182, '班次情况', 1, 'com.ruoyi.layout.controller.LayoutShiftsController.add()', 'POST', 1, 'admin', '研发部门', '/shifts/shifts', '127.0.0.1', '内网IP', '{\"dateTime\":\"2025-11-05\",\"params\":{},\"shiftName\":\"一组\",\"shiftType\":\"0\"}', '{\"msg\":\"操作成功\",\"code\":200}', 0, NULL, '2025-11-25 20:07:04', 5);
INSERT INTO `sys_oper_log` VALUES (183, '代码生成', 2, 'com.ruoyi.generator.controller.GenController.editSave()', 'PUT', 1, 'admin', '研发部门', '/tool/gen', '127.0.0.1', '内网IP', '{\"businessName\":\"shifts\",\"className\":\"LayoutShifts\",\"columns\":[{\"capJavaField\":\"Id\",\"columnComment\":\"班次id\",\"columnId\":27,\"columnName\":\"id\",\"columnType\":\"int\",\"createBy\":\"admin\",\"createTime\":\"2025-11-24 22:58:57\",\"dictType\":\"\",\"edit\":false,\"htmlType\":\"input\",\"increment\":false,\"insert\":true,\"isIncrement\":\"0\",\"isInsert\":\"1\",\"isPk\":\"1\",\"isRequired\":\"0\",\"javaField\":\"id\",\"javaType\":\"Long\",\"list\":false,\"params\":{},\"pk\":true,\"query\":false,\"queryType\":\"EQ\",\"required\":false,\"sort\":1,\"superColumn\":false,\"tableId\":4,\"updateBy\":\"\",\"updateTime\":\"2025-11-25 20:03:06\",\"usableColumn\":false},{\"capJavaField\":\"ShiftName\",\"columnComment\":\"班次名称\",\"columnId\":28,\"columnName\":\"shift_name\",\"columnType\":\"varchar(255)\",\"createBy\":\"admin\",\"createTime\":\"2025-11-24 22:58:57\",\"dictType\":\"\",\"edit\":true,\"htmlType\":\"input\",\"increment\":false,\"insert\":true,\"isEdit\":\"1\",\"isIncrement\":\"0\",\"isInsert\":\"1\",\"isList\":\"1\",\"isPk\":\"0\",\"isQuery\":\"1\",\"isRequired\":\"1\",\"javaField\":\"shiftName\",\"javaType\":\"String\",\"list\":true,\"params\":{},\"pk\":false,\"query\":true,\"queryType\":\"LIKE\",\"required\":true,\"sort\":2,\"superColumn\":false,\"tableId\":4,\"updateBy\":\"\",\"updateTime\":\"2025-11-25 20:03:06\",\"usableColumn\":false},{\"capJavaField\":\"DateTime\",\"columnComment\":\"日期时间\",\"columnId\":35,\"columnName\":\"date_time\",\"columnType\":\"datetime\",\"createBy\":\"\",\"createTime\":\"2025-11-25 19:48:41\",\"dictType\":\"\",\"edit\":true,\"htmlType\":\"datetime\",\"increment\":false,\"insert\":true,\"isEdit\":\"1\",\"isIncrement\":\"0\",\"isInsert\":\"1\",\"isList\":\"1\",\"isPk\":\"0\",\"isQuery\":\"1\",\"isRequired\":\"1\",\"javaField\":\"dateTime\",\"javaType\":\"Date\",\"list\":true,\"params\":{},\"pk\":false,\"query\":true,\"queryType\":\"EQ\",\"required\":true,\"sort\":3,\"superColumn\":false,\"tableId\":4,\"updateBy\":\"\",\"updateTime\":\"2025-11-25 20:03:06\",\"usableColumn\":false},{\"capJavaField\":\"ShiftType\",\"columnComment\":\"班次类型\",\"columnId\":31,\"columnName\":\"shift_type\",\"columnType\":\"varchar(255)\",\"createBy\":\"admin\",\"createTime\":\"2025-11-24 22:58:57\",\"dictType\":\"layout_type\",\"edit\":true,\"htmlType\":\"select\",\"increment\":false,\"ins', '{\"msg\":\"操作成功\",\"code\":200}', 0, NULL, '2025-11-25 20:07:31', 14);
INSERT INTO `sys_oper_log` VALUES (184, '代码生成', 2, 'com.ruoyi.generator.controller.GenController.editSave()', 'PUT', 1, 'admin', '研发部门', '/tool/gen', '127.0.0.1', '内网IP', '{\"businessName\":\"shifts\",\"className\":\"LayoutShifts\",\"columns\":[{\"capJavaField\":\"Id\",\"columnComment\":\"班次id\",\"columnId\":27,\"columnName\":\"id\",\"columnType\":\"int\",\"createBy\":\"admin\",\"createTime\":\"2025-11-24 22:58:57\",\"dictType\":\"\",\"edit\":false,\"htmlType\":\"input\",\"increment\":false,\"insert\":true,\"isIncrement\":\"0\",\"isInsert\":\"1\",\"isPk\":\"1\",\"isRequired\":\"0\",\"javaField\":\"id\",\"javaType\":\"Long\",\"list\":false,\"params\":{},\"pk\":true,\"query\":false,\"queryType\":\"EQ\",\"required\":false,\"sort\":1,\"superColumn\":false,\"tableId\":4,\"updateBy\":\"\",\"updateTime\":\"2025-11-25 20:07:31\",\"usableColumn\":false},{\"capJavaField\":\"ShiftName\",\"columnComment\":\"班次名称\",\"columnId\":28,\"columnName\":\"shift_name\",\"columnType\":\"varchar(255)\",\"createBy\":\"admin\",\"createTime\":\"2025-11-24 22:58:57\",\"dictType\":\"\",\"edit\":true,\"htmlType\":\"input\",\"increment\":false,\"insert\":true,\"isEdit\":\"1\",\"isIncrement\":\"0\",\"isInsert\":\"1\",\"isList\":\"1\",\"isPk\":\"0\",\"isQuery\":\"1\",\"isRequired\":\"1\",\"javaField\":\"shiftName\",\"javaType\":\"String\",\"list\":true,\"params\":{},\"pk\":false,\"query\":true,\"queryType\":\"LIKE\",\"required\":true,\"sort\":2,\"superColumn\":false,\"tableId\":4,\"updateBy\":\"\",\"updateTime\":\"2025-11-25 20:07:31\",\"usableColumn\":false},{\"capJavaField\":\"DateTime\",\"columnComment\":\"日期时间\",\"columnId\":35,\"columnName\":\"date_time\",\"columnType\":\"datetime\",\"createBy\":\"\",\"createTime\":\"2025-11-25 19:48:41\",\"dictType\":\"\",\"edit\":true,\"htmlType\":\"datetime\",\"increment\":false,\"insert\":true,\"isEdit\":\"1\",\"isIncrement\":\"0\",\"isInsert\":\"1\",\"isList\":\"1\",\"isPk\":\"0\",\"isQuery\":\"1\",\"isRequired\":\"1\",\"javaField\":\"dateTime\",\"javaType\":\"Date\",\"list\":true,\"params\":{},\"pk\":false,\"query\":true,\"queryType\":\"EQ\",\"required\":true,\"sort\":3,\"superColumn\":false,\"tableId\":4,\"updateBy\":\"\",\"updateTime\":\"2025-11-25 20:07:31\",\"usableColumn\":false},{\"capJavaField\":\"ShiftType\",\"columnComment\":\"班次类型\",\"columnId\":31,\"columnName\":\"shift_type\",\"columnType\":\"varchar(255)\",\"createBy\":\"admin\",\"createTime\":\"2025-11-24 22:58:57\",\"dictType\":\"layout_type\",\"edit\":true,\"htmlType\":\"select\",\"increment\":false,\"ins', '{\"msg\":\"操作成功\",\"code\":200}', 0, NULL, '2025-11-25 20:07:57', 10);
INSERT INTO `sys_oper_log` VALUES (185, '班次情况', 1, 'com.ruoyi.layout.controller.LayoutShiftsController.add()', 'POST', 1, 'admin', '研发部门', '/shifts/shifts', '127.0.0.1', '内网IP', '{\"params\":{}}', NULL, 1, '\r\n### Error updating database.  Cause: java.sql.SQLSyntaxErrorException: You have an error in your SQL syntax; check the manual that corresponds to your MySQL server version for the right syntax to use near \'\' at line 1\r\n### The error may exist in file [D:\\project\\java\\EnterpriseLayoutManagementSystem\\ruoyi-layout\\target\\classes\\mapper\\shifts\\LayoutShiftsMapper.xml]\r\n### The error may involve com.ruoyi.layout.mapper.LayoutShiftsMapper.insertLayoutShifts-Inline\r\n### The error occurred while setting parameters\r\n### SQL: insert into layout_shifts\r\n### Cause: java.sql.SQLSyntaxErrorException: You have an error in your SQL syntax; check the manual that corresponds to your MySQL server version for the right syntax to use near \'\' at line 1\n; bad SQL grammar []; nested exception is java.sql.SQLSyntaxErrorException: You have an error in your SQL syntax; check the manual that corresponds to your MySQL server version for the right syntax to use near \'\' at line 1', '2025-11-25 20:09:21', 4);
INSERT INTO `sys_oper_log` VALUES (186, '班次情况', 1, 'com.ruoyi.layout.controller.LayoutShiftsController.add()', 'POST', 1, 'admin', '研发部门', '/shifts/shifts', '127.0.0.1', '内网IP', '{\"params\":{}}', NULL, 1, '\r\n### Error updating database.  Cause: java.sql.SQLSyntaxErrorException: You have an error in your SQL syntax; check the manual that corresponds to your MySQL server version for the right syntax to use near \'\' at line 1\r\n### The error may exist in file [D:\\project\\java\\EnterpriseLayoutManagementSystem\\ruoyi-layout\\target\\classes\\mapper\\shifts\\LayoutShiftsMapper.xml]\r\n### The error may involve com.ruoyi.layout.mapper.LayoutShiftsMapper.insertLayoutShifts-Inline\r\n### The error occurred while setting parameters\r\n### SQL: insert into layout_shifts\r\n### Cause: java.sql.SQLSyntaxErrorException: You have an error in your SQL syntax; check the manual that corresponds to your MySQL server version for the right syntax to use near \'\' at line 1\n; bad SQL grammar []; nested exception is java.sql.SQLSyntaxErrorException: You have an error in your SQL syntax; check the manual that corresponds to your MySQL server version for the right syntax to use near \'\' at line 1', '2025-11-25 20:09:24', 2);
INSERT INTO `sys_oper_log` VALUES (187, '班次情况', 1, 'com.ruoyi.layout.controller.LayoutShiftsController.add()', 'POST', 1, 'admin', '研发部门', '/shifts/shifts', '127.0.0.1', '内网IP', '{\"params\":{}}', NULL, 1, '\r\n### Error updating database.  Cause: java.sql.SQLSyntaxErrorException: You have an error in your SQL syntax; check the manual that corresponds to your MySQL server version for the right syntax to use near \'\' at line 1\r\n### The error may exist in file [D:\\project\\java\\EnterpriseLayoutManagementSystem\\ruoyi-layout\\target\\classes\\mapper\\shifts\\LayoutShiftsMapper.xml]\r\n### The error may involve com.ruoyi.layout.mapper.LayoutShiftsMapper.insertLayoutShifts-Inline\r\n### The error occurred while setting parameters\r\n### SQL: insert into layout_shifts\r\n### Cause: java.sql.SQLSyntaxErrorException: You have an error in your SQL syntax; check the manual that corresponds to your MySQL server version for the right syntax to use near \'\' at line 1\n; bad SQL grammar []; nested exception is java.sql.SQLSyntaxErrorException: You have an error in your SQL syntax; check the manual that corresponds to your MySQL server version for the right syntax to use near \'\' at line 1', '2025-11-25 20:09:29', 2);
INSERT INTO `sys_oper_log` VALUES (188, '班次情况', 3, 'com.ruoyi.layout.controller.LayoutShiftsController.remove()', 'DELETE', 1, 'admin', '研发部门', '/shifts/shifts/1', '127.0.0.1', '内网IP', '[1]', '{\"msg\":\"操作成功\",\"code\":200}', 0, NULL, '2025-11-25 20:09:36', 7);
INSERT INTO `sys_oper_log` VALUES (189, '班次情况', 1, 'com.ruoyi.layout.controller.LayoutShiftsController.add()', 'POST', 1, 'admin', '研发部门', '/shifts/shifts', '127.0.0.1', '内网IP', '{\"params\":{}}', NULL, 1, '\r\n### Error updating database.  Cause: java.sql.SQLSyntaxErrorException: You have an error in your SQL syntax; check the manual that corresponds to your MySQL server version for the right syntax to use near \'\' at line 1\r\n### The error may exist in file [D:\\project\\java\\EnterpriseLayoutManagementSystem\\ruoyi-layout\\target\\classes\\mapper\\shifts\\LayoutShiftsMapper.xml]\r\n### The error may involve com.ruoyi.layout.mapper.LayoutShiftsMapper.insertLayoutShifts-Inline\r\n### The error occurred while setting parameters\r\n### SQL: insert into layout_shifts\r\n### Cause: java.sql.SQLSyntaxErrorException: You have an error in your SQL syntax; check the manual that corresponds to your MySQL server version for the right syntax to use near \'\' at line 1\n; bad SQL grammar []; nested exception is java.sql.SQLSyntaxErrorException: You have an error in your SQL syntax; check the manual that corresponds to your MySQL server version for the right syntax to use near \'\' at line 1', '2025-11-25 20:09:38', 3);
INSERT INTO `sys_oper_log` VALUES (190, '班次情况', 1, 'com.ruoyi.layout.controller.LayoutShiftsController.add()', 'POST', 1, 'admin', '研发部门', '/shifts/shifts', '127.0.0.1', '内网IP', '{\"params\":{},\"shiftType\":\"0\"}', '{\"msg\":\"操作成功\",\"code\":200}', 0, NULL, '2025-11-25 20:10:04', 4);
INSERT INTO `sys_oper_log` VALUES (191, '班次情况', 3, 'com.ruoyi.layout.controller.LayoutShiftsController.remove()', 'DELETE', 1, 'admin', '研发部门', '/shifts/shifts/2', '127.0.0.1', '内网IP', '[2]', '{\"msg\":\"操作成功\",\"code\":200}', 0, NULL, '2025-11-25 20:10:07', 4);
INSERT INTO `sys_oper_log` VALUES (192, '班次情况', 1, 'com.ruoyi.layout.controller.LayoutShiftsController.add()', 'POST', 1, 'admin', '研发部门', '/shifts/shifts', '127.0.0.1', '内网IP', '{\"params\":{}}', NULL, 1, '\r\n### Error updating database.  Cause: java.sql.SQLSyntaxErrorException: You have an error in your SQL syntax; check the manual that corresponds to your MySQL server version for the right syntax to use near \'\' at line 1\r\n### The error may exist in file [D:\\project\\java\\EnterpriseLayoutManagementSystem\\ruoyi-layout\\target\\classes\\mapper\\shifts\\LayoutShiftsMapper.xml]\r\n### The error may involve com.ruoyi.layout.mapper.LayoutShiftsMapper.insertLayoutShifts-Inline\r\n### The error occurred while setting parameters\r\n### SQL: insert into layout_shifts\r\n### Cause: java.sql.SQLSyntaxErrorException: You have an error in your SQL syntax; check the manual that corresponds to your MySQL server version for the right syntax to use near \'\' at line 1\n; bad SQL grammar []; nested exception is java.sql.SQLSyntaxErrorException: You have an error in your SQL syntax; check the manual that corresponds to your MySQL server version for the right syntax to use near \'\' at line 1', '2025-11-25 20:10:12', 2);
INSERT INTO `sys_oper_log` VALUES (193, '代码生成', 2, 'com.ruoyi.generator.controller.GenController.editSave()', 'PUT', 1, 'admin', '研发部门', '/tool/gen', '127.0.0.1', '内网IP', '{\"businessName\":\"shifts\",\"className\":\"LayoutShifts\",\"columns\":[{\"capJavaField\":\"Id\",\"columnComment\":\"班次id\",\"columnId\":27,\"columnName\":\"id\",\"columnType\":\"int\",\"createBy\":\"admin\",\"createTime\":\"2025-11-24 22:58:57\",\"dictType\":\"\",\"edit\":false,\"htmlType\":\"input\",\"increment\":false,\"insert\":true,\"isIncrement\":\"0\",\"isInsert\":\"1\",\"isPk\":\"1\",\"isRequired\":\"0\",\"javaField\":\"id\",\"javaType\":\"Long\",\"list\":false,\"params\":{},\"pk\":true,\"query\":false,\"queryType\":\"EQ\",\"required\":false,\"sort\":1,\"superColumn\":false,\"tableId\":4,\"updateBy\":\"\",\"updateTime\":\"2025-11-25 20:07:57\",\"usableColumn\":false},{\"capJavaField\":\"ShiftName\",\"columnComment\":\"班次名称\",\"columnId\":28,\"columnName\":\"shift_name\",\"columnType\":\"varchar(255)\",\"createBy\":\"admin\",\"createTime\":\"2025-11-24 22:58:57\",\"dictType\":\"\",\"edit\":true,\"htmlType\":\"input\",\"increment\":false,\"insert\":true,\"isEdit\":\"1\",\"isIncrement\":\"0\",\"isInsert\":\"1\",\"isList\":\"1\",\"isPk\":\"0\",\"isQuery\":\"1\",\"isRequired\":\"1\",\"javaField\":\"shiftName\",\"javaType\":\"String\",\"list\":true,\"params\":{},\"pk\":false,\"query\":true,\"queryType\":\"LIKE\",\"required\":true,\"sort\":2,\"superColumn\":false,\"tableId\":4,\"updateBy\":\"\",\"updateTime\":\"2025-11-25 20:07:57\",\"usableColumn\":false},{\"capJavaField\":\"DateTime\",\"columnComment\":\"日期时间\",\"columnId\":35,\"columnName\":\"date_time\",\"columnType\":\"datetime\",\"createBy\":\"\",\"createTime\":\"2025-11-25 19:48:41\",\"dictType\":\"\",\"edit\":true,\"htmlType\":\"datetime\",\"increment\":false,\"insert\":true,\"isEdit\":\"1\",\"isIncrement\":\"0\",\"isInsert\":\"1\",\"isList\":\"1\",\"isPk\":\"0\",\"isQuery\":\"1\",\"isRequired\":\"1\",\"javaField\":\"dateTime\",\"javaType\":\"Date\",\"list\":true,\"params\":{},\"pk\":false,\"query\":true,\"queryType\":\"EQ\",\"required\":true,\"sort\":3,\"superColumn\":false,\"tableId\":4,\"updateBy\":\"\",\"updateTime\":\"2025-11-25 20:07:57\",\"usableColumn\":false},{\"capJavaField\":\"ShiftType\",\"columnComment\":\"班次类型\",\"columnId\":31,\"columnName\":\"shift_type\",\"columnType\":\"varchar(255)\",\"createBy\":\"admin\",\"createTime\":\"2025-11-24 22:58:57\",\"dictType\":\"layout_type\",\"edit\":true,\"htmlType\":\"select\",\"increment\":false,\"ins', '{\"msg\":\"操作成功\",\"code\":200}', 0, NULL, '2025-11-25 20:10:34', 12);
INSERT INTO `sys_oper_log` VALUES (194, '代码生成', 8, 'com.ruoyi.generator.controller.GenController.batchGenCode()', 'GET', 1, 'admin', '研发部门', '/tool/gen/batchGenCode', '127.0.0.1', '内网IP', '{\"tables\":\"layout_shifts\"}', NULL, 0, NULL, '2025-11-25 20:10:36', 30);
INSERT INTO `sys_oper_log` VALUES (195, '班次情况', 1, 'com.ruoyi.layout.controller.LayoutShiftsController.add()', 'POST', 1, 'admin', '研发部门', '/shifts/shifts', '127.0.0.1', '内网IP', '{\"dateTime\":\"2025-11-26\",\"params\":{},\"shiftName\":\"一组\",\"shiftType\":\"0\"}', '{\"msg\":\"操作成功\",\"code\":200}', 0, NULL, '2025-11-25 20:12:44', 100);
INSERT INTO `sys_oper_log` VALUES (196, '代码生成', 2, 'com.ruoyi.generator.controller.GenController.synchDb()', 'GET', 1, 'admin', '研发部门', '/tool/gen/synchDb/layout_shifts', '127.0.0.1', '内网IP', '{}', '{\"msg\":\"操作成功\",\"code\":200}', 0, NULL, '2025-11-25 22:55:20', 62);
INSERT INTO `sys_oper_log` VALUES (197, '代码生成', 2, 'com.ruoyi.generator.controller.GenController.synchDb()', 'GET', 1, 'admin', '研发部门', '/tool/gen/synchDb/layout_shifts', '127.0.0.1', '内网IP', '{}', '{\"msg\":\"操作成功\",\"code\":200}', 0, NULL, '2025-11-25 22:55:30', 26);
INSERT INTO `sys_oper_log` VALUES (198, '代码生成', 2, 'com.ruoyi.generator.controller.GenController.editSave()', 'PUT', 1, 'admin', '研发部门', '/tool/gen', '127.0.0.1', '内网IP', '{\"businessName\":\"shifts\",\"className\":\"LayoutShifts\",\"columns\":[{\"capJavaField\":\"Id\",\"columnComment\":\"班次id\",\"columnId\":27,\"columnName\":\"id\",\"columnType\":\"int\",\"createBy\":\"admin\",\"createTime\":\"2025-11-24 22:58:57\",\"dictType\":\"\",\"edit\":false,\"htmlType\":\"input\",\"increment\":false,\"insert\":true,\"isIncrement\":\"0\",\"isInsert\":\"1\",\"isPk\":\"1\",\"isRequired\":\"0\",\"javaField\":\"id\",\"javaType\":\"Long\",\"list\":false,\"params\":{},\"pk\":true,\"query\":false,\"queryType\":\"EQ\",\"required\":false,\"sort\":1,\"superColumn\":false,\"tableId\":4,\"updateBy\":\"\",\"updateTime\":\"2025-11-25 22:55:30\",\"usableColumn\":false},{\"capJavaField\":\"ShiftName\",\"columnComment\":\"班次名称(如早班、晚班)\",\"columnId\":28,\"columnName\":\"shift_name\",\"columnType\":\"varchar(255)\",\"createBy\":\"admin\",\"createTime\":\"2025-11-24 22:58:57\",\"dictType\":\"\",\"edit\":true,\"htmlType\":\"input\",\"increment\":false,\"insert\":true,\"isEdit\":\"1\",\"isIncrement\":\"0\",\"isInsert\":\"1\",\"isList\":\"1\",\"isPk\":\"0\",\"isQuery\":\"1\",\"isRequired\":\"1\",\"javaField\":\"shiftName\",\"javaType\":\"String\",\"list\":true,\"params\":{},\"pk\":false,\"query\":true,\"queryType\":\"LIKE\",\"required\":true,\"sort\":2,\"superColumn\":false,\"tableId\":4,\"updateBy\":\"\",\"updateTime\":\"2025-11-25 22:55:30\",\"usableColumn\":false},{\"capJavaField\":\"Starttime\",\"columnComment\":\"开始时间\",\"columnId\":36,\"columnName\":\"starttime\",\"columnType\":\"datetime\",\"createBy\":\"\",\"createTime\":\"2025-11-25 22:55:20\",\"dictType\":\"\",\"edit\":true,\"htmlType\":\"datetime\",\"increment\":false,\"insert\":true,\"isEdit\":\"1\",\"isIncrement\":\"0\",\"isInsert\":\"1\",\"isList\":\"1\",\"isPk\":\"0\",\"isQuery\":\"1\",\"isRequired\":\"0\",\"javaField\":\"starttime\",\"javaType\":\"Date\",\"list\":true,\"params\":{},\"pk\":false,\"query\":true,\"queryType\":\"EQ\",\"required\":false,\"sort\":3,\"superColumn\":false,\"tableId\":4,\"updateBy\":\"\",\"updateTime\":\"2025-11-25 22:55:30\",\"usableColumn\":false},{\"capJavaField\":\"Endtime\",\"columnComment\":\"结束时间\",\"columnId\":37,\"columnName\":\"endtime\",\"columnType\":\"datetime\",\"createBy\":\"\",\"createTime\":\"2025-11-25 22:55:20\",\"dictType\":\"\",\"edit\":true,\"htmlType\":\"datetime\",\"increment\":false,\"insert\":true,\"i', '{\"msg\":\"操作成功\",\"code\":200}', 0, NULL, '2025-11-25 22:55:54', 57);
INSERT INTO `sys_oper_log` VALUES (199, '代码生成', 8, 'com.ruoyi.generator.controller.GenController.batchGenCode()', 'GET', 1, 'admin', '研发部门', '/tool/gen/batchGenCode', '127.0.0.1', '内网IP', '{\"tables\":\"layout_shifts\"}', NULL, 0, NULL, '2025-11-25 22:55:58', 162);
INSERT INTO `sys_oper_log` VALUES (200, '班次情况', 1, 'com.ruoyi.layout.controller.LayoutShiftsController.add()', 'POST', 1, 'admin', '研发部门', '/shifts/shifts', '127.0.0.1', '内网IP', '{\"params\":{},\"shiftName\":\"13\",\"shiftType\":\"0\"}', '{\"msg\":\"操作成功\",\"code\":200}', 0, NULL, '2025-11-25 23:07:25', 96);
INSERT INTO `sys_oper_log` VALUES (201, '班次情况', 3, 'com.ruoyi.layout.controller.LayoutShiftsController.remove()', 'DELETE', 1, 'admin', '研发部门', '/shifts/shifts/4', '127.0.0.1', '内网IP', '[4]', '{\"msg\":\"操作成功\",\"code\":200}', 0, NULL, '2025-11-25 23:08:52', 8);
INSERT INTO `sys_oper_log` VALUES (202, '班次情况', 1, 'com.ruoyi.layout.controller.LayoutShiftsController.add()', 'POST', 1, 'admin', '研发部门', '/shifts/shifts', '127.0.0.1', '内网IP', '{\"params\":{},\"shiftName\":\"微软\",\"shiftType\":\"0\"}', '{\"msg\":\"操作成功\",\"code\":200}', 0, NULL, '2025-11-25 23:15:03', 6);
INSERT INTO `sys_oper_log` VALUES (203, '班次情况', 1, 'com.ruoyi.layout.controller.LayoutShiftsController.add()', 'POST', 1, 'admin', '研发部门', '/shifts/shifts', '127.0.0.1', '内网IP', '{\"params\":{},\"shiftName\":\"微软\",\"shiftType\":\"0\"}', '{\"msg\":\"操作成功\",\"code\":200}', 0, NULL, '2025-11-25 23:15:04', 5);
INSERT INTO `sys_oper_log` VALUES (204, '班次情况', 2, 'com.ruoyi.layout.controller.LayoutShiftsController.edit()', 'PUT', 1, 'admin', '研发部门', '/shifts/shifts', '127.0.0.1', '内网IP', '{\"id\":5,\"params\":{},\"shiftName\":\"微软\",\"shiftType\":\"0\"}', '{\"msg\":\"操作成功\",\"code\":200}', 0, NULL, '2025-11-25 23:17:03', 9);
INSERT INTO `sys_oper_log` VALUES (205, '班次情况', 1, 'com.ruoyi.layout.controller.LayoutShiftsController.add()', 'POST', 1, 'admin', '研发部门', '/shifts/shifts', '127.0.0.1', '内网IP', '{\"params\":{},\"shiftName\":\"234\",\"shiftType\":\"0\"}', '{\"msg\":\"操作成功\",\"code\":200}', 0, NULL, '2025-11-25 23:17:45', 5);
INSERT INTO `sys_oper_log` VALUES (206, '班次情况', 3, 'com.ruoyi.layout.controller.LayoutShiftsController.remove()', 'DELETE', 1, 'admin', '研发部门', '/shifts/shifts/5', '127.0.0.1', '内网IP', '[5]', '{\"msg\":\"操作成功\",\"code\":200}', 0, NULL, '2025-11-25 23:20:07', 0);
INSERT INTO `sys_oper_log` VALUES (207, '班次情况', 3, 'com.ruoyi.layout.controller.LayoutShiftsController.remove()', 'DELETE', 1, 'admin', '研发部门', '/shifts/shifts/7', '127.0.0.1', '内网IP', '[7]', '{\"msg\":\"操作成功\",\"code\":200}', 0, NULL, '2025-11-25 23:20:09', 4);
INSERT INTO `sys_oper_log` VALUES (208, '班次情况', 1, 'com.ruoyi.layout.controller.LayoutShiftsController.add()', 'POST', 1, 'admin', '研发部门', '/shifts/shifts', '127.0.0.1', '内网IP', '{\"params\":{},\"shiftName\":\"1\",\"shiftType\":\"0\"}', '{\"msg\":\"操作成功\",\"code\":200}', 0, NULL, '2025-11-25 23:20:17', 4);
INSERT INTO `sys_oper_log` VALUES (209, '班次情况', 1, 'com.ruoyi.layout.controller.LayoutShiftsController.add()', 'POST', 1, 'admin', '研发部门', '/shifts/shifts', '127.0.0.1', '内网IP', '{\"params\":{},\"shiftName\":\"2\",\"shiftType\":\"0\"}', '{\"msg\":\"操作成功\",\"code\":200}', 0, NULL, '2025-11-25 23:25:48', 5);
INSERT INTO `sys_oper_log` VALUES (210, '班次情况', 3, 'com.ruoyi.layout.controller.LayoutShiftsController.remove()', 'DELETE', 1, 'admin', '研发部门', '/shifts/shifts/8', '127.0.0.1', '内网IP', '[8]', '{\"msg\":\"操作成功\",\"code\":200}', 0, NULL, '2025-11-25 23:25:51', 5);
INSERT INTO `sys_oper_log` VALUES (211, '代码生成', 2, 'com.ruoyi.generator.controller.GenController.synchDb()', 'GET', 1, 'admin', '研发部门', '/tool/gen/synchDb/layout_shifts', '127.0.0.1', '内网IP', '{}', '{\"msg\":\"操作成功\",\"code\":200}', 0, NULL, '2025-11-25 23:30:26', 54);
INSERT INTO `sys_oper_log` VALUES (212, '代码生成', 2, 'com.ruoyi.generator.controller.GenController.synchDb()', 'GET', 1, 'admin', '研发部门', '/tool/gen/synchDb/layout_shifts', '127.0.0.1', '内网IP', '{}', '{\"msg\":\"操作成功\",\"code\":200}', 0, NULL, '2025-11-25 23:30:42', 42);
INSERT INTO `sys_oper_log` VALUES (213, '班次情况', 1, 'com.ruoyi.layout.controller.LayoutShiftsController.add()', 'POST', 1, 'admin', '研发部门', '/shifts/shifts', '127.0.0.1', '内网IP', '{\"params\":{},\"shiftName\":\"12\",\"shiftType\":\"0\"}', '{\"msg\":\"操作成功\",\"code\":200}', 0, NULL, '2025-11-25 23:40:30', 111);
INSERT INTO `sys_oper_log` VALUES (214, '班次情况', 2, 'com.ruoyi.layout.controller.LayoutShiftsController.edit()', 'PUT', 1, 'admin', '研发部门', '/shifts/shifts', '127.0.0.1', '内网IP', '{\"endtime\":\"23:26\",\"id\":9,\"params\":{},\"shiftName\":\"2\",\"shiftType\":\"0\",\"starttime\":\"23:25\"}', '{\"msg\":\"操作成功\",\"code\":200}', 0, NULL, '2025-11-25 23:41:51', 7);
INSERT INTO `sys_oper_log` VALUES (215, '班次情况', 2, 'com.ruoyi.layout.controller.LayoutShiftsController.edit()', 'PUT', 1, 'admin', '研发部门', '/shifts/shifts', '127.0.0.1', '内网IP', '{\"endtime\":\"23:26\",\"id\":9,\"params\":{},\"shiftName\":\"2\",\"shiftType\":\"0\",\"starttime\":\"23:25\"}', '{\"msg\":\"操作成功\",\"code\":200}', 0, NULL, '2025-11-25 23:41:59', 3);
INSERT INTO `sys_oper_log` VALUES (216, '班次情况', 1, 'com.ruoyi.layout.controller.LayoutShiftsController.add()', 'POST', 1, 'admin', '研发部门', '/shifts/shifts', '127.0.0.1', '内网IP', '{\"params\":{},\"shiftName\":\"13\",\"shiftType\":\"1\"}', '{\"msg\":\"操作成功\",\"code\":200}', 0, NULL, '2025-11-25 23:50:51', 5);
INSERT INTO `sys_oper_log` VALUES (217, '班次情况', 2, 'com.ruoyi.layout.controller.LayoutShiftsController.edit()', 'PUT', 1, 'admin', '研发部门', '/shifts/shifts', '127.0.0.1', '内网IP', '{\"id\":10,\"params\":{},\"shiftName\":\"12\",\"shiftType\":\"0\"}', '{\"msg\":\"操作成功\",\"code\":200}', 0, NULL, '2025-11-25 23:53:52', 0);
INSERT INTO `sys_oper_log` VALUES (218, '班次情况', 2, 'com.ruoyi.layout.controller.LayoutShiftsController.edit()', 'PUT', 1, 'admin', '研发部门', '/shifts/shifts', '127.0.0.1', '内网IP', '{\"id\":10,\"params\":{},\"shiftName\":\"12\",\"shiftType\":\"0\"}', '{\"msg\":\"操作成功\",\"code\":200}', 0, NULL, '2025-11-25 23:53:58', 3);
INSERT INTO `sys_oper_log` VALUES (219, '班次情况', 2, 'com.ruoyi.layout.controller.LayoutShiftsController.edit()', 'PUT', 1, 'admin', '研发部门', '/shifts/shifts', '127.0.0.1', '内网IP', '{\"id\":10,\"params\":{},\"shiftName\":\"12\",\"shiftType\":\"0\"}', '{\"msg\":\"操作成功\",\"code\":200}', 0, NULL, '2025-11-26 00:06:25', 10);
INSERT INTO `sys_oper_log` VALUES (220, '班次情况', 2, 'com.ruoyi.layout.controller.LayoutShiftsController.edit()', 'PUT', 1, 'admin', '研发部门', '/shifts/shifts', '127.0.0.1', '内网IP', '{\"id\":10,\"params\":{},\"shiftName\":\"12\",\"shiftType\":\"0\"}', '{\"msg\":\"操作成功\",\"code\":200}', 0, NULL, '2025-11-26 00:07:24', 9);
INSERT INTO `sys_oper_log` VALUES (221, '班次情况', 2, 'com.ruoyi.layout.controller.LayoutShiftsController.edit()', 'PUT', 1, 'admin', '研发部门', '/shifts/shifts', '127.0.0.1', '内网IP', '{\"id\":10,\"params\":{},\"shiftName\":\"12\",\"shiftType\":\"0\"}', '{\"msg\":\"操作成功\",\"code\":200}', 0, NULL, '2025-11-26 00:14:31', 7);
INSERT INTO `sys_oper_log` VALUES (222, '班次情况', 2, 'com.ruoyi.layout.controller.LayoutShiftsController.edit()', 'PUT', 1, 'admin', '研发部门', '/shifts/shifts', '127.0.0.1', '内网IP', '{\"endtime\":\"00:16\",\"id\":10,\"params\":{},\"shiftName\":\"12\",\"shiftType\":\"0\",\"starttime\":\"00:15\"}', '{\"msg\":\"操作成功\",\"code\":200}', 0, NULL, '2025-11-26 00:16:01', 14);
INSERT INTO `sys_oper_log` VALUES (223, '班次情况', 2, 'com.ruoyi.layout.controller.LayoutShiftsController.edit()', 'PUT', 1, 'admin', '研发部门', '/shifts/shifts', '127.0.0.1', '内网IP', '{\"endtime\":\"00:18\",\"id\":11,\"params\":{},\"shiftName\":\"13\",\"shiftType\":\"1\",\"starttime\":\"02:16\"}', '{\"msg\":\"操作成功\",\"code\":200}', 0, NULL, '2025-11-26 00:17:04', 5);
INSERT INTO `sys_oper_log` VALUES (224, '班次情况', 2, 'com.ruoyi.layout.controller.LayoutShiftsController.edit()', 'PUT', 1, 'admin', '研发部门', '/shifts/shifts', '127.0.0.1', '内网IP', '{\"endtime\":\"19:20\",\"id\":9,\"params\":{},\"shiftName\":\"2\",\"shiftType\":\"0\",\"starttime\":\"23:25\"}', '{\"msg\":\"操作成功\",\"code\":200}', 0, NULL, '2025-11-26 00:21:41', 7);
INSERT INTO `sys_oper_log` VALUES (225, '班次情况', 2, 'com.ruoyi.layout.controller.LayoutShiftsController.edit()', 'PUT', 1, 'admin', '研发部门', '/shifts/shifts', '127.0.0.1', '内网IP', '{\"endtime\":\"00:16\",\"id\":10,\"params\":{},\"shiftName\":\"12\",\"shiftType\":\"0\",\"starttime\":\"00:15\"}', '{\"msg\":\"操作成功\",\"code\":200}', 0, NULL, '2025-11-26 00:24:44', 3);
INSERT INTO `sys_oper_log` VALUES (226, '班次情况', 2, 'com.ruoyi.layout.controller.LayoutShiftsController.edit()', 'PUT', 1, 'admin', '研发部门', '/shifts/shifts', '127.0.0.1', '内网IP', '{\"endtime\":\"06:30\",\"id\":11,\"params\":{},\"shiftName\":\"13\",\"shiftType\":\"1\",\"starttime\":\"02:16\"}', '{\"msg\":\"操作成功\",\"code\":200}', 0, NULL, '2025-11-26 00:24:51', 5);
INSERT INTO `sys_oper_log` VALUES (227, '用户管理', 1, 'com.ruoyi.web.controller.system.SysUserController.add()', 'POST', 1, 'admin', '研发部门', '/system/user', '127.0.0.1', '内网IP', '{\"admin\":false,\"createBy\":\"admin\",\"nickName\":\"123123\",\"params\":{},\"postIds\":[],\"roleIds\":[],\"status\":\"0\",\"userName\":\"123333\"}', NULL, 1, 'Cannot invoke \"com.ruoyi.common.core.domain.entity.SysDept.getDeptName()\" because the return value of \"com.ruoyi.common.core.domain.entity.SysUser.getDept()\" is null', '2025-11-26 13:02:31', 82);
INSERT INTO `sys_oper_log` VALUES (228, '用户管理', 1, 'com.ruoyi.web.controller.system.SysUserController.add()', 'POST', 1, 'admin', '研发部门', '/system/user', '127.0.0.1', '内网IP', '{\"admin\":false,\"createBy\":\"admin\",\"nickName\":\"123123\",\"params\":{},\"postIds\":[],\"roleIds\":[],\"status\":\"0\",\"userName\":\"123333\"}', NULL, 1, 'Cannot invoke \"com.ruoyi.common.core.domain.entity.SysDept.getDeptName()\" because the return value of \"com.ruoyi.common.core.domain.entity.SysUser.getDept()\" is null', '2025-11-26 13:02:37', 73);
INSERT INTO `sys_oper_log` VALUES (229, '用户管理', 1, 'com.ruoyi.web.controller.system.SysUserController.add()', 'POST', 1, 'admin', '研发部门', '/system/user', '127.0.0.1', '内网IP', '{\"admin\":false,\"createBy\":\"admin\",\"nickName\":\"123123\",\"params\":{},\"postIds\":[],\"roleIds\":[],\"status\":\"0\",\"userName\":\"123333\"}', NULL, 1, 'Cannot invoke \"com.ruoyi.common.core.domain.entity.SysDept.getDeptName()\" because the return value of \"com.ruoyi.common.core.domain.entity.SysUser.getDept()\" is null', '2025-11-26 13:02:42', 66);
INSERT INTO `sys_oper_log` VALUES (230, '用户管理', 1, 'com.ruoyi.web.controller.system.SysUserController.add()', 'POST', 1, 'admin', '研发部门', '/system/user', '127.0.0.1', '内网IP', '{\"admin\":false,\"createBy\":\"admin\",\"nickName\":\"123123\",\"params\":{},\"postIds\":[],\"roleIds\":[],\"status\":\"0\",\"userName\":\"123333\"}', NULL, 1, 'Cannot invoke \"com.ruoyi.common.core.domain.entity.SysDept.getDeptName()\" because the return value of \"com.ruoyi.common.core.domain.entity.SysUser.getDept()\" is null', '2025-11-26 13:02:46', 67);
INSERT INTO `sys_oper_log` VALUES (231, '用户管理', 1, 'com.ruoyi.web.controller.system.SysUserController.add()', 'POST', 1, 'admin', '研发部门', '/system/user', '127.0.0.1', '内网IP', '{\"admin\":false,\"createBy\":\"admin\",\"nickName\":\"111111\",\"params\":{},\"postIds\":[],\"roleIds\":[],\"status\":\"0\",\"userName\":\"22222\"}', NULL, 1, 'Cannot invoke \"com.ruoyi.common.core.domain.entity.SysDept.getDeptName()\" because the return value of \"com.ruoyi.common.core.domain.entity.SysUser.getDept()\" is null', '2025-11-26 13:03:46', 93);
INSERT INTO `sys_oper_log` VALUES (232, '用户管理', 1, 'com.ruoyi.web.controller.system.SysUserController.add()', 'POST', 1, 'admin', '研发部门', '/system/user', '127.0.0.1', '内网IP', '{\"admin\":false,\"createBy\":\"admin\",\"nickName\":\"111111\",\"params\":{},\"postIds\":[],\"roleIds\":[],\"status\":\"0\",\"userName\":\"22222\"}', NULL, 1, 'Cannot invoke \"com.ruoyi.common.core.domain.entity.SysDept.getDeptName()\" because the return value of \"com.ruoyi.common.core.domain.entity.SysUser.getDept()\" is null', '2025-11-26 13:03:49', 67);
INSERT INTO `sys_oper_log` VALUES (233, '用户管理', 1, 'com.ruoyi.web.controller.system.SysUserController.add()', 'POST', 1, 'admin', '研发部门', '/system/user', '127.0.0.1', '内网IP', '{\"admin\":false,\"createBy\":\"admin\",\"nickName\":\"111111\",\"params\":{},\"postIds\":[],\"roleIds\":[],\"status\":\"0\",\"userName\":\"22222\"}', NULL, 1, 'Cannot invoke \"com.ruoyi.common.core.domain.entity.SysDept.getDeptName()\" because the return value of \"com.ruoyi.common.core.domain.entity.SysUser.getDept()\" is null', '2025-11-26 13:03:53', 66);
INSERT INTO `sys_oper_log` VALUES (234, '用户管理', 1, 'com.ruoyi.web.controller.system.SysUserController.add()', 'POST', 1, 'admin', '研发部门', '/system/user', '127.0.0.1', '内网IP', '{\"admin\":false,\"createBy\":\"admin\",\"nickName\":\"11111111\",\"params\":{},\"postIds\":[],\"roleIds\":[],\"status\":\"0\",\"userName\":\"2222222\"}', NULL, 1, '\r\n### Error updating database.  Cause: java.sql.SQLSyntaxErrorException: You have an error in your SQL syntax; check the manual that corresponds to your MySQL server version for the right syntax to use near \'\' at line 1\r\n### The error may exist in file [D:\\project\\java\\EnterpriseLayoutManagementSystem\\ruoyi-system\\target\\classes\\mapper\\employees\\LayoutEmployeesMapper.xml]\r\n### The error may involve com.ruoyi.system.mapper.LayoutEmployeesMapper.insertLayoutEmployees-Inline\r\n### The error occurred while setting parameters\r\n### SQL: insert into layout_employees\r\n### Cause: java.sql.SQLSyntaxErrorException: You have an error in your SQL syntax; check the manual that corresponds to your MySQL server version for the right syntax to use near \'\' at line 1\n; bad SQL grammar []; nested exception is java.sql.SQLSyntaxErrorException: You have an error in your SQL syntax; check the manual that corresponds to your MySQL server version for the right syntax to use near \'\' at line 1', '2025-11-26 13:05:48', 152);
INSERT INTO `sys_oper_log` VALUES (235, '用户管理', 1, 'com.ruoyi.web.controller.system.SysUserController.add()', 'POST', 1, 'admin', '研发部门', '/system/user', '127.0.0.1', '内网IP', '{\"admin\":false,\"createBy\":\"admin\",\"nickName\":\"11111111\",\"params\":{},\"postIds\":[],\"roleIds\":[],\"status\":\"0\",\"userName\":\"2222222\"}', NULL, 1, '\r\n### Error updating database.  Cause: java.sql.SQLSyntaxErrorException: You have an error in your SQL syntax; check the manual that corresponds to your MySQL server version for the right syntax to use near \'\' at line 1\r\n### The error may exist in file [D:\\project\\java\\EnterpriseLayoutManagementSystem\\ruoyi-system\\target\\classes\\mapper\\employees\\LayoutEmployeesMapper.xml]\r\n### The error may involve com.ruoyi.system.mapper.LayoutEmployeesMapper.insertLayoutEmployees-Inline\r\n### The error occurred while setting parameters\r\n### SQL: insert into layout_employees\r\n### Cause: java.sql.SQLSyntaxErrorException: You have an error in your SQL syntax; check the manual that corresponds to your MySQL server version for the right syntax to use near \'\' at line 1\n; bad SQL grammar []; nested exception is java.sql.SQLSyntaxErrorException: You have an error in your SQL syntax; check the manual that corresponds to your MySQL server version for the right syntax to use near \'\' at line 1', '2025-11-26 13:05:52', 74);
INSERT INTO `sys_oper_log` VALUES (236, '用户管理', 1, 'com.ruoyi.web.controller.system.SysUserController.add()', 'POST', 1, 'admin', '研发部门', '/system/user', '127.0.0.1', '内网IP', '{\"admin\":false,\"createBy\":\"admin\",\"nickName\":\"11111111\",\"params\":{},\"postIds\":[],\"roleIds\":[],\"status\":\"0\",\"userName\":\"2222222\"}', NULL, 1, '\r\n### Error updating database.  Cause: java.sql.SQLSyntaxErrorException: You have an error in your SQL syntax; check the manual that corresponds to your MySQL server version for the right syntax to use near \'\' at line 1\r\n### The error may exist in file [D:\\project\\java\\EnterpriseLayoutManagementSystem\\ruoyi-system\\target\\classes\\mapper\\employees\\LayoutEmployeesMapper.xml]\r\n### The error may involve com.ruoyi.system.mapper.LayoutEmployeesMapper.insertLayoutEmployees-Inline\r\n### The error occurred while setting parameters\r\n### SQL: insert into layout_employees\r\n### Cause: java.sql.SQLSyntaxErrorException: You have an error in your SQL syntax; check the manual that corresponds to your MySQL server version for the right syntax to use near \'\' at line 1\n; bad SQL grammar []; nested exception is java.sql.SQLSyntaxErrorException: You have an error in your SQL syntax; check the manual that corresponds to your MySQL server version for the right syntax to use near \'\' at line 1', '2025-11-26 13:06:12', 68);
INSERT INTO `sys_oper_log` VALUES (237, '用户管理', 1, 'com.ruoyi.web.controller.system.SysUserController.add()', 'POST', 1, 'admin', '研发部门', '/system/user', '127.0.0.1', '内网IP', '{\"admin\":false,\"createBy\":\"admin\",\"nickName\":\"11111111\",\"params\":{},\"postIds\":[],\"roleIds\":[],\"status\":\"0\",\"userName\":\"2222222\"}', NULL, 1, '\r\n### Error updating database.  Cause: java.sql.SQLSyntaxErrorException: You have an error in your SQL syntax; check the manual that corresponds to your MySQL server version for the right syntax to use near \'\' at line 1\r\n### The error may exist in file [D:\\project\\java\\EnterpriseLayoutManagementSystem\\ruoyi-system\\target\\classes\\mapper\\employees\\LayoutEmployeesMapper.xml]\r\n### The error may involve com.ruoyi.system.mapper.LayoutEmployeesMapper.insertLayoutEmployees-Inline\r\n### The error occurred while setting parameters\r\n### SQL: insert into layout_employees\r\n### Cause: java.sql.SQLSyntaxErrorException: You have an error in your SQL syntax; check the manual that corresponds to your MySQL server version for the right syntax to use near \'\' at line 1\n; bad SQL grammar []; nested exception is java.sql.SQLSyntaxErrorException: You have an error in your SQL syntax; check the manual that corresponds to your MySQL server version for the right syntax to use near \'\' at line 1', '2025-11-26 13:07:00', 86);
INSERT INTO `sys_oper_log` VALUES (238, '用户管理', 1, 'com.ruoyi.web.controller.system.SysUserController.add()', 'POST', 1, 'admin', '研发部门', '/system/user', '127.0.0.1', '内网IP', '{\"admin\":false,\"createBy\":\"admin\",\"nickName\":\"1111\",\"params\":{},\"postIds\":[],\"roleIds\":[],\"status\":\"0\",\"userName\":\"222222\"}', NULL, 1, '\r\n### Error updating database.  Cause: java.sql.SQLSyntaxErrorException: You have an error in your SQL syntax; check the manual that corresponds to your MySQL server version for the right syntax to use near \'\' at line 1\r\n### The error may exist in file [D:\\project\\java\\EnterpriseLayoutManagementSystem\\ruoyi-system\\target\\classes\\mapper\\employees\\LayoutEmployeesMapper.xml]\r\n### The error may involve com.ruoyi.system.mapper.LayoutEmployeesMapper.insertLayoutEmployees-Inline\r\n### The error occurred while setting parameters\r\n### SQL: insert into layout_employees\r\n### Cause: java.sql.SQLSyntaxErrorException: You have an error in your SQL syntax; check the manual that corresponds to your MySQL server version for the right syntax to use near \'\' at line 1\n; bad SQL grammar []; nested exception is java.sql.SQLSyntaxErrorException: You have an error in your SQL syntax; check the manual that corresponds to your MySQL server version for the right syntax to use near \'\' at line 1', '2025-11-26 13:07:54', 69);
INSERT INTO `sys_oper_log` VALUES (239, '员工信息', 1, 'com.ruoyi.system.controller.LayoutEmployeesController.add()', 'POST', 1, 'admin', '研发部门', '/employees/employees', '127.0.0.1', '内网IP', '{\"params\":{}}', NULL, 1, '\r\n### Error updating database.  Cause: java.sql.SQLSyntaxErrorException: You have an error in your SQL syntax; check the manual that corresponds to your MySQL server version for the right syntax to use near \'\' at line 1\r\n### The error may exist in file [D:\\project\\java\\EnterpriseLayoutManagementSystem\\ruoyi-system\\target\\classes\\mapper\\employees\\LayoutEmployeesMapper.xml]\r\n### The error may involve com.ruoyi.system.mapper.LayoutEmployeesMapper.insertLayoutEmployees-Inline\r\n### The error occurred while setting parameters\r\n### SQL: insert into layout_employees\r\n### Cause: java.sql.SQLSyntaxErrorException: You have an error in your SQL syntax; check the manual that corresponds to your MySQL server version for the right syntax to use near \'\' at line 1\n; bad SQL grammar []; nested exception is java.sql.SQLSyntaxErrorException: You have an error in your SQL syntax; check the manual that corresponds to your MySQL server version for the right syntax to use near \'\' at line 1', '2025-11-26 13:08:06', 8);
INSERT INTO `sys_oper_log` VALUES (240, '员工信息', 1, 'com.ruoyi.system.controller.LayoutEmployeesController.add()', 'POST', 1, 'admin', '研发部门', '/employees/employees', '127.0.0.1', '内网IP', '{\"params\":{}}', NULL, 1, '\r\n### Error updating database.  Cause: java.sql.SQLSyntaxErrorException: You have an error in your SQL syntax; check the manual that corresponds to your MySQL server version for the right syntax to use near \'\' at line 1\r\n### The error may exist in file [D:\\project\\java\\EnterpriseLayoutManagementSystem\\ruoyi-system\\target\\classes\\mapper\\employees\\LayoutEmployeesMapper.xml]\r\n### The error may involve com.ruoyi.system.mapper.LayoutEmployeesMapper.insertLayoutEmployees-Inline\r\n### The error occurred while setting parameters\r\n### SQL: insert into layout_employees\r\n### Cause: java.sql.SQLSyntaxErrorException: You have an error in your SQL syntax; check the manual that corresponds to your MySQL server version for the right syntax to use near \'\' at line 1\n; bad SQL grammar []; nested exception is java.sql.SQLSyntaxErrorException: You have an error in your SQL syntax; check the manual that corresponds to your MySQL server version for the right syntax to use near \'\' at line 1', '2025-11-26 13:08:11', 3);
INSERT INTO `sys_oper_log` VALUES (241, '员工信息', 1, 'com.ruoyi.system.controller.LayoutEmployeesController.add()', 'POST', 1, 'admin', '研发部门', '/employees/employees', '127.0.0.1', '内网IP', '{\"params\":{}}', NULL, 1, 'nested exception is org.apache.ibatis.reflection.ReflectionException: There is no getter for property named \'positions\' in \'class com.ruoyi.system.domain.LayoutEmployees\'', '2025-11-26 13:09:55', 15);
INSERT INTO `sys_oper_log` VALUES (242, '员工信息', 1, 'com.ruoyi.system.controller.LayoutEmployeesController.add()', 'POST', 1, 'admin', '研发部门', '/employees/employees', '127.0.0.1', '内网IP', '{\"params\":{}}', NULL, 1, 'nested exception is org.apache.ibatis.reflection.ReflectionException: There is no getter for property named \'positions\' in \'class com.ruoyi.system.domain.LayoutEmployees\'', '2025-11-26 13:09:58', 1);
INSERT INTO `sys_oper_log` VALUES (243, '代码生成', 2, 'com.ruoyi.generator.controller.GenController.synchDb()', 'GET', 1, 'admin', '研发部门', '/tool/gen/synchDb/layout_employees', '127.0.0.1', '内网IP', '{}', '{\"msg\":\"操作成功\",\"code\":200}', 0, NULL, '2025-11-26 13:10:12', 73);
INSERT INTO `sys_oper_log` VALUES (244, '代码生成', 2, 'com.ruoyi.generator.controller.GenController.editSave()', 'PUT', 1, 'admin', '研发部门', '/tool/gen', '127.0.0.1', '内网IP', '{\"businessName\":\"employees\",\"className\":\"LayoutEmployees\",\"columns\":[{\"capJavaField\":\"Id\",\"columnComment\":\"员工id\",\"columnId\":1,\"columnName\":\"id\",\"columnType\":\"int\",\"createBy\":\"admin\",\"createTime\":\"2025-11-24 22:58:57\",\"dictType\":\"\",\"edit\":false,\"htmlType\":\"input\",\"increment\":true,\"insert\":true,\"isIncrement\":\"1\",\"isInsert\":\"1\",\"isPk\":\"1\",\"isRequired\":\"0\",\"javaField\":\"id\",\"javaType\":\"Long\",\"list\":false,\"params\":{},\"pk\":true,\"query\":false,\"queryType\":\"EQ\",\"required\":false,\"sort\":1,\"superColumn\":false,\"tableId\":1,\"updateBy\":\"\",\"updateTime\":\"2025-11-26 13:10:12\",\"usableColumn\":false},{\"capJavaField\":\"UserId\",\"columnComment\":\"关联用户表id\",\"columnId\":2,\"columnName\":\"user_id\",\"columnType\":\"int\",\"createBy\":\"admin\",\"createTime\":\"2025-11-24 22:58:57\",\"dictType\":\"\",\"edit\":true,\"htmlType\":\"select\",\"increment\":false,\"insert\":true,\"isEdit\":\"1\",\"isIncrement\":\"0\",\"isInsert\":\"1\",\"isList\":\"1\",\"isPk\":\"0\",\"isQuery\":\"1\",\"isRequired\":\"0\",\"javaField\":\"userId\",\"javaType\":\"Long\",\"list\":true,\"params\":{},\"pk\":false,\"query\":true,\"queryType\":\"LIKE\",\"required\":false,\"sort\":2,\"superColumn\":false,\"tableId\":1,\"updateBy\":\"\",\"updateTime\":\"2025-11-26 13:10:12\",\"usableColumn\":false},{\"capJavaField\":\"Picture\",\"columnComment\":\"员工照片\",\"columnId\":34,\"columnName\":\"picture\",\"columnType\":\"varchar(255)\",\"createBy\":\"\",\"createTime\":\"2025-11-25 12:50:59\",\"dictType\":\"\",\"edit\":true,\"htmlType\":\"imageUpload\",\"increment\":false,\"insert\":true,\"isEdit\":\"1\",\"isIncrement\":\"0\",\"isInsert\":\"1\",\"isList\":\"1\",\"isPk\":\"0\",\"isQuery\":\"1\",\"isRequired\":\"0\",\"javaField\":\"picture\",\"javaType\":\"String\",\"list\":true,\"params\":{},\"pk\":false,\"query\":true,\"queryType\":\"EQ\",\"required\":false,\"sort\":3,\"superColumn\":false,\"tableId\":1,\"updateBy\":\"\",\"updateTime\":\"2025-11-26 13:10:12\",\"usableColumn\":false},{\"capJavaField\":\"DepartmentId\",\"columnComment\":\"部门ID\",\"columnId\":3,\"columnName\":\"department_id\",\"columnType\":\"int\",\"createBy\":\"admin\",\"createTime\":\"2025-11-24 22:58:57\",\"dictType\":\"\",\"edit\":true,\"htmlType\":\"select\",\"increment\":false,\"insert\":true,\"isEdit\":\"1', '{\"msg\":\"操作成功\",\"code\":200}', 0, NULL, '2025-11-26 13:10:19', 45);
INSERT INTO `sys_oper_log` VALUES (245, '代码生成', 8, 'com.ruoyi.generator.controller.GenController.batchGenCode()', 'GET', 1, 'admin', '研发部门', '/tool/gen/batchGenCode', '127.0.0.1', '内网IP', '{\"tables\":\"layout_employees\"}', NULL, 0, NULL, '2025-11-26 13:10:24', 170);
INSERT INTO `sys_oper_log` VALUES (246, '代码生成', 2, 'com.ruoyi.generator.controller.GenController.editSave()', 'PUT', 1, 'admin', '研发部门', '/tool/gen', '127.0.0.1', '内网IP', '{\"businessName\":\"employees\",\"className\":\"LayoutEmployees\",\"columns\":[{\"capJavaField\":\"Id\",\"columnComment\":\"员工id\",\"columnId\":1,\"columnName\":\"id\",\"columnType\":\"int\",\"createBy\":\"admin\",\"createTime\":\"2025-11-24 22:58:57\",\"dictType\":\"\",\"edit\":false,\"htmlType\":\"input\",\"increment\":true,\"insert\":true,\"isIncrement\":\"1\",\"isInsert\":\"1\",\"isPk\":\"1\",\"isRequired\":\"0\",\"javaField\":\"id\",\"javaType\":\"Long\",\"list\":false,\"params\":{},\"pk\":true,\"query\":false,\"queryType\":\"EQ\",\"required\":false,\"sort\":1,\"superColumn\":false,\"tableId\":1,\"updateBy\":\"\",\"updateTime\":\"2025-11-26 13:10:19\",\"usableColumn\":false},{\"capJavaField\":\"UserId\",\"columnComment\":\"关联用户表id\",\"columnId\":2,\"columnName\":\"user_id\",\"columnType\":\"int\",\"createBy\":\"admin\",\"createTime\":\"2025-11-24 22:58:57\",\"dictType\":\"\",\"edit\":true,\"htmlType\":\"select\",\"increment\":false,\"insert\":true,\"isEdit\":\"1\",\"isIncrement\":\"0\",\"isInsert\":\"1\",\"isList\":\"1\",\"isPk\":\"0\",\"isQuery\":\"1\",\"isRequired\":\"0\",\"javaField\":\"userId\",\"javaType\":\"Long\",\"list\":true,\"params\":{},\"pk\":false,\"query\":true,\"queryType\":\"LIKE\",\"required\":false,\"sort\":2,\"superColumn\":false,\"tableId\":1,\"updateBy\":\"\",\"updateTime\":\"2025-11-26 13:10:19\",\"usableColumn\":false},{\"capJavaField\":\"Picture\",\"columnComment\":\"员工照片\",\"columnId\":34,\"columnName\":\"picture\",\"columnType\":\"varchar(255)\",\"createBy\":\"\",\"createTime\":\"2025-11-25 12:50:59\",\"dictType\":\"\",\"edit\":true,\"htmlType\":\"imageUpload\",\"increment\":false,\"insert\":true,\"isEdit\":\"1\",\"isIncrement\":\"0\",\"isInsert\":\"1\",\"isList\":\"1\",\"isPk\":\"0\",\"isQuery\":\"1\",\"isRequired\":\"0\",\"javaField\":\"picture\",\"javaType\":\"String\",\"list\":true,\"params\":{},\"pk\":false,\"query\":true,\"queryType\":\"EQ\",\"required\":false,\"sort\":3,\"superColumn\":false,\"tableId\":1,\"updateBy\":\"\",\"updateTime\":\"2025-11-26 13:10:19\",\"usableColumn\":false},{\"capJavaField\":\"DepartmentId\",\"columnComment\":\"部门ID\",\"columnId\":3,\"columnName\":\"department_id\",\"columnType\":\"int\",\"createBy\":\"admin\",\"createTime\":\"2025-11-24 22:58:57\",\"dictType\":\"\",\"edit\":true,\"htmlType\":\"select\",\"increment\":false,\"insert\":true,\"isEdit\":\"1', '{\"msg\":\"操作成功\",\"code\":200}', 0, NULL, '2025-11-26 13:12:38', 57);
INSERT INTO `sys_oper_log` VALUES (247, '代码生成', 8, 'com.ruoyi.generator.controller.GenController.batchGenCode()', 'GET', 1, 'admin', '研发部门', '/tool/gen/batchGenCode', '127.0.0.1', '内网IP', '{\"tables\":\"layout_employees\"}', NULL, 0, NULL, '2025-11-26 13:12:41', 136);
INSERT INTO `sys_oper_log` VALUES (248, '员工信息', 1, 'com.ruoyi.system.controller.LayoutEmployeesController.add()', 'POST', 1, 'admin', '研发部门', '/employees/employees', '127.0.0.1', '内网IP', '{\"params\":{}}', NULL, 1, '\r\n### Error updating database.  Cause: java.sql.SQLSyntaxErrorException: You have an error in your SQL syntax; check the manual that corresponds to your MySQL server version for the right syntax to use near \'\' at line 1\r\n### The error may exist in file [D:\\project\\java\\EnterpriseLayoutManagementSystem\\ruoyi-system\\target\\classes\\mapper\\employees\\LayoutEmployeesMapper.xml]\r\n### The error may involve com.ruoyi.system.mapper.LayoutEmployeesMapper.insertLayoutEmployees-Inline\r\n### The error occurred while setting parameters\r\n### SQL: insert into layout_employees\r\n### Cause: java.sql.SQLSyntaxErrorException: You have an error in your SQL syntax; check the manual that corresponds to your MySQL server version for the right syntax to use near \'\' at line 1\n; bad SQL grammar []; nested exception is java.sql.SQLSyntaxErrorException: You have an error in your SQL syntax; check the manual that corresponds to your MySQL server version for the right syntax to use near \'\' at line 1', '2025-11-26 13:14:15', 64);
INSERT INTO `sys_oper_log` VALUES (249, '员工信息', 1, 'com.ruoyi.system.controller.LayoutEmployeesController.add()', 'POST', 1, 'admin', '研发部门', '/employees/employees', '127.0.0.1', '内网IP', '{\"params\":{}}', NULL, 1, '\r\n### Error updating database.  Cause: java.sql.SQLSyntaxErrorException: You have an error in your SQL syntax; check the manual that corresponds to your MySQL server version for the right syntax to use near \'\' at line 1\r\n### The error may exist in file [D:\\project\\java\\EnterpriseLayoutManagementSystem\\ruoyi-system\\target\\classes\\mapper\\employees\\LayoutEmployeesMapper.xml]\r\n### The error may involve com.ruoyi.system.mapper.LayoutEmployeesMapper.insertLayoutEmployees-Inline\r\n### The error occurred while setting parameters\r\n### SQL: insert into layout_employees\r\n### Cause: java.sql.SQLSyntaxErrorException: You have an error in your SQL syntax; check the manual that corresponds to your MySQL server version for the right syntax to use near \'\' at line 1\n; bad SQL grammar []; nested exception is java.sql.SQLSyntaxErrorException: You have an error in your SQL syntax; check the manual that corresponds to your MySQL server version for the right syntax to use near \'\' at line 1', '2025-11-26 13:14:19', 4);
INSERT INTO `sys_oper_log` VALUES (250, '员工信息', 1, 'com.ruoyi.system.controller.LayoutEmployeesController.add()', 'POST', 1, 'admin', '研发部门', '/employees/employees', '127.0.0.1', '内网IP', '{\"params\":{}}', NULL, 1, '\r\n### Error updating database.  Cause: java.sql.SQLSyntaxErrorException: You have an error in your SQL syntax; check the manual that corresponds to your MySQL server version for the right syntax to use near \'\' at line 1\r\n### The error may exist in file [D:\\project\\java\\EnterpriseLayoutManagementSystem\\ruoyi-system\\target\\classes\\mapper\\employees\\LayoutEmployeesMapper.xml]\r\n### The error may involve com.ruoyi.system.mapper.LayoutEmployeesMapper.insertLayoutEmployees-Inline\r\n### The error occurred while setting parameters\r\n### SQL: insert into layout_employees\r\n### Cause: java.sql.SQLSyntaxErrorException: You have an error in your SQL syntax; check the manual that corresponds to your MySQL server version for the right syntax to use near \'\' at line 1\n; bad SQL grammar []; nested exception is java.sql.SQLSyntaxErrorException: You have an error in your SQL syntax; check the manual that corresponds to your MySQL server version for the right syntax to use near \'\' at line 1', '2025-11-26 13:16:45', 4);
INSERT INTO `sys_oper_log` VALUES (251, '员工信息', 1, 'com.ruoyi.system.controller.LayoutEmployeesController.add()', 'POST', 1, 'admin', '研发部门', '/employees/employees', '127.0.0.1', '内网IP', '{\"id\":1,\"params\":{},\"picture\":\"/profile/upload/2025/11/26/006569dfe0edcbc5838e26a6b5c22e0_20251126131650A001.jpg\"}', '{\"msg\":\"操作成功\",\"code\":200}', 0, NULL, '2025-11-26 13:16:56', 7);
INSERT INTO `sys_oper_log` VALUES (252, '员工信息', 3, 'com.ruoyi.system.controller.LayoutEmployeesController.remove()', 'DELETE', 1, 'admin', '研发部门', '/employees/employees/1', '127.0.0.1', '内网IP', '[1]', '{\"msg\":\"操作成功\",\"code\":200}', 0, NULL, '2025-11-26 13:17:03', 7);
INSERT INTO `sys_oper_log` VALUES (253, '用户管理', 1, 'com.ruoyi.web.controller.system.SysUserController.add()', 'POST', 1, 'admin', '研发部门', '/system/user', '127.0.0.1', '内网IP', '{\"admin\":false,\"createBy\":\"admin\",\"nickName\":\"11111\",\"params\":{},\"postIds\":[],\"roleIds\":[],\"status\":\"0\",\"userName\":\"11111111\"}', NULL, 1, '\r\n### Error updating database.  Cause: java.sql.SQLSyntaxErrorException: You have an error in your SQL syntax; check the manual that corresponds to your MySQL server version for the right syntax to use near \'\' at line 1\r\n### The error may exist in file [D:\\project\\java\\EnterpriseLayoutManagementSystem\\ruoyi-system\\target\\classes\\mapper\\employees\\LayoutEmployeesMapper.xml]\r\n### The error may involve com.ruoyi.system.mapper.LayoutEmployeesMapper.insertLayoutEmployees-Inline\r\n### The error occurred while setting parameters\r\n### SQL: insert into layout_employees\r\n### Cause: java.sql.SQLSyntaxErrorException: You have an error in your SQL syntax; check the manual that corresponds to your MySQL server version for the right syntax to use near \'\' at line 1\n; bad SQL grammar []; nested exception is java.sql.SQLSyntaxErrorException: You have an error in your SQL syntax; check the manual that corresponds to your MySQL server version for the right syntax to use near \'\' at line 1', '2025-11-26 13:17:28', 78);
INSERT INTO `sys_oper_log` VALUES (254, '用户管理', 1, 'com.ruoyi.web.controller.system.SysUserController.add()', 'POST', 1, 'admin', '研发部门', '/system/user', '127.0.0.1', '内网IP', '{\"admin\":false,\"createBy\":\"admin\",\"nickName\":\"11111\",\"params\":{},\"postIds\":[],\"roleIds\":[],\"status\":\"0\",\"userName\":\"11111111\"}', NULL, 1, '\r\n### Error updating database.  Cause: java.sql.SQLSyntaxErrorException: You have an error in your SQL syntax; check the manual that corresponds to your MySQL server version for the right syntax to use near \'\' at line 1\r\n### The error may exist in file [D:\\project\\java\\EnterpriseLayoutManagementSystem\\ruoyi-system\\target\\classes\\mapper\\employees\\LayoutEmployeesMapper.xml]\r\n### The error may involve com.ruoyi.system.mapper.LayoutEmployeesMapper.insertLayoutEmployees-Inline\r\n### The error occurred while setting parameters\r\n### SQL: insert into layout_employees\r\n### Cause: java.sql.SQLSyntaxErrorException: You have an error in your SQL syntax; check the manual that corresponds to your MySQL server version for the right syntax to use near \'\' at line 1\n; bad SQL grammar []; nested exception is java.sql.SQLSyntaxErrorException: You have an error in your SQL syntax; check the manual that corresponds to your MySQL server version for the right syntax to use near \'\' at line 1', '2025-11-26 13:17:32', 77);
INSERT INTO `sys_oper_log` VALUES (255, '员工信息', 1, 'com.ruoyi.system.controller.LayoutEmployeesController.add()', 'POST', 1, 'admin', '研发部门', '/employees/employees', '127.0.0.1', '内网IP', '{\"params\":{}}', NULL, 1, '\r\n### Error updating database.  Cause: java.sql.SQLSyntaxErrorException: You have an error in your SQL syntax; check the manual that corresponds to your MySQL server version for the right syntax to use near \'\' at line 1\r\n### The error may exist in file [D:\\project\\java\\EnterpriseLayoutManagementSystem\\ruoyi-system\\target\\classes\\mapper\\employees\\LayoutEmployeesMapper.xml]\r\n### The error may involve com.ruoyi.system.mapper.LayoutEmployeesMapper.insertLayoutEmployees-Inline\r\n### The error occurred while setting parameters\r\n### SQL: insert into layout_employees\r\n### Cause: java.sql.SQLSyntaxErrorException: You have an error in your SQL syntax; check the manual that corresponds to your MySQL server version for the right syntax to use near \'\' at line 1\n; bad SQL grammar []; nested exception is java.sql.SQLSyntaxErrorException: You have an error in your SQL syntax; check the manual that corresponds to your MySQL server version for the right syntax to use near \'\' at line 1', '2025-11-26 13:18:50', 3);
INSERT INTO `sys_oper_log` VALUES (256, '员工信息', 1, 'com.ruoyi.system.controller.LayoutEmployeesController.add()', 'POST', 1, 'admin', '研发部门', '/employees/employees', '127.0.0.1', '内网IP', '{\"id\":2,\"params\":{},\"picture\":\"/profile/upload/2025/11/26/屏幕截图 2025-04-14 231555_20251126131854A002.png\"}', '{\"msg\":\"操作成功\",\"code\":200}', 0, NULL, '2025-11-26 13:18:55', 5);
INSERT INTO `sys_oper_log` VALUES (257, '员工信息', 1, 'com.ruoyi.system.controller.LayoutEmployeesController.add()', 'POST', 1, 'admin', '研发部门', '/employees/employees', '127.0.0.1', '内网IP', '{\"params\":{}}', NULL, 1, '\r\n### Error updating database.  Cause: java.sql.SQLSyntaxErrorException: You have an error in your SQL syntax; check the manual that corresponds to your MySQL server version for the right syntax to use near \'\' at line 1\r\n### The error may exist in file [D:\\project\\java\\EnterpriseLayoutManagementSystem\\ruoyi-system\\target\\classes\\mapper\\employees\\LayoutEmployeesMapper.xml]\r\n### The error may involve com.ruoyi.system.mapper.LayoutEmployeesMapper.insertLayoutEmployees-Inline\r\n### The error occurred while setting parameters\r\n### SQL: insert into layout_employees\r\n### Cause: java.sql.SQLSyntaxErrorException: You have an error in your SQL syntax; check the manual that corresponds to your MySQL server version for the right syntax to use near \'\' at line 1\n; bad SQL grammar []; nested exception is java.sql.SQLSyntaxErrorException: You have an error in your SQL syntax; check the manual that corresponds to your MySQL server version for the right syntax to use near \'\' at line 1', '2025-11-26 13:21:50', 3);
INSERT INTO `sys_oper_log` VALUES (258, '员工信息', 1, 'com.ruoyi.system.controller.LayoutEmployeesController.add()', 'POST', 1, 'admin', '研发部门', '/employees/employees', '127.0.0.1', '内网IP', '{\"params\":{}}', NULL, 1, '\r\n### Error updating database.  Cause: java.sql.SQLSyntaxErrorException: You have an error in your SQL syntax; check the manual that corresponds to your MySQL server version for the right syntax to use near \'\' at line 1\r\n### The error may exist in file [D:\\project\\java\\EnterpriseLayoutManagementSystem\\ruoyi-system\\target\\classes\\mapper\\employees\\LayoutEmployeesMapper.xml]\r\n### The error may involve com.ruoyi.system.mapper.LayoutEmployeesMapper.insertLayoutEmployees-Inline\r\n### The error occurred while setting parameters\r\n### SQL: insert into layout_employees\r\n### Cause: java.sql.SQLSyntaxErrorException: You have an error in your SQL syntax; check the manual that corresponds to your MySQL server version for the right syntax to use near \'\' at line 1\n; bad SQL grammar []; nested exception is java.sql.SQLSyntaxErrorException: You have an error in your SQL syntax; check the manual that corresponds to your MySQL server version for the right syntax to use near \'\' at line 1', '2025-11-26 13:22:11', 3);
INSERT INTO `sys_oper_log` VALUES (259, '员工信息', 3, 'com.ruoyi.system.controller.LayoutEmployeesController.remove()', 'DELETE', 1, 'admin', '研发部门', '/employees/employees/2', '127.0.0.1', '内网IP', '[2]', '{\"msg\":\"操作成功\",\"code\":200}', 0, NULL, '2025-11-26 13:23:31', 8);
INSERT INTO `sys_oper_log` VALUES (260, '用户管理', 1, 'com.ruoyi.web.controller.system.SysUserController.add()', 'POST', 1, 'admin', '研发部门', '/system/user', '127.0.0.1', '内网IP', '{\"admin\":false,\"createBy\":\"admin\",\"nickName\":\"123123\",\"params\":{},\"postIds\":[],\"roleIds\":[],\"status\":\"0\",\"userName\":\"2222\"}', NULL, 1, '\r\n### Error updating database.  Cause: java.sql.SQLSyntaxErrorException: You have an error in your SQL syntax; check the manual that corresponds to your MySQL server version for the right syntax to use near \'\' at line 1\r\n### The error may exist in file [D:\\project\\java\\EnterpriseLayoutManagementSystem\\ruoyi-system\\target\\classes\\mapper\\employees\\LayoutEmployeesMapper.xml]\r\n### The error may involve com.ruoyi.system.mapper.LayoutEmployeesMapper.insertLayoutEmployees-Inline\r\n### The error occurred while setting parameters\r\n### SQL: insert into layout_employees\r\n### Cause: java.sql.SQLSyntaxErrorException: You have an error in your SQL syntax; check the manual that corresponds to your MySQL server version for the right syntax to use near \'\' at line 1\n; bad SQL grammar []; nested exception is java.sql.SQLSyntaxErrorException: You have an error in your SQL syntax; check the manual that corresponds to your MySQL server version for the right syntax to use near \'\' at line 1', '2025-11-26 13:24:13', 145);
INSERT INTO `sys_oper_log` VALUES (261, '用户管理', 1, 'com.ruoyi.web.controller.system.SysUserController.add()', 'POST', 1, 'admin', '研发部门', '/system/user', '127.0.0.1', '内网IP', '{\"admin\":false,\"createBy\":\"admin\",\"nickName\":\"123123\",\"params\":{},\"postIds\":[],\"roleIds\":[],\"status\":\"0\",\"userName\":\"2222\"}', NULL, 1, '\r\n### Error updating database.  Cause: java.sql.SQLSyntaxErrorException: You have an error in your SQL syntax; check the manual that corresponds to your MySQL server version for the right syntax to use near \'\' at line 1\r\n### The error may exist in file [D:\\project\\java\\EnterpriseLayoutManagementSystem\\ruoyi-system\\target\\classes\\mapper\\employees\\LayoutEmployeesMapper.xml]\r\n### The error may involve com.ruoyi.system.mapper.LayoutEmployeesMapper.insertLayoutEmployees-Inline\r\n### The error occurred while setting parameters\r\n### SQL: insert into layout_employees\r\n### Cause: java.sql.SQLSyntaxErrorException: You have an error in your SQL syntax; check the manual that corresponds to your MySQL server version for the right syntax to use near \'\' at line 1\n; bad SQL grammar []; nested exception is java.sql.SQLSyntaxErrorException: You have an error in your SQL syntax; check the manual that corresponds to your MySQL server version for the right syntax to use near \'\' at line 1', '2025-11-26 13:24:14', 74);
INSERT INTO `sys_oper_log` VALUES (262, '员工信息', 1, 'com.ruoyi.system.controller.LayoutEmployeesController.add()', 'POST', 1, 'admin', '研发部门', '/employees/employees', '127.0.0.1', '内网IP', '{\"params\":{}}', NULL, 1, '\r\n### Error updating database.  Cause: java.sql.SQLSyntaxErrorException: You have an error in your SQL syntax; check the manual that corresponds to your MySQL server version for the right syntax to use near \'\' at line 1\r\n### The error may exist in file [D:\\project\\java\\EnterpriseLayoutManagementSystem\\ruoyi-system\\target\\classes\\mapper\\employees\\LayoutEmployeesMapper.xml]\r\n### The error may involve com.ruoyi.system.mapper.LayoutEmployeesMapper.insertLayoutEmployees-Inline\r\n### The error occurred while setting parameters\r\n### SQL: insert into layout_employees\r\n### Cause: java.sql.SQLSyntaxErrorException: You have an error in your SQL syntax; check the manual that corresponds to your MySQL server version for the right syntax to use near \'\' at line 1\n; bad SQL grammar []; nested exception is java.sql.SQLSyntaxErrorException: You have an error in your SQL syntax; check the manual that corresponds to your MySQL server version for the right syntax to use near \'\' at line 1', '2025-11-26 13:24:24', 5);
INSERT INTO `sys_oper_log` VALUES (263, '员工信息', 1, 'com.ruoyi.system.controller.LayoutEmployeesController.add()', 'POST', 1, 'admin', '研发部门', '/employees/employees', '127.0.0.1', '内网IP', '{\"id\":3,\"params\":{},\"positions\":\"123\"}', '{\"msg\":\"操作成功\",\"code\":200}', 0, NULL, '2025-11-26 13:24:26', 7);
INSERT INTO `sys_oper_log` VALUES (264, '员工信息', 3, 'com.ruoyi.system.controller.LayoutEmployeesController.remove()', 'DELETE', 1, 'admin', '研发部门', '/employees/employees/3', '127.0.0.1', '内网IP', '[3]', '{\"msg\":\"操作成功\",\"code\":200}', 0, NULL, '2025-11-26 13:24:35', 8);
INSERT INTO `sys_oper_log` VALUES (265, '员工信息', 1, 'com.ruoyi.system.controller.LayoutEmployeesController.add()', 'POST', 1, 'admin', '研发部门', '/employees/employees', '127.0.0.1', '内网IP', '{\"params\":{}}', NULL, 1, '\r\n### Error updating database.  Cause: java.sql.SQLSyntaxErrorException: You have an error in your SQL syntax; check the manual that corresponds to your MySQL server version for the right syntax to use near \'\' at line 1\r\n### The error may exist in file [D:\\project\\java\\EnterpriseLayoutManagementSystem\\ruoyi-system\\target\\classes\\mapper\\employees\\LayoutEmployeesMapper.xml]\r\n### The error may involve com.ruoyi.system.mapper.LayoutEmployeesMapper.insertLayoutEmployees-Inline\r\n### The error occurred while setting parameters\r\n### SQL: insert into layout_employees\r\n### Cause: java.sql.SQLSyntaxErrorException: You have an error in your SQL syntax; check the manual that corresponds to your MySQL server version for the right syntax to use near \'\' at line 1\n; bad SQL grammar []; nested exception is java.sql.SQLSyntaxErrorException: You have an error in your SQL syntax; check the manual that corresponds to your MySQL server version for the right syntax to use near \'\' at line 1', '2025-11-26 13:24:38', 2);
INSERT INTO `sys_oper_log` VALUES (266, '员工信息', 1, 'com.ruoyi.system.controller.LayoutEmployeesController.add()', 'POST', 1, 'admin', '研发部门', '/employees/employees', '127.0.0.1', '内网IP', '{\"id\":4,\"params\":{},\"workHoursPerWeek\":22}', '{\"msg\":\"操作成功\",\"code\":200}', 0, NULL, '2025-11-26 13:24:47', 5);
INSERT INTO `sys_oper_log` VALUES (267, '员工信息', 3, 'com.ruoyi.system.controller.LayoutEmployeesController.remove()', 'DELETE', 1, 'admin', '研发部门', '/employees/employees/4', '127.0.0.1', '内网IP', '[4]', '{\"msg\":\"操作成功\",\"code\":200}', 0, NULL, '2025-11-26 13:24:51', 5);
INSERT INTO `sys_oper_log` VALUES (268, '员工信息', 1, 'com.ruoyi.system.controller.LayoutEmployeesController.add()', 'POST', 1, 'admin', '研发部门', '/employees/employees', '127.0.0.1', '内网IP', '{\"id\":5,\"params\":{},\"weekendPreference\":\"22\"}', '{\"msg\":\"操作成功\",\"code\":200}', 0, NULL, '2025-11-26 13:24:54', 4);
INSERT INTO `sys_oper_log` VALUES (269, '员工信息', 3, 'com.ruoyi.system.controller.LayoutEmployeesController.remove()', 'DELETE', 1, 'admin', '研发部门', '/employees/employees/5', '127.0.0.1', '内网IP', '[5]', '{\"msg\":\"操作成功\",\"code\":200}', 0, NULL, '2025-11-26 13:24:56', 4);
INSERT INTO `sys_oper_log` VALUES (270, '用户管理', 1, 'com.ruoyi.web.controller.system.SysUserController.add()', 'POST', 1, 'admin', '研发部门', '/system/user', '127.0.0.1', '内网IP', '{\"admin\":false,\"createBy\":\"admin\",\"nickName\":\"123\",\"params\":{},\"postIds\":[],\"roleIds\":[],\"status\":\"0\",\"userName\":\"2222\"}', NULL, 1, '\r\n### Error updating database.  Cause: java.sql.SQLSyntaxErrorException: You have an error in your SQL syntax; check the manual that corresponds to your MySQL server version for the right syntax to use near \'\' at line 1\r\n### The error may exist in file [D:\\project\\java\\EnterpriseLayoutManagementSystem\\ruoyi-system\\target\\classes\\mapper\\employees\\LayoutEmployeesMapper.xml]\r\n### The error may involve com.ruoyi.system.mapper.LayoutEmployeesMapper.insertLayoutEmployees-Inline\r\n### The error occurred while setting parameters\r\n### SQL: insert into layout_employees\r\n### Cause: java.sql.SQLSyntaxErrorException: You have an error in your SQL syntax; check the manual that corresponds to your MySQL server version for the right syntax to use near \'\' at line 1\n; bad SQL grammar []; nested exception is java.sql.SQLSyntaxErrorException: You have an error in your SQL syntax; check the manual that corresponds to your MySQL server version for the right syntax to use near \'\' at line 1', '2025-11-26 13:27:49', 151);
INSERT INTO `sys_oper_log` VALUES (271, '用户管理', 1, 'com.ruoyi.web.controller.system.SysUserController.add()', 'POST', 1, 'admin', '研发部门', '/system/user', '127.0.0.1', '内网IP', '{\"admin\":false,\"createBy\":\"admin\",\"nickName\":\"123\",\"params\":{},\"postIds\":[],\"roleIds\":[],\"status\":\"0\",\"userName\":\"222222\"}', NULL, 1, '\r\n### Error updating database.  Cause: java.sql.SQLSyntaxErrorException: You have an error in your SQL syntax; check the manual that corresponds to your MySQL server version for the right syntax to use near \'\' at line 1\r\n### The error may exist in file [D:\\project\\java\\EnterpriseLayoutManagementSystem\\ruoyi-system\\target\\classes\\mapper\\employees\\LayoutEmployeesMapper.xml]\r\n### The error may involve com.ruoyi.system.mapper.LayoutEmployeesMapper.insertLayoutEmployees-Inline\r\n### The error occurred while setting parameters\r\n### SQL: insert into layout_employees\r\n### Cause: java.sql.SQLSyntaxErrorException: You have an error in your SQL syntax; check the manual that corresponds to your MySQL server version for the right syntax to use near \'\' at line 1\n; bad SQL grammar []; nested exception is java.sql.SQLSyntaxErrorException: You have an error in your SQL syntax; check the manual that corresponds to your MySQL server version for the right syntax to use near \'\' at line 1', '2025-11-26 13:27:58', 79);
INSERT INTO `sys_oper_log` VALUES (272, '用户管理', 1, 'com.ruoyi.web.controller.system.SysUserController.add()', 'POST', 1, 'admin', '研发部门', '/system/user', '127.0.0.1', '内网IP', '{\"admin\":false,\"createBy\":\"admin\",\"nickName\":\"123\",\"params\":{},\"postIds\":[],\"roleIds\":[],\"status\":\"0\",\"userId\":100,\"userName\":\"222222\"}', '{\"msg\":\"操作成功\",\"code\":200}', 0, NULL, '2025-11-26 13:30:54', 259);
INSERT INTO `sys_oper_log` VALUES (273, '员工信息', 3, 'com.ruoyi.system.controller.LayoutEmployeesController.remove()', 'DELETE', 1, 'admin', '研发部门', '/employees/employees/6', '127.0.0.1', '内网IP', '[6]', '{\"msg\":\"操作成功\",\"code\":200}', 0, NULL, '2025-11-26 13:31:44', 8);
INSERT INTO `sys_oper_log` VALUES (274, '用户管理', 1, 'com.ruoyi.web.controller.system.SysUserController.add()', 'POST', 1, 'admin', '研发部门', '/system/user', '127.0.0.1', '内网IP', '{\"admin\":false,\"createBy\":\"admin\",\"nickName\":\"111\",\"params\":{},\"postIds\":[],\"roleIds\":[],\"status\":\"0\",\"userId\":101,\"userName\":\"222\"}', '{\"msg\":\"操作成功\",\"code\":200}', 0, NULL, '2025-11-26 13:31:52', 89);
INSERT INTO `sys_oper_log` VALUES (275, '用户管理', 3, 'com.ruoyi.web.controller.system.SysUserController.remove()', 'DELETE', 1, 'admin', '研发部门', '/system/user/100', '127.0.0.1', '内网IP', '[100]', '{\"msg\":\"操作成功\",\"code\":200}', 0, NULL, '2025-11-26 13:31:55', 9);
INSERT INTO `sys_oper_log` VALUES (276, '字典类型', 1, 'com.ruoyi.web.controller.system.SysDictTypeController.add()', 'POST', 1, 'admin', '研发部门', '/system/dict/type', '127.0.0.1', '内网IP', '{\"createBy\":\"admin\",\"dictName\":\"周末出勤偏好\",\"dictType\":\"layout_weekend\",\"params\":{},\"status\":\"0\"}', '{\"msg\":\"操作成功\",\"code\":200}', 0, NULL, '2025-11-26 19:45:47', 15);
INSERT INTO `sys_oper_log` VALUES (277, '字典数据', 1, 'com.ruoyi.web.controller.system.SysDictDataController.add()', 'POST', 1, 'admin', '研发部门', '/system/dict/data', '127.0.0.1', '内网IP', '{\"createBy\":\"admin\",\"default\":false,\"dictLabel\":\"可出勤\",\"dictSort\":0,\"dictType\":\"layout_weekend\",\"dictValue\":\"0\",\"listClass\":\"default\",\"params\":{},\"status\":\"0\"}', '{\"msg\":\"操作成功\",\"code\":200}', 0, NULL, '2025-11-26 19:46:03', 10);
INSERT INTO `sys_oper_log` VALUES (278, '字典数据', 1, 'com.ruoyi.web.controller.system.SysDictDataController.add()', 'POST', 1, 'admin', '研发部门', '/system/dict/data', '127.0.0.1', '内网IP', '{\"createBy\":\"admin\",\"default\":false,\"dictLabel\":\"需休息\",\"dictSort\":0,\"dictType\":\"layout_weekend\",\"dictValue\":\"1\",\"listClass\":\"primary\",\"params\":{},\"status\":\"0\"}', '{\"msg\":\"操作成功\",\"code\":200}', 0, NULL, '2025-11-26 19:46:19', 9);
INSERT INTO `sys_oper_log` VALUES (279, '字典数据', 2, 'com.ruoyi.web.controller.system.SysDictDataController.edit()', 'PUT', 1, 'admin', '研发部门', '/system/dict/data', '127.0.0.1', '内网IP', '{\"createBy\":\"admin\",\"createTime\":\"2025-11-26 19:46:03\",\"default\":false,\"dictCode\":106,\"dictLabel\":\"可出勤\",\"dictSort\":0,\"dictType\":\"layout_weekend\",\"dictValue\":\"0\",\"isDefault\":\"N\",\"listClass\":\"success\",\"params\":{},\"status\":\"0\",\"updateBy\":\"admin\"}', '{\"msg\":\"操作成功\",\"code\":200}', 0, NULL, '2025-11-26 19:46:26', 9);
INSERT INTO `sys_oper_log` VALUES (280, '代码生成', 2, 'com.ruoyi.generator.controller.GenController.editSave()', 'PUT', 1, 'admin', '研发部门', '/tool/gen', '127.0.0.1', '内网IP', '{\"businessName\":\"employees\",\"className\":\"LayoutEmployees\",\"columns\":[{\"capJavaField\":\"Id\",\"columnComment\":\"员工id\",\"columnId\":1,\"columnName\":\"id\",\"columnType\":\"int\",\"createBy\":\"admin\",\"createTime\":\"2025-11-24 22:58:57\",\"dictType\":\"\",\"edit\":false,\"htmlType\":\"input\",\"increment\":true,\"insert\":true,\"isIncrement\":\"1\",\"isInsert\":\"1\",\"isPk\":\"1\",\"isRequired\":\"0\",\"javaField\":\"id\",\"javaType\":\"Long\",\"list\":false,\"params\":{},\"pk\":true,\"query\":false,\"queryType\":\"EQ\",\"required\":false,\"sort\":1,\"superColumn\":false,\"tableId\":1,\"updateBy\":\"\",\"updateTime\":\"2025-11-26 13:12:38\",\"usableColumn\":false},{\"capJavaField\":\"UserId\",\"columnComment\":\"关联用户表id\",\"columnId\":2,\"columnName\":\"user_id\",\"columnType\":\"int\",\"createBy\":\"admin\",\"createTime\":\"2025-11-24 22:58:57\",\"dictType\":\"\",\"edit\":true,\"htmlType\":\"input\",\"increment\":false,\"insert\":true,\"isEdit\":\"1\",\"isIncrement\":\"0\",\"isInsert\":\"1\",\"isList\":\"1\",\"isPk\":\"0\",\"isQuery\":\"1\",\"isRequired\":\"0\",\"javaField\":\"userId\",\"javaType\":\"Long\",\"list\":true,\"params\":{},\"pk\":false,\"query\":true,\"queryType\":\"EQ\",\"required\":false,\"sort\":2,\"superColumn\":false,\"tableId\":1,\"updateBy\":\"\",\"updateTime\":\"2025-11-26 13:12:38\",\"usableColumn\":false},{\"capJavaField\":\"Picture\",\"columnComment\":\"员工照片\",\"columnId\":34,\"columnName\":\"picture\",\"columnType\":\"varchar(255)\",\"createBy\":\"\",\"createTime\":\"2025-11-25 12:50:59\",\"dictType\":\"\",\"edit\":true,\"htmlType\":\"imageUpload\",\"increment\":false,\"insert\":true,\"isEdit\":\"1\",\"isIncrement\":\"0\",\"isInsert\":\"1\",\"isList\":\"1\",\"isPk\":\"0\",\"isQuery\":\"1\",\"isRequired\":\"0\",\"javaField\":\"picture\",\"javaType\":\"String\",\"list\":true,\"params\":{},\"pk\":false,\"query\":true,\"queryType\":\"EQ\",\"required\":false,\"sort\":3,\"superColumn\":false,\"tableId\":1,\"updateBy\":\"\",\"updateTime\":\"2025-11-26 13:12:38\",\"usableColumn\":false},{\"capJavaField\":\"DepartmentId\",\"columnComment\":\"部门ID\",\"columnId\":3,\"columnName\":\"department_id\",\"columnType\":\"int\",\"createBy\":\"admin\",\"createTime\":\"2025-11-24 22:58:57\",\"dictType\":\"\",\"edit\":true,\"htmlType\":\"select\",\"increment\":false,\"insert\":true,\"isEdit\":\"1\",\"', '{\"msg\":\"操作成功\",\"code\":200}', 0, NULL, '2025-11-26 19:48:46', 52);
INSERT INTO `sys_oper_log` VALUES (281, '代码生成', 8, 'com.ruoyi.generator.controller.GenController.batchGenCode()', 'GET', 1, 'admin', '研发部门', '/tool/gen/batchGenCode', '127.0.0.1', '内网IP', '{\"tables\":\"layout_employees\"}', NULL, 0, NULL, '2025-11-26 19:48:57', 153);
INSERT INTO `sys_oper_log` VALUES (282, '员工信息', 3, 'com.ruoyi.system.controller.LayoutEmployeesController.remove()', 'DELETE', 1, 'admin', '研发部门', '/employees/employees/7', '127.0.0.1', '内网IP', '[7]', '{\"msg\":\"操作成功\",\"code\":200}', 0, NULL, '2025-11-26 19:54:11', 10);
INSERT INTO `sys_oper_log` VALUES (283, '员工信息', 1, 'com.ruoyi.system.controller.LayoutEmployeesController.add()', 'POST', 1, 'admin', '研发部门', '/employees/employees', '127.0.0.1', '内网IP', '{\"id\":8,\"params\":{},\"userId\":2}', '{\"msg\":\"操作成功\",\"code\":200}', 0, NULL, '2025-11-26 20:07:24', 19);
INSERT INTO `sys_oper_log` VALUES (284, '员工信息', 1, 'com.ruoyi.system.controller.LayoutEmployeesController.add()', 'POST', 1, 'admin', '研发部门', '/employees/employees', '127.0.0.1', '内网IP', '{\"departmentId\":105,\"id\":9,\"params\":{},\"positions\":\"\",\"userId\":2}', '{\"msg\":\"操作成功\",\"code\":200}', 0, NULL, '2025-11-26 23:24:12', 16);
INSERT INTO `sys_oper_log` VALUES (285, '员工信息', 3, 'com.ruoyi.system.controller.LayoutEmployeesController.remove()', 'DELETE', 1, 'admin', '研发部门', '/employees/employees/9', '127.0.0.1', '内网IP', '[9]', '{\"msg\":\"操作成功\",\"code\":200}', 0, NULL, '2025-11-26 23:24:17', 9);
INSERT INTO `sys_oper_log` VALUES (286, '员工信息', 1, 'com.ruoyi.system.controller.LayoutEmployeesController.add()', 'POST', 1, 'admin', '研发部门', '/employees/employees', '127.0.0.1', '内网IP', '{\"departmentId\":103,\"id\":10,\"params\":{},\"positions\":\"\",\"userId\":1}', '{\"msg\":\"操作成功\",\"code\":200}', 0, NULL, '2025-11-26 23:25:28', 5);
INSERT INTO `sys_oper_log` VALUES (287, '员工信息', 3, 'com.ruoyi.system.controller.LayoutEmployeesController.remove()', 'DELETE', 1, 'admin', '研发部门', '/employees/employees/10', '127.0.0.1', '内网IP', '[10]', '{\"msg\":\"操作成功\",\"code\":200}', 0, NULL, '2025-11-26 23:25:31', 5);
INSERT INTO `sys_oper_log` VALUES (288, '员工信息', 1, 'com.ruoyi.system.controller.LayoutEmployeesController.add()', 'POST', 1, 'admin', '研发部门', '/employees/employees', '127.0.0.1', '内网IP', '{\"departmentId\":103,\"id\":11,\"params\":{},\"positions\":\"\",\"userId\":1}', '{\"msg\":\"操作成功\",\"code\":200}', 0, NULL, '2025-11-26 23:50:07', 4);
INSERT INTO `sys_oper_log` VALUES (289, '员工信息', 1, 'com.ruoyi.system.controller.LayoutEmployeesController.add()', 'POST', 1, 'admin', '研发部门', '/employees/employees', '127.0.0.1', '内网IP', '{\"departmentId\":103,\"id\":12,\"params\":{},\"positions\":\"\",\"userId\":1}', '{\"msg\":\"操作成功\",\"code\":200}', 0, NULL, '2025-11-26 23:51:15', 4);
INSERT INTO `sys_oper_log` VALUES (290, '员工信息', 1, 'com.ruoyi.system.controller.LayoutEmployeesController.add()', 'POST', 1, 'admin', '研发部门', '/employees/employees', '127.0.0.1', '内网IP', '{\"departmentId\":103,\"id\":13,\"params\":{},\"positions\":\"\",\"userId\":1}', '{\"msg\":\"操作成功\",\"code\":200}', 0, NULL, '2025-11-26 23:54:36', 5);
INSERT INTO `sys_oper_log` VALUES (291, '员工信息', 3, 'com.ruoyi.system.controller.LayoutEmployeesController.remove()', 'DELETE', 1, 'admin', '研发部门', '/employees/employees/13', '127.0.0.1', '内网IP', '[13]', '{\"msg\":\"操作成功\",\"code\":200}', 0, NULL, '2025-11-26 23:54:38', 5);
INSERT INTO `sys_oper_log` VALUES (292, '员工信息', 1, 'com.ruoyi.system.controller.LayoutEmployeesController.add()', 'POST', 1, 'admin', '研发部门', '/employees/employees', '127.0.0.1', '内网IP', '{\"departmentId\":103,\"id\":14,\"params\":{},\"positions\":\"\",\"userId\":1}', '{\"msg\":\"操作成功\",\"code\":200}', 0, NULL, '2025-11-26 23:59:56', 4);
INSERT INTO `sys_oper_log` VALUES (293, '员工信息', 1, 'com.ruoyi.system.controller.LayoutEmployeesController.add()', 'POST', 1, 'admin', '研发部门', '/employees/employees', '127.0.0.1', '内网IP', '{\"departmentId\":105,\"id\":15,\"params\":{},\"positions\":\"\",\"userId\":2}', '{\"msg\":\"操作成功\",\"code\":200}', 0, NULL, '2025-11-27 00:18:34', 7);
INSERT INTO `sys_oper_log` VALUES (294, '员工信息', 3, 'com.ruoyi.system.controller.LayoutEmployeesController.remove()', 'DELETE', 1, 'admin', '研发部门', '/employees/employees/15', '127.0.0.1', '内网IP', '[15]', '{\"msg\":\"操作成功\",\"code\":200}', 0, NULL, '2025-11-27 00:18:36', 0);
INSERT INTO `sys_oper_log` VALUES (295, '员工信息', 1, 'com.ruoyi.system.controller.LayoutEmployeesController.add()', 'POST', 1, 'admin', '研发部门', '/employees/employees', '127.0.0.1', '内网IP', '{\"departmentId\":103,\"id\":16,\"params\":{},\"positions\":\"\",\"userId\":1}', '{\"msg\":\"操作成功\",\"code\":200}', 0, NULL, '2025-11-27 00:20:19', 5);
INSERT INTO `sys_oper_log` VALUES (296, '员工信息', 3, 'com.ruoyi.system.controller.LayoutEmployeesController.remove()', 'DELETE', 1, 'admin', '研发部门', '/employees/employees/16', '127.0.0.1', '内网IP', '[16]', '{\"msg\":\"操作成功\",\"code\":200}', 0, NULL, '2025-11-27 00:20:21', 4);
INSERT INTO `sys_oper_log` VALUES (297, '员工信息', 1, 'com.ruoyi.system.controller.LayoutEmployeesController.add()', 'POST', 1, 'admin', '研发部门', '/employees/employees', '127.0.0.1', '内网IP', '{\"departmentId\":103,\"id\":17,\"params\":{},\"positions\":\"\",\"userId\":1}', '{\"msg\":\"操作成功\",\"code\":200}', 0, NULL, '2025-11-27 00:23:38', 0);
INSERT INTO `sys_oper_log` VALUES (298, '员工信息', 3, 'com.ruoyi.system.controller.LayoutEmployeesController.remove()', 'DELETE', 1, 'admin', '研发部门', '/employees/employees/14', '127.0.0.1', '内网IP', '[14]', '{\"msg\":\"操作成功\",\"code\":200}', 0, NULL, '2025-11-27 00:23:40', 0);
INSERT INTO `sys_oper_log` VALUES (299, '员工信息', 3, 'com.ruoyi.system.controller.LayoutEmployeesController.remove()', 'DELETE', 1, 'admin', '研发部门', '/employees/employees/11', '127.0.0.1', '内网IP', '[11]', '{\"msg\":\"操作成功\",\"code\":200}', 0, NULL, '2025-11-27 00:23:42', 15);
INSERT INTO `sys_oper_log` VALUES (300, '代码生成', 2, 'com.ruoyi.generator.controller.GenController.synchDb()', 'GET', 1, 'admin', '研发部门', '/tool/gen/synchDb/layout_employees', '127.0.0.1', '内网IP', '{}', '{\"msg\":\"操作成功\",\"code\":200}', 0, NULL, '2025-11-27 00:37:51', 72);
INSERT INTO `sys_oper_log` VALUES (301, '代码生成', 2, 'com.ruoyi.generator.controller.GenController.editSave()', 'PUT', 1, 'admin', '研发部门', '/tool/gen', '127.0.0.1', '内网IP', '{\"businessName\":\"employees\",\"className\":\"LayoutEmployees\",\"columns\":[{\"capJavaField\":\"Id\",\"columnComment\":\"员工id\",\"columnId\":1,\"columnName\":\"id\",\"columnType\":\"int\",\"createBy\":\"admin\",\"createTime\":\"2025-11-24 22:58:57\",\"dictType\":\"\",\"edit\":false,\"htmlType\":\"input\",\"increment\":true,\"insert\":true,\"isIncrement\":\"1\",\"isInsert\":\"1\",\"isPk\":\"1\",\"isRequired\":\"0\",\"javaField\":\"id\",\"javaType\":\"Long\",\"list\":false,\"params\":{},\"pk\":true,\"query\":false,\"queryType\":\"EQ\",\"required\":false,\"sort\":1,\"superColumn\":false,\"tableId\":1,\"updateBy\":\"\",\"updateTime\":\"2025-11-27 00:37:51\",\"usableColumn\":false},{\"capJavaField\":\"UserId\",\"columnComment\":\"关联用户表id\",\"columnId\":2,\"columnName\":\"user_id\",\"columnType\":\"int\",\"createBy\":\"admin\",\"createTime\":\"2025-11-24 22:58:57\",\"dictType\":\"\",\"edit\":true,\"htmlType\":\"input\",\"increment\":false,\"insert\":true,\"isEdit\":\"1\",\"isIncrement\":\"0\",\"isInsert\":\"1\",\"isList\":\"1\",\"isPk\":\"0\",\"isQuery\":\"1\",\"isRequired\":\"0\",\"javaField\":\"userId\",\"javaType\":\"Long\",\"list\":true,\"params\":{},\"pk\":false,\"query\":true,\"queryType\":\"EQ\",\"required\":false,\"sort\":2,\"superColumn\":false,\"tableId\":1,\"updateBy\":\"\",\"updateTime\":\"2025-11-27 00:37:51\",\"usableColumn\":false},{\"capJavaField\":\"Picture\",\"columnComment\":\"员工照片\",\"columnId\":34,\"columnName\":\"picture\",\"columnType\":\"varchar(255)\",\"createBy\":\"\",\"createTime\":\"2025-11-25 12:50:59\",\"dictType\":\"\",\"edit\":true,\"htmlType\":\"imageUpload\",\"increment\":false,\"insert\":true,\"isEdit\":\"1\",\"isIncrement\":\"0\",\"isInsert\":\"1\",\"isList\":\"1\",\"isPk\":\"0\",\"isQuery\":\"1\",\"isRequired\":\"0\",\"javaField\":\"picture\",\"javaType\":\"String\",\"list\":true,\"params\":{},\"pk\":false,\"query\":true,\"queryType\":\"EQ\",\"required\":false,\"sort\":3,\"superColumn\":false,\"tableId\":1,\"updateBy\":\"\",\"updateTime\":\"2025-11-27 00:37:51\",\"usableColumn\":false},{\"capJavaField\":\"DepartmentId\",\"columnComment\":\"部门ID\",\"columnId\":3,\"columnName\":\"department_id\",\"columnType\":\"int\",\"createBy\":\"admin\",\"createTime\":\"2025-11-24 22:58:57\",\"dictType\":\"\",\"edit\":true,\"htmlType\":\"select\",\"increment\":false,\"insert\":true,\"isEdit\":\"1\",\"', '{\"msg\":\"操作成功\",\"code\":200}', 0, NULL, '2025-11-27 00:38:01', 43);
INSERT INTO `sys_oper_log` VALUES (302, '代码生成', 8, 'com.ruoyi.generator.controller.GenController.batchGenCode()', 'GET', 1, 'admin', '研发部门', '/tool/gen/batchGenCode', '127.0.0.1', '内网IP', '{\"tables\":\"layout_employees\"}', NULL, 0, NULL, '2025-11-27 00:38:03', 164);
INSERT INTO `sys_oper_log` VALUES (303, '员工信息', 1, 'com.ruoyi.system.controller.LayoutEmployeesController.add()', 'POST', 1, 'admin', '研发部门', '/employees/employees', '127.0.0.1', '内网IP', '{\"departmentId\":103,\"id\":18,\"params\":{},\"userId\":1}', '{\"msg\":\"操作成功\",\"code\":200}', 0, NULL, '2025-11-27 00:41:11', 108);
INSERT INTO `sys_oper_log` VALUES (304, '员工信息', 2, 'com.ruoyi.system.controller.LayoutEmployeesController.edit()', 'PUT', 1, 'admin', '研发部门', '/employees/employees', '127.0.0.1', '内网IP', '{\"departmentId\":103,\"hireDate\":\"2025-11-26\",\"id\":17,\"params\":{},\"userId\":1}', '{\"msg\":\"操作成功\",\"code\":200}', 0, NULL, '2025-11-27 19:34:07', 13);
INSERT INTO `sys_oper_log` VALUES (305, '代码生成', 2, 'com.ruoyi.generator.controller.GenController.editSave()', 'PUT', 1, 'admin', '研发部门', '/tool/gen', '127.0.0.1', '内网IP', '{\"businessName\":\"employees\",\"className\":\"LayoutEmployees\",\"columns\":[{\"capJavaField\":\"Id\",\"columnComment\":\"员工id\",\"columnId\":1,\"columnName\":\"id\",\"columnType\":\"int\",\"createBy\":\"admin\",\"createTime\":\"2025-11-24 22:58:57\",\"dictType\":\"\",\"edit\":false,\"htmlType\":\"input\",\"increment\":true,\"insert\":true,\"isIncrement\":\"1\",\"isInsert\":\"1\",\"isPk\":\"1\",\"isRequired\":\"0\",\"javaField\":\"id\",\"javaType\":\"Long\",\"list\":false,\"params\":{},\"pk\":true,\"query\":false,\"queryType\":\"EQ\",\"required\":false,\"sort\":1,\"superColumn\":false,\"tableId\":1,\"updateBy\":\"\",\"updateTime\":\"2025-11-27 00:38:01\",\"usableColumn\":false},{\"capJavaField\":\"UserId\",\"columnComment\":\"关联用户表id\",\"columnId\":2,\"columnName\":\"user_id\",\"columnType\":\"int\",\"createBy\":\"admin\",\"createTime\":\"2025-11-24 22:58:57\",\"dictType\":\"\",\"edit\":true,\"htmlType\":\"input\",\"increment\":false,\"insert\":true,\"isEdit\":\"1\",\"isIncrement\":\"0\",\"isInsert\":\"1\",\"isList\":\"1\",\"isPk\":\"0\",\"isQuery\":\"1\",\"isRequired\":\"0\",\"javaField\":\"userId\",\"javaType\":\"Long\",\"list\":true,\"params\":{},\"pk\":false,\"query\":true,\"queryType\":\"EQ\",\"required\":false,\"sort\":2,\"superColumn\":false,\"tableId\":1,\"updateBy\":\"\",\"updateTime\":\"2025-11-27 00:38:01\",\"usableColumn\":false},{\"capJavaField\":\"Picture\",\"columnComment\":\"员工照片\",\"columnId\":34,\"columnName\":\"picture\",\"columnType\":\"varchar(255)\",\"createBy\":\"\",\"createTime\":\"2025-11-25 12:50:59\",\"dictType\":\"\",\"edit\":true,\"htmlType\":\"imageUpload\",\"increment\":false,\"insert\":true,\"isEdit\":\"1\",\"isIncrement\":\"0\",\"isInsert\":\"1\",\"isList\":\"1\",\"isPk\":\"0\",\"isQuery\":\"1\",\"isRequired\":\"0\",\"javaField\":\"picture\",\"javaType\":\"String\",\"list\":true,\"params\":{},\"pk\":false,\"query\":true,\"queryType\":\"EQ\",\"required\":false,\"sort\":3,\"superColumn\":false,\"tableId\":1,\"updateBy\":\"\",\"updateTime\":\"2025-11-27 00:38:01\",\"usableColumn\":false},{\"capJavaField\":\"DepartmentId\",\"columnComment\":\"部门ID\",\"columnId\":3,\"columnName\":\"department_id\",\"columnType\":\"int\",\"createBy\":\"admin\",\"createTime\":\"2025-11-24 22:58:57\",\"dictType\":\"\",\"edit\":true,\"htmlType\":\"select\",\"increment\":false,\"insert\":true,\"isEdit\":\"1\",\"', '{\"msg\":\"操作成功\",\"code\":200}', 0, NULL, '2025-11-27 19:35:49', 51);
INSERT INTO `sys_oper_log` VALUES (306, '菜单管理', 2, 'com.ruoyi.web.controller.system.SysMenuController.edit()', 'PUT', 1, 'admin', '研发部门', '/system/menu', '127.0.0.1', '内网IP', '{\"children\":[],\"component\":\"system/post/index\",\"createTime\":\"2025-11-24 13:10:39\",\"icon\":\"post\",\"isCache\":\"0\",\"isFrame\":\"1\",\"menuId\":104,\"menuName\":\"岗位管理\",\"menuType\":\"C\",\"orderNum\":5,\"params\":{},\"parentId\":2032,\"path\":\"post\",\"perms\":\"system:post:list\",\"query\":\"\",\"routeName\":\"\",\"status\":\"0\",\"updateBy\":\"admin\",\"visible\":\"0\"}', '{\"msg\":\"操作成功\",\"code\":200}', 0, NULL, '2025-11-27 19:49:00', 15);
INSERT INTO `sys_oper_log` VALUES (307, '菜单管理', 2, 'com.ruoyi.web.controller.system.SysMenuController.edit()', 'PUT', 1, 'admin', '研发部门', '/system/menu', '127.0.0.1', '内网IP', '{\"children\":[],\"component\":\"shifts/shifts/index\",\"createTime\":\"2025-11-25 13:10:12\",\"icon\":\"table\",\"isCache\":\"0\",\"isFrame\":\"1\",\"menuId\":2014,\"menuName\":\"班次情况\",\"menuType\":\"C\",\"orderNum\":1,\"params\":{},\"parentId\":2001,\"path\":\"shifts\",\"perms\":\"shifts:shifts:list\",\"routeName\":\"\",\"status\":\"0\",\"updateBy\":\"admin\",\"visible\":\"0\"}', '{\"msg\":\"操作成功\",\"code\":200}', 0, NULL, '2025-11-27 20:07:44', 10);
INSERT INTO `sys_oper_log` VALUES (308, '菜单管理', 2, 'com.ruoyi.web.controller.system.SysMenuController.edit()', 'PUT', 1, 'admin', '研发部门', '/system/menu', '127.0.0.1', '内网IP', '{\"children\":[],\"component\":\"scheduling/scheduling/index\",\"createTime\":\"2025-11-25 13:10:22\",\"icon\":\"tab\",\"isCache\":\"0\",\"isFrame\":\"1\",\"menuId\":2026,\"menuName\":\"排班情况\",\"menuType\":\"C\",\"orderNum\":2,\"params\":{},\"parentId\":2001,\"path\":\"scheduling\",\"perms\":\"scheduling:scheduling:list\",\"routeName\":\"\",\"status\":\"0\",\"updateBy\":\"admin\",\"visible\":\"0\"}', '{\"msg\":\"操作成功\",\"code\":200}', 0, NULL, '2025-11-27 20:07:51', 5);
INSERT INTO `sys_oper_log` VALUES (309, '菜单管理', 2, 'com.ruoyi.web.controller.system.SysMenuController.edit()', 'PUT', 1, 'admin', '研发部门', '/system/menu', '127.0.0.1', '内网IP', '{\"children\":[],\"component\":\"requests/requests/index\",\"createTime\":\"2025-11-25 13:10:19\",\"icon\":\"skill\",\"isCache\":\"0\",\"isFrame\":\"1\",\"menuId\":2020,\"menuName\":\"替换申请\",\"menuType\":\"C\",\"orderNum\":3,\"params\":{},\"parentId\":2001,\"path\":\"requests\",\"perms\":\"requests:requests:list\",\"routeName\":\"\",\"status\":\"0\",\"updateBy\":\"admin\",\"visible\":\"0\"}', '{\"msg\":\"操作成功\",\"code\":200}', 0, NULL, '2025-11-27 20:08:04', 6);
INSERT INTO `sys_oper_log` VALUES (310, '排班情况', 1, 'com.ruoyi.layout.controller.LayoutSchedulingController.add()', 'POST', 1, 'admin', '研发部门', '/scheduling/scheduling', '127.0.0.1', '内网IP', '{\"params\":{},\"scheduleDate\":\"2025-11-05\",\"shiftId\":9,\"userId\":1}', NULL, 1, '\r\n### Error updating database.  Cause: java.sql.SQLException: Field \'id\' doesn\'t have a default value\r\n### The error may exist in file [D:\\project\\java\\EnterpriseLayoutManagementSystem\\ruoyi-layout\\target\\classes\\mapper\\scheduling\\LayoutSchedulingMapper.xml]\r\n### The error may involve com.ruoyi.layout.mapper.LayoutSchedulingMapper.insertLayoutScheduling-Inline\r\n### The error occurred while setting parameters\r\n### SQL: insert into layout_scheduling          ( user_id,             shift_id,             schedule_date )           values ( ?,             ?,             ? )\r\n### Cause: java.sql.SQLException: Field \'id\' doesn\'t have a default value\n; Field \'id\' doesn\'t have a default value; nested exception is java.sql.SQLException: Field \'id\' doesn\'t have a default value', '2025-11-27 20:18:28', 115);
INSERT INTO `sys_oper_log` VALUES (311, '排班情况', 1, 'com.ruoyi.layout.controller.LayoutSchedulingController.add()', 'POST', 1, 'admin', '研发部门', '/scheduling/scheduling', '127.0.0.1', '内网IP', '{\"params\":{},\"scheduleDate\":\"2025-11-05\",\"shiftId\":9,\"userId\":1}', '{\"msg\":\"操作成功\",\"code\":200}', 0, NULL, '2025-11-27 20:19:06', 4);
INSERT INTO `sys_oper_log` VALUES (312, '字典类型', 1, 'com.ruoyi.web.controller.system.SysDictTypeController.add()', 'POST', 1, 'admin', '研发部门', '/system/dict/type', '127.0.0.1', '内网IP', '{\"createBy\":\"admin\",\"dictName\":\"排班状态\",\"dictType\":\"layout_status\",\"params\":{},\"status\":\"0\"}', '{\"msg\":\"操作成功\",\"code\":200}', 0, NULL, '2025-11-27 20:20:09', 11);
INSERT INTO `sys_oper_log` VALUES (313, '字典数据', 1, 'com.ruoyi.web.controller.system.SysDictDataController.add()', 'POST', 1, 'admin', '研发部门', '/system/dict/data', '127.0.0.1', '内网IP', '{\"createBy\":\"admin\",\"default\":false,\"dictLabel\":\"已确认\",\"dictSort\":0,\"dictType\":\"layout_status\",\"dictValue\":\"0\",\"listClass\":\"success\",\"params\":{},\"status\":\"0\"}', '{\"msg\":\"操作成功\",\"code\":200}', 0, NULL, '2025-11-27 20:20:44', 10);
INSERT INTO `sys_oper_log` VALUES (314, '字典数据', 1, 'com.ruoyi.web.controller.system.SysDictDataController.add()', 'POST', 1, 'admin', '研发部门', '/system/dict/data', '127.0.0.1', '内网IP', '{\"createBy\":\"admin\",\"default\":false,\"dictLabel\":\"已取消\",\"dictSort\":1,\"dictType\":\"layout_status\",\"dictValue\":\"1\",\"listClass\":\"info\",\"params\":{},\"status\":\"0\"}', '{\"msg\":\"操作成功\",\"code\":200}', 0, NULL, '2025-11-27 20:21:09', 7);
INSERT INTO `sys_oper_log` VALUES (315, '字典数据', 1, 'com.ruoyi.web.controller.system.SysDictDataController.add()', 'POST', 1, 'admin', '研发部门', '/system/dict/data', '127.0.0.1', '内网IP', '{\"createBy\":\"admin\",\"default\":false,\"dictLabel\":\"待确认\",\"dictSort\":2,\"dictType\":\"layout_status\",\"dictValue\":\"2\",\"listClass\":\"danger\",\"params\":{},\"status\":\"0\"}', '{\"msg\":\"操作成功\",\"code\":200}', 0, NULL, '2025-11-27 20:21:46', 5);
INSERT INTO `sys_oper_log` VALUES (316, '代码生成', 2, 'com.ruoyi.generator.controller.GenController.editSave()', 'PUT', 1, 'admin', '研发部门', '/tool/gen', '127.0.0.1', '内网IP', '{\"businessName\":\"scheduling\",\"className\":\"LayoutScheduling\",\"columns\":[{\"capJavaField\":\"Id\",\"columnComment\":\"排班\",\"columnId\":10,\"columnName\":\"id\",\"columnType\":\"int\",\"createBy\":\"admin\",\"createTime\":\"2025-11-24 22:58:57\",\"dictType\":\"\",\"edit\":false,\"htmlType\":\"input\",\"increment\":false,\"insert\":true,\"isIncrement\":\"0\",\"isInsert\":\"1\",\"isPk\":\"1\",\"isRequired\":\"0\",\"javaField\":\"id\",\"javaType\":\"Long\",\"list\":false,\"params\":{},\"pk\":true,\"query\":false,\"queryType\":\"EQ\",\"required\":false,\"sort\":1,\"superColumn\":false,\"tableId\":2,\"updateBy\":\"\",\"updateTime\":\"2025-11-25 12:51:48\",\"usableColumn\":false},{\"capJavaField\":\"UserId\",\"columnComment\":\"员工\",\"columnId\":11,\"columnName\":\"user_id\",\"columnType\":\"int\",\"createBy\":\"admin\",\"createTime\":\"2025-11-24 22:58:57\",\"dictType\":\"\",\"edit\":true,\"htmlType\":\"input\",\"increment\":false,\"insert\":true,\"isEdit\":\"1\",\"isIncrement\":\"0\",\"isInsert\":\"1\",\"isList\":\"1\",\"isPk\":\"0\",\"isQuery\":\"1\",\"isRequired\":\"0\",\"javaField\":\"userId\",\"javaType\":\"Long\",\"list\":true,\"params\":{},\"pk\":false,\"query\":true,\"queryType\":\"EQ\",\"required\":false,\"sort\":2,\"superColumn\":false,\"tableId\":2,\"updateBy\":\"\",\"updateTime\":\"2025-11-25 12:51:48\",\"usableColumn\":false},{\"capJavaField\":\"ShiftId\",\"columnComment\":\"班次\",\"columnId\":12,\"columnName\":\"shift_id\",\"columnType\":\"int\",\"createBy\":\"admin\",\"createTime\":\"2025-11-24 22:58:57\",\"dictType\":\"\",\"edit\":true,\"htmlType\":\"input\",\"increment\":false,\"insert\":true,\"isEdit\":\"1\",\"isIncrement\":\"0\",\"isInsert\":\"1\",\"isList\":\"1\",\"isPk\":\"0\",\"isQuery\":\"1\",\"isRequired\":\"0\",\"javaField\":\"shiftId\",\"javaType\":\"Long\",\"list\":true,\"params\":{},\"pk\":false,\"query\":true,\"queryType\":\"EQ\",\"required\":false,\"sort\":3,\"superColumn\":false,\"tableId\":2,\"updateBy\":\"\",\"updateTime\":\"2025-11-25 12:51:48\",\"usableColumn\":false},{\"capJavaField\":\"ScheduleDate\",\"columnComment\":\"排班日期\",\"columnId\":13,\"columnName\":\"schedule_date\",\"columnType\":\"datetime\",\"createBy\":\"admin\",\"createTime\":\"2025-11-24 22:58:57\",\"dictType\":\"\",\"edit\":true,\"htmlType\":\"datetime\",\"increment\":false,\"insert\":true,\"isEdit\":\"1\",\"isIncre', '{\"msg\":\"操作成功\",\"code\":200}', 0, NULL, '2025-11-27 20:24:12', 15);
INSERT INTO `sys_oper_log` VALUES (317, '排班情况', 2, 'com.ruoyi.layout.controller.LayoutSchedulingController.edit()', 'PUT', 1, 'admin', '研发部门', '/scheduling/scheduling', '127.0.0.1', '内网IP', '{\"id\":1,\"params\":{},\"scheduleDate\":\"2025-11-05\",\"shiftId\":9,\"status\":\"0\",\"userId\":1}', '{\"msg\":\"操作成功\",\"code\":200}', 0, NULL, '2025-11-27 20:26:13', 5);
INSERT INTO `sys_oper_log` VALUES (318, '排班情况', 2, 'com.ruoyi.layout.controller.LayoutSchedulingController.edit()', 'PUT', 1, 'admin', '研发部门', '/scheduling/scheduling', '127.0.0.1', '内网IP', '{\"id\":1,\"params\":{},\"scheduleDate\":\"2025-11-05\",\"shiftId\":9,\"status\":\"1\",\"userId\":1}', '{\"msg\":\"操作成功\",\"code\":200}', 0, NULL, '2025-11-27 20:27:43', 5);
INSERT INTO `sys_oper_log` VALUES (319, '排班情况', 1, 'com.ruoyi.layout.controller.LayoutSchedulingController.add()', 'POST', 1, 'admin', '研发部门', '/scheduling/scheduling', '127.0.0.1', '内网IP', '{\"params\":{},\"scheduleDate\":\"2025-11-06\",\"shiftId\":10,\"userId\":1}', '{\"msg\":\"操作成功\",\"code\":200}', 0, NULL, '2025-11-27 23:12:23', 15);
INSERT INTO `sys_oper_log` VALUES (320, '排班情况', 3, 'com.ruoyi.layout.controller.LayoutSchedulingController.remove()', 'DELETE', 1, 'admin', '研发部门', '/scheduling/scheduling/2', '127.0.0.1', '内网IP', '[2]', '{\"msg\":\"操作成功\",\"code\":200}', 0, NULL, '2025-11-27 23:12:28', 9);
INSERT INTO `sys_oper_log` VALUES (321, '排班情况', 2, 'com.ruoyi.layout.controller.LayoutSchedulingController.edit()', 'PUT', 1, 'admin', '研发部门', '/scheduling/scheduling', '127.0.0.1', '内网IP', '{\"id\":1,\"params\":{},\"scheduleDate\":\"2025-11-05\",\"shiftId\":9,\"status\":\"2\",\"userId\":1}', '{\"msg\":\"操作成功\",\"code\":200}', 0, NULL, '2025-11-27 23:15:06', 5);
INSERT INTO `sys_oper_log` VALUES (322, '排班情况', 2, 'com.ruoyi.layout.controller.LayoutSchedulingController.edit()', 'PUT', 1, 'admin', '研发部门', '/scheduling/scheduling', '127.0.0.1', '内网IP', '{\"id\":1,\"params\":{},\"scheduleDate\":\"2025-11-05\",\"shiftId\":9,\"status\":\"0\",\"userId\":1}', '{\"msg\":\"操作成功\",\"code\":200}', 0, NULL, '2025-11-27 23:15:10', 6);
INSERT INTO `sys_oper_log` VALUES (323, '排班情况', 2, 'com.ruoyi.layout.controller.LayoutSchedulingController.edit()', 'PUT', 1, 'admin', '研发部门', '/scheduling/scheduling', '127.0.0.1', '内网IP', '{\"id\":1,\"params\":{},\"scheduleDate\":\"2025-11-05\",\"shiftId\":9,\"status\":\"1\",\"userId\":1}', '{\"msg\":\"操作成功\",\"code\":200}', 0, NULL, '2025-11-27 23:15:14', 4);
INSERT INTO `sys_oper_log` VALUES (324, '排班情况', 2, 'com.ruoyi.layout.controller.LayoutSchedulingController.edit()', 'PUT', 1, 'admin', '研发部门', '/scheduling/scheduling', '127.0.0.1', '内网IP', '{\"id\":1,\"params\":{},\"scheduleDate\":\"2025-11-05\",\"shiftId\":9,\"status\":\"2\",\"userId\":1}', '{\"msg\":\"操作成功\",\"code\":200}', 0, NULL, '2025-11-27 23:15:17', 5);
INSERT INTO `sys_oper_log` VALUES (325, '排班情况', 1, 'com.ruoyi.layout.controller.LayoutSchedulingController.add()', 'POST', 1, 'admin', '研发部门', '/scheduling/scheduling', '127.0.0.1', '内网IP', '{\"params\":{},\"scheduleDate\":\"2025-11-08\",\"shiftId\":9,\"status\":\"2\",\"userId\":1}', '{\"msg\":\"操作成功\",\"code\":200}', 0, NULL, '2025-11-27 23:20:50', 4);
INSERT INTO `sys_oper_log` VALUES (326, '排班情况', 3, 'com.ruoyi.layout.controller.LayoutSchedulingController.remove()', 'DELETE', 1, 'admin', '研发部门', '/scheduling/scheduling/3', '127.0.0.1', '内网IP', '[3]', '{\"msg\":\"操作成功\",\"code\":200}', 0, NULL, '2025-11-27 23:20:53', 6);
INSERT INTO `sys_oper_log` VALUES (327, '排班情况', 2, 'com.ruoyi.layout.controller.LayoutSchedulingController.edit()', 'PUT', 1, 'admin', '研发部门', '/scheduling/scheduling', '127.0.0.1', '内网IP', '{\"id\":1,\"params\":{},\"scheduleDate\":\"2025-11-05\",\"shiftId\":9,\"status\":\"0\",\"userId\":1}', '{\"msg\":\"操作成功\",\"code\":200}', 0, NULL, '2025-11-27 23:27:28', 5);
INSERT INTO `sys_oper_log` VALUES (328, '排班情况', 2, 'com.ruoyi.layout.controller.LayoutSchedulingController.edit()', 'PUT', 1, 'admin', '研发部门', '/scheduling/scheduling', '127.0.0.1', '内网IP', '{\"id\":1,\"params\":{},\"scheduleDate\":\"2025-11-05\",\"shiftId\":9,\"status\":\"0\",\"userId\":1}', '{\"msg\":\"操作成功\",\"code\":200}', 0, NULL, '2025-11-28 00:14:02', 1);
INSERT INTO `sys_oper_log` VALUES (329, '排班情况', 2, 'com.ruoyi.layout.controller.LayoutSchedulingController.edit()', 'PUT', 1, 'admin', '研发部门', '/scheduling/scheduling', '127.0.0.1', '内网IP', '{\"id\":1,\"params\":{},\"scheduleDate\":\"2025-11-05\",\"shiftId\":9,\"status\":\"1\",\"userId\":1}', '{\"msg\":\"操作成功\",\"code\":200}', 0, NULL, '2025-11-28 00:19:07', 6);
INSERT INTO `sys_oper_log` VALUES (330, '排班情况', 2, 'com.ruoyi.layout.controller.LayoutSchedulingController.edit()', 'PUT', 1, 'admin', '研发部门', '/scheduling/scheduling', '127.0.0.1', '内网IP', '{\"id\":1,\"params\":{},\"scheduleDate\":\"2025-11-05\",\"shiftId\":9,\"status\":\"2\",\"userId\":1}', '{\"msg\":\"操作成功\",\"code\":200}', 0, NULL, '2025-11-28 00:19:20', 3);
INSERT INTO `sys_oper_log` VALUES (331, '排班情况', 2, 'com.ruoyi.layout.controller.LayoutSchedulingController.edit()', 'PUT', 1, 'admin', '研发部门', '/scheduling/scheduling', '127.0.0.1', '内网IP', '{\"id\":1,\"params\":{},\"scheduleDate\":\"2025-11-05\",\"shiftId\":9,\"status\":\"1\",\"userId\":1}', '{\"msg\":\"操作成功\",\"code\":200}', 0, NULL, '2025-11-28 00:19:46', 0);
INSERT INTO `sys_oper_log` VALUES (332, '角色管理', 2, 'com.ruoyi.web.controller.system.SysRoleController.edit()', 'PUT', 1, 'admin', '研发部门', '/system/role', '127.0.0.1', '内网IP', '{\"admin\":false,\"createTime\":\"2025-11-24 13:10:39\",\"dataScope\":\"2\",\"delFlag\":\"0\",\"deptCheckStrictly\":true,\"flag\":false,\"menuCheckStrictly\":true,\"menuIds\":[2032,1,102,1012,1013,1014,1015,103,1016,1017,1018,1019,105,1025,1026,1027,1028,1029,106,1030,1031,1032,1033,1034,107,1035,1036,1037,1038,108,500,1039,1040,1041,501,1042,1043,1044,1045,100,1000,1001,1002,1003,1004,1005,1006,101,1007,1008,1009,1010,1011,104,1020,1021,1022,1023,1024,2,109,1046,1047,1048,110,1049,1050,1051,1052,1053,1054,111,112,113,114,3,115,116,1055,1056,1057,1058,1059,1060,117],\"params\":{},\"remark\":\"普通角色\",\"roleId\":2,\"roleKey\":\"common\",\"roleName\":\"排班员\",\"roleSort\":2,\"status\":\"0\",\"updateBy\":\"admin\"}', '{\"msg\":\"操作成功\",\"code\":200}', 0, NULL, '2025-11-28 12:37:20', 93);
INSERT INTO `sys_oper_log` VALUES (333, '角色管理', 2, 'com.ruoyi.web.controller.system.SysRoleController.edit()', 'PUT', 1, 'admin', '研发部门', '/system/role', '127.0.0.1', '内网IP', '{\"admin\":false,\"createTime\":\"2025-11-24 13:10:39\",\"dataScope\":\"2\",\"delFlag\":\"0\",\"deptCheckStrictly\":true,\"flag\":false,\"menuCheckStrictly\":true,\"menuIds\":[2032,1,102,1012,1013,1014,1015,103,1016,1017,1018,1019,105,1025,1026,1027,1028,1029,106,1030,1031,1032,1033,1034,107,1035,1036,1037,1038,108,500,1039,1040,1041,501,1042,1043,1044,1045,100,1000,1001,1002,1003,1004,1005,1006,101,1007,1008,1009,1010,1011,104,1020,1021,1022,1023,1024,2,109,1046,1047,1048,110,1049,1050,1051,1052,1053,1054,111,112,113,114,3,115,116,1055,1056,1057,1058,1059,1060,117],\"params\":{},\"remark\":\"普通角色\",\"roleId\":2,\"roleKey\":\"common\",\"roleName\":\"普通员工\",\"roleSort\":2,\"status\":\"0\",\"updateBy\":\"admin\"}', '{\"msg\":\"操作成功\",\"code\":200}', 0, NULL, '2025-11-28 12:37:28', 32);
INSERT INTO `sys_oper_log` VALUES (334, '角色管理', 1, 'com.ruoyi.web.controller.system.SysRoleController.add()', 'POST', 1, 'admin', '研发部门', '/system/role', '127.0.0.1', '内网IP', '{\"admin\":false,\"createBy\":\"admin\",\"deptCheckStrictly\":true,\"deptIds\":[],\"flag\":false,\"menuCheckStrictly\":true,\"menuIds\":[1,102,1012,1013,1014,1015,103,1016,1017,1018,1019,105,1025,1026,1027,1028,1029,106,1030,1031,1032,1033,1034,107,1035,1036,1037,1038,108,500,1039,1040,1041,501,1042,1043,1044,1045,2032,100,1000,1001,1002,1003,1004,1005,1006,2008,2009,2010,2011,2012,2013,101,1007,1008,1009,1010,1011,104,1020,1021,1022,1023,1024,2,109,1046,1047,1048,110,1049,1050,1051,1052,1053,1054,111,112,113,114,2001,2014,2015,2016,2017,2018,2019,2026,2027,2028,2029,2030,2031,2020,2021,2022,2023,2024,2025,3,115,116,1055,1056,1057,1058,1059,1060,117],\"params\":{},\"roleId\":100,\"roleKey\":\"leader\",\"roleName\":\"排班员\",\"roleSort\":3,\"status\":\"0\"}', '{\"msg\":\"操作成功\",\"code\":200}', 0, NULL, '2025-11-28 12:38:33', 24);
INSERT INTO `sys_oper_log` VALUES (335, '字典类型', 1, 'com.ruoyi.web.controller.system.SysDictTypeController.add()', 'POST', 1, 'admin', '研发部门', '/system/dict/type', '127.0.0.1', '内网IP', '{\"createBy\":\"admin\",\"dictName\":\"审核状态\",\"dictType\":\"layout_check\",\"params\":{},\"status\":\"0\"}', '{\"msg\":\"操作成功\",\"code\":200}', 0, NULL, '2025-11-28 12:46:02', 23);
INSERT INTO `sys_oper_log` VALUES (336, '字典数据', 1, 'com.ruoyi.web.controller.system.SysDictDataController.add()', 'POST', 1, 'admin', '研发部门', '/system/dict/data', '127.0.0.1', '内网IP', '{\"createBy\":\"admin\",\"default\":false,\"dictLabel\":\"待审核\",\"dictSort\":0,\"dictType\":\"layout_check\",\"dictValue\":\"0\",\"listClass\":\"warning\",\"params\":{},\"status\":\"0\"}', '{\"msg\":\"操作成功\",\"code\":200}', 0, NULL, '2025-11-28 12:46:26', 22);
INSERT INTO `sys_oper_log` VALUES (337, '字典数据', 1, 'com.ruoyi.web.controller.system.SysDictDataController.add()', 'POST', 1, 'admin', '研发部门', '/system/dict/data', '127.0.0.1', '内网IP', '{\"createBy\":\"admin\",\"default\":false,\"dictLabel\":\"已通过\",\"dictSort\":1,\"dictType\":\"layout_check\",\"dictValue\":\"1\",\"listClass\":\"success\",\"params\":{},\"status\":\"0\"}', '{\"msg\":\"操作成功\",\"code\":200}', 0, NULL, '2025-11-28 12:46:44', 13);
INSERT INTO `sys_oper_log` VALUES (338, '字典数据', 1, 'com.ruoyi.web.controller.system.SysDictDataController.add()', 'POST', 1, 'admin', '研发部门', '/system/dict/data', '127.0.0.1', '内网IP', '{\"createBy\":\"admin\",\"default\":false,\"dictLabel\":\"未通过\",\"dictSort\":2,\"dictType\":\"layout_check\",\"dictValue\":\"2\",\"listClass\":\"danger\",\"params\":{},\"status\":\"0\"}', '{\"msg\":\"操作成功\",\"code\":200}', 0, NULL, '2025-11-28 12:46:57', 11);
INSERT INTO `sys_oper_log` VALUES (339, '代码生成', 2, 'com.ruoyi.generator.controller.GenController.editSave()', 'PUT', 1, 'admin', '研发部门', '/tool/gen', '127.0.0.1', '内网IP', '{\"businessName\":\"requests\",\"className\":\"LayoutShiftSwapRequests\",\"columns\":[{\"capJavaField\":\"Id\",\"columnComment\":\"申请id\",\"columnId\":16,\"columnName\":\"id\",\"columnType\":\"int\",\"createBy\":\"admin\",\"createTime\":\"2025-11-24 22:58:57\",\"dictType\":\"\",\"edit\":false,\"htmlType\":\"input\",\"increment\":false,\"insert\":true,\"isIncrement\":\"0\",\"isInsert\":\"1\",\"isPk\":\"1\",\"isRequired\":\"0\",\"javaField\":\"id\",\"javaType\":\"Long\",\"list\":false,\"params\":{},\"pk\":true,\"query\":false,\"queryType\":\"EQ\",\"required\":false,\"sort\":1,\"superColumn\":false,\"tableId\":3,\"updateBy\":\"\",\"updateTime\":\"2025-11-25 12:52:00\",\"usableColumn\":false},{\"capJavaField\":\"RequesterId\",\"columnComment\":\"申请人id\",\"columnId\":17,\"columnName\":\"requester_id\",\"columnType\":\"int\",\"createBy\":\"admin\",\"createTime\":\"2025-11-24 22:58:57\",\"dictType\":\"\",\"edit\":true,\"htmlType\":\"input\",\"increment\":false,\"insert\":true,\"isEdit\":\"1\",\"isIncrement\":\"0\",\"isInsert\":\"1\",\"isList\":\"1\",\"isPk\":\"0\",\"isQuery\":\"1\",\"isRequired\":\"0\",\"javaField\":\"requesterId\",\"javaType\":\"Long\",\"list\":true,\"params\":{},\"pk\":false,\"query\":true,\"queryType\":\"EQ\",\"required\":false,\"sort\":2,\"superColumn\":false,\"tableId\":3,\"updateBy\":\"\",\"updateTime\":\"2025-11-25 12:52:00\",\"usableColumn\":false},{\"capJavaField\":\"TargetId\",\"columnComment\":\"目标人id\",\"columnId\":18,\"columnName\":\"target_id\",\"columnType\":\"int\",\"createBy\":\"admin\",\"createTime\":\"2025-11-24 22:58:57\",\"dictType\":\"\",\"edit\":true,\"htmlType\":\"input\",\"increment\":false,\"insert\":true,\"isEdit\":\"1\",\"isIncrement\":\"0\",\"isInsert\":\"1\",\"isList\":\"1\",\"isPk\":\"0\",\"isQuery\":\"1\",\"isRequired\":\"0\",\"javaField\":\"targetId\",\"javaType\":\"Long\",\"list\":true,\"params\":{},\"pk\":false,\"query\":true,\"queryType\":\"EQ\",\"required\":false,\"sort\":3,\"superColumn\":false,\"tableId\":3,\"updateBy\":\"\",\"updateTime\":\"2025-11-25 12:52:00\",\"usableColumn\":false},{\"capJavaField\":\"Model\",\"columnComment\":\"选择换班、替班\",\"columnId\":19,\"columnName\":\"model\",\"columnType\":\"int\",\"createBy\":\"admin\",\"createTime\":\"2025-11-24 22:58:57\",\"dictType\":\"\",\"edit\":true,\"htmlType\":\"input\",\"increment\":false,\"insert\":true,\"isEdit\":\"', '{\"msg\":\"操作成功\",\"code\":200}', 0, NULL, '2025-11-28 12:47:27', 69);
INSERT INTO `sys_oper_log` VALUES (340, '用户管理', 2, 'com.ruoyi.web.controller.system.SysUserController.edit()', 'PUT', 1, 'admin', '研发部门', '/system/user', '127.0.0.1', '内网IP', '{\"admin\":false,\"avatar\":\"\",\"createBy\":\"admin\",\"createTime\":\"2025-11-24 13:10:39\",\"delFlag\":\"0\",\"dept\":{\"ancestors\":\"0,100,101\",\"children\":[],\"deptId\":105,\"deptName\":\"测试部门\",\"leader\":\"若依\",\"orderNum\":3,\"params\":{},\"parentId\":101,\"status\":\"0\"},\"deptId\":105,\"email\":\"ry@qq.com\",\"loginDate\":\"2025-11-24 13:10:39\",\"loginIp\":\"127.0.0.1\",\"nickName\":\"若依\",\"params\":{},\"phonenumber\":\"15666666666\",\"postIds\":[2],\"pwdUpdateDate\":\"2025-11-24 13:10:39\",\"remark\":\"测试员\",\"roleIds\":[2],\"roles\":[{\"admin\":false,\"dataScope\":\"2\",\"deptCheckStrictly\":false,\"flag\":false,\"menuCheckStrictly\":false,\"params\":{},\"roleId\":2,\"roleKey\":\"common\",\"roleName\":\"普通员工\",\"roleSort\":2,\"status\":\"0\"}],\"sex\":\"1\",\"status\":\"0\",\"updateBy\":\"admin\",\"userId\":2,\"userName\":\"ry\"}', '{\"msg\":\"操作成功\",\"code\":200}', 0, NULL, '2025-11-28 12:59:02', 33);
INSERT INTO `sys_oper_log` VALUES (341, '用户管理', 2, 'com.ruoyi.web.controller.system.SysUserController.resetPwd()', 'PUT', 1, 'admin', '研发部门', '/system/user/resetPwd', '127.0.0.1', '内网IP', '{\"admin\":false,\"params\":{},\"updateBy\":\"admin\",\"userId\":2}', '{\"msg\":\"操作成功\",\"code\":200}', 0, NULL, '2025-11-28 12:59:49', 120);
INSERT INTO `sys_oper_log` VALUES (342, '角色管理', 2, 'com.ruoyi.web.controller.system.SysRoleController.edit()', 'PUT', 1, 'admin', '研发部门', '/system/role', '127.0.0.1', '内网IP', '{\"admin\":false,\"createTime\":\"2025-11-24 13:10:39\",\"dataScope\":\"2\",\"delFlag\":\"0\",\"deptCheckStrictly\":true,\"flag\":false,\"menuCheckStrictly\":true,\"menuIds\":[1,102,1012,1013,1014,1015,103,1016,1017,1018,1019,105,1025,1026,1027,1028,1029,106,1030,1031,1032,1033,1034,107,1035,1036,1037,1038,108,500,1039,1040,1041,501,1042,1043,1044,1045,2032,100,1000,1001,1002,1003,1004,1005,1006,2008,2009,2010,2011,2012,2013,101,1007,1008,1009,1010,1011,104,1020,1021,1022,1023,1024,2,109,1046,1047,1048,110,1049,1050,1051,1052,1053,1054,111,112,113,114,2001,2014,2015,2016,2017,2018,2019,2026,2027,2028,2029,2030,2031,2020,2021,2022,2023,2024,2025,3,115,116,1055,1056,1057,1058,1059,1060,117],\"params\":{},\"remark\":\"普通角色\",\"roleId\":2,\"roleKey\":\"common\",\"roleName\":\"普通员工\",\"roleSort\":2,\"status\":\"0\",\"updateBy\":\"admin\"}', '{\"msg\":\"操作成功\",\"code\":200}', 0, NULL, '2025-11-28 13:01:13', 29);
INSERT INTO `sys_oper_log` VALUES (343, '替换申请', 1, 'com.ruoyi.layout.controller.LayoutShiftSwapRequestsController.add()', 'POST', 1, 'ry', '测试部门', '/requests/requests', '127.0.0.1', '内网IP', '{\"model\":0,\"params\":{},\"reason\":\"22\",\"requestDate\":\"2025-11-28\",\"requestedShiftId\":1,\"requesterId\":2,\"swappedShiftId\":1,\"targetId\":2}', NULL, 1, '\r\n### Error updating database.  Cause: java.sql.SQLException: Field \'id\' doesn\'t have a default value\r\n### The error may exist in file [D:\\project\\java\\EnterpriseLayoutManagementSystem\\ruoyi-layout\\target\\classes\\mapper\\requests\\LayoutShiftSwapRequestsMapper.xml]\r\n### The error may involve com.ruoyi.layout.mapper.LayoutShiftSwapRequestsMapper.insertLayoutShiftSwapRequests-Inline\r\n### The error occurred while setting parameters\r\n### SQL: insert into layout_shift_swap_requests          ( requester_id,             target_id,             model,             requested_shift_id,             swapped_shift_id,             request_date,                          reason )           values ( ?,             ?,             ?,             ?,             ?,             ?,                          ? )\r\n### Cause: java.sql.SQLException: Field \'id\' doesn\'t have a default value\n; Field \'id\' doesn\'t have a default value; nested exception is java.sql.SQLException: Field \'id\' doesn\'t have a default value', '2025-11-28 20:04:47', 110);
INSERT INTO `sys_oper_log` VALUES (344, '替换申请', 1, 'com.ruoyi.layout.controller.LayoutShiftSwapRequestsController.add()', 'POST', 1, 'ry', '测试部门', '/requests/requests', '127.0.0.1', '内网IP', '{\"model\":0,\"params\":{},\"reason\":\"22\",\"requestDate\":\"2025-11-28\",\"requestedShiftId\":1,\"requesterId\":2,\"swappedShiftId\":1,\"targetId\":2}', '{\"msg\":\"操作成功\",\"code\":200}', 0, NULL, '2025-11-28 20:05:05', 11);
INSERT INTO `sys_oper_log` VALUES (345, '替换申请', 2, 'com.ruoyi.layout.controller.LayoutShiftSwapRequestsController.edit()', 'PUT', 1, 'admin', '研发部门', '/requests/requests', '127.0.0.1', '内网IP', '{\"approvedAt\":\"2025-11-28\",\"approvedBy\":1,\"id\":1,\"params\":{},\"status\":\"1\"}', '{\"msg\":\"操作成功\",\"code\":200}', 0, NULL, '2025-11-28 20:10:36', 4);
INSERT INTO `sys_oper_log` VALUES (346, '代码生成', 6, 'com.ruoyi.generator.controller.GenController.importTableSave()', 'POST', 1, 'admin', '研发部门', '/tool/gen/importTable', '127.0.0.1', '内网IP', '{\"tables\":\"layout_notice\"}', '{\"msg\":\"操作成功\",\"code\":200}', 0, NULL, '2025-11-28 20:30:10', 76);
INSERT INTO `sys_oper_log` VALUES (347, '代码生成', 2, 'com.ruoyi.generator.controller.GenController.editSave()', 'PUT', 1, 'admin', '研发部门', '/tool/gen', '127.0.0.1', '内网IP', '{\"businessName\":\"notice\",\"className\":\"LayoutNotice\",\"columns\":[{\"capJavaField\":\"NoticeId\",\"columnComment\":\"公告ID\",\"columnId\":39,\"columnName\":\"notice_id\",\"columnType\":\"int\",\"createBy\":\"admin\",\"createTime\":\"2025-11-28 20:30:10\",\"dictType\":\"\",\"edit\":false,\"htmlType\":\"input\",\"increment\":true,\"insert\":true,\"isIncrement\":\"1\",\"isInsert\":\"1\",\"isPk\":\"1\",\"isRequired\":\"0\",\"javaField\":\"noticeId\",\"javaType\":\"Long\",\"list\":false,\"params\":{},\"pk\":true,\"query\":false,\"queryType\":\"EQ\",\"required\":false,\"sort\":1,\"superColumn\":false,\"tableId\":5,\"updateBy\":\"\",\"usableColumn\":false},{\"capJavaField\":\"NoticeTitle\",\"columnComment\":\"公告标题\",\"columnId\":40,\"columnName\":\"notice_title\",\"columnType\":\"varchar(50)\",\"createBy\":\"admin\",\"createTime\":\"2025-11-28 20:30:10\",\"dictType\":\"\",\"edit\":true,\"htmlType\":\"input\",\"increment\":false,\"insert\":true,\"isEdit\":\"1\",\"isIncrement\":\"0\",\"isInsert\":\"1\",\"isList\":\"1\",\"isPk\":\"0\",\"isQuery\":\"1\",\"isRequired\":\"1\",\"javaField\":\"noticeTitle\",\"javaType\":\"String\",\"list\":true,\"params\":{},\"pk\":false,\"query\":true,\"queryType\":\"EQ\",\"required\":true,\"sort\":2,\"superColumn\":false,\"tableId\":5,\"updateBy\":\"\",\"usableColumn\":false},{\"capJavaField\":\"NoticeType\",\"columnComment\":\"公告类型（1通知 2公告）\",\"columnId\":41,\"columnName\":\"notice_type\",\"columnType\":\"char(1)\",\"createBy\":\"admin\",\"createTime\":\"2025-11-28 20:30:10\",\"dictType\":\"\",\"edit\":true,\"htmlType\":\"select\",\"increment\":false,\"insert\":true,\"isEdit\":\"1\",\"isIncrement\":\"0\",\"isInsert\":\"1\",\"isList\":\"1\",\"isPk\":\"0\",\"isQuery\":\"1\",\"isRequired\":\"1\",\"javaField\":\"noticeType\",\"javaType\":\"String\",\"list\":true,\"params\":{},\"pk\":false,\"query\":true,\"queryType\":\"EQ\",\"required\":true,\"sort\":3,\"superColumn\":false,\"tableId\":5,\"updateBy\":\"\",\"usableColumn\":false},{\"capJavaField\":\"NoticeContent\",\"columnComment\":\"公告内容\",\"columnId\":42,\"columnName\":\"notice_content\",\"columnType\":\"longblob\",\"createBy\":\"admin\",\"createTime\":\"2025-11-28 20:30:10\",\"dictType\":\"\",\"edit\":true,\"htmlType\":\"editor\",\"increment\":false,\"insert\":true,\"isEdit\":\"1\",\"isIncrement\":\"0\",\"isInsert\":\"1\",\"isList\":\"1\",\"is', '{\"msg\":\"操作成功\",\"code\":200}', 0, NULL, '2025-11-28 20:31:20', 36);
INSERT INTO `sys_oper_log` VALUES (348, '代码生成', 2, 'com.ruoyi.generator.controller.GenController.editSave()', 'PUT', 1, 'admin', '研发部门', '/tool/gen', '127.0.0.1', '内网IP', '{\"businessName\":\"notice\",\"className\":\"LayoutNotice\",\"columns\":[{\"capJavaField\":\"NoticeId\",\"columnComment\":\"公告ID\",\"columnId\":39,\"columnName\":\"notice_id\",\"columnType\":\"int\",\"createBy\":\"admin\",\"createTime\":\"2025-11-28 20:30:10\",\"dictType\":\"\",\"edit\":false,\"htmlType\":\"input\",\"increment\":true,\"insert\":true,\"isIncrement\":\"1\",\"isInsert\":\"1\",\"isPk\":\"1\",\"isRequired\":\"0\",\"javaField\":\"noticeId\",\"javaType\":\"Long\",\"list\":false,\"params\":{},\"pk\":true,\"query\":false,\"queryType\":\"EQ\",\"required\":false,\"sort\":1,\"superColumn\":false,\"tableId\":5,\"updateBy\":\"\",\"updateTime\":\"2025-11-28 20:31:20\",\"usableColumn\":false},{\"capJavaField\":\"NoticeTitle\",\"columnComment\":\"公告标题\",\"columnId\":40,\"columnName\":\"notice_title\",\"columnType\":\"varchar(50)\",\"createBy\":\"admin\",\"createTime\":\"2025-11-28 20:30:10\",\"dictType\":\"\",\"edit\":true,\"htmlType\":\"input\",\"increment\":false,\"insert\":true,\"isEdit\":\"1\",\"isIncrement\":\"0\",\"isInsert\":\"1\",\"isList\":\"1\",\"isPk\":\"0\",\"isQuery\":\"1\",\"isRequired\":\"1\",\"javaField\":\"noticeTitle\",\"javaType\":\"String\",\"list\":true,\"params\":{},\"pk\":false,\"query\":true,\"queryType\":\"EQ\",\"required\":true,\"sort\":2,\"superColumn\":false,\"tableId\":5,\"updateBy\":\"\",\"updateTime\":\"2025-11-28 20:31:20\",\"usableColumn\":false},{\"capJavaField\":\"NoticeType\",\"columnComment\":\"公告类型（1通知 2公告）\",\"columnId\":41,\"columnName\":\"notice_type\",\"columnType\":\"char(1)\",\"createBy\":\"admin\",\"createTime\":\"2025-11-28 20:30:10\",\"dictType\":\"sys_notice_type\",\"edit\":true,\"htmlType\":\"select\",\"increment\":false,\"insert\":true,\"isEdit\":\"1\",\"isIncrement\":\"0\",\"isInsert\":\"1\",\"isList\":\"1\",\"isPk\":\"0\",\"isQuery\":\"1\",\"isRequired\":\"1\",\"javaField\":\"noticeType\",\"javaType\":\"String\",\"list\":true,\"params\":{},\"pk\":false,\"query\":true,\"queryType\":\"EQ\",\"required\":true,\"sort\":3,\"superColumn\":false,\"tableId\":5,\"updateBy\":\"\",\"updateTime\":\"2025-11-28 20:31:20\",\"usableColumn\":false},{\"capJavaField\":\"NoticeContent\",\"columnComment\":\"公告内容\",\"columnId\":42,\"columnName\":\"notice_content\",\"columnType\":\"longblob\",\"createBy\":\"admin\",\"createTime\":\"2025-11-28 20:30:10\",\"dictType\":\"\",\"edit\"', '{\"msg\":\"操作成功\",\"code\":200}', 0, NULL, '2025-11-28 20:32:26', 27);
INSERT INTO `sys_oper_log` VALUES (349, '代码生成', 8, 'com.ruoyi.generator.controller.GenController.batchGenCode()', 'GET', 1, 'admin', '研发部门', '/tool/gen/batchGenCode', '127.0.0.1', '内网IP', '{\"tables\":\"layout_notice\"}', NULL, 0, NULL, '2025-11-28 20:32:30', 148);
INSERT INTO `sys_oper_log` VALUES (350, '替换申请', 2, 'com.ruoyi.layout.controller.LayoutShiftSwapRequestsController.edit()', 'PUT', 1, 'admin', '研发部门', '/requests/requests', '127.0.0.1', '内网IP', '{\"approvedAt\":\"2025-11-28\",\"approvedBy\":1,\"id\":1,\"params\":{},\"status\":\"2\"}', '{\"msg\":\"操作成功\",\"code\":200}', 0, NULL, '2025-11-28 20:42:11', 21);
INSERT INTO `sys_oper_log` VALUES (351, '通知公告', 1, 'com.ruoyi.web.controller.system.SysNoticeController.add()', 'POST', 1, 'admin', '研发部门', '/system/notice', '127.0.0.1', '内网IP', '{\"createBy\":\"admin\",\"noticeContent\":\"<p>12</p>\",\"noticeTitle\":\"1212\",\"noticeType\":\"1\",\"params\":{},\"status\":\"0\"}', '{\"msg\":\"操作成功\",\"code\":200}', 0, NULL, '2025-11-28 21:00:49', 17);
INSERT INTO `sys_oper_log` VALUES (352, '员工信息', 3, 'com.ruoyi.system.controller.LayoutEmployeesController.remove()', 'DELETE', 1, 'admin', '研发部门', '/employees/employees/18', '127.0.0.1', '内网IP', '[18]', '{\"msg\":\"操作成功\",\"code\":200}', 0, NULL, '2025-11-28 23:18:59', 13);
INSERT INTO `sys_oper_log` VALUES (353, '员工信息', 1, 'com.ruoyi.system.controller.LayoutEmployeesController.add()', 'POST', 1, 'admin', '研发部门', '/employees/employees', '127.0.0.1', '内网IP', '{\"hireDate\":\"2025-11-10\",\"id\":19,\"params\":{},\"userId\":101}', '{\"msg\":\"操作成功\",\"code\":200}', 0, NULL, '2025-11-28 23:20:18', 12);
INSERT INTO `sys_oper_log` VALUES (354, '替换申请', 1, 'com.ruoyi.layout.controller.LayoutShiftSwapRequestsController.add()', 'POST', 1, 'admin', '研发部门', '/requests/requests', '127.0.0.1', '内网IP', '{\"model\":1,\"params\":{},\"reason\":\"12\",\"requestDate\":\"2025-11-28\",\"requesterId\":1,\"status\":\"0\",\"swappedShiftId\":1,\"targetId\":101}', '{\"msg\":\"操作成功\",\"code\":200}', 0, NULL, '2025-11-28 23:40:39', 9);
INSERT INTO `sys_oper_log` VALUES (355, '通知公告', 3, 'com.ruoyi.web.controller.system.SysNoticeController.remove()', 'DELETE', 1, 'admin', '研发部门', '/system/notice/10', '127.0.0.1', '内网IP', '[10]', '{\"msg\":\"操作成功\",\"code\":200}', 0, NULL, '2025-11-28 23:40:51', 4);
INSERT INTO `sys_oper_log` VALUES (356, '替换申请', 1, 'com.ruoyi.layout.controller.LayoutShiftSwapRequestsController.add()', 'POST', 1, 'admin', '研发部门', '/requests/requests', '127.0.0.1', '内网IP', '{\"model\":1,\"params\":{},\"reason\":\"12\",\"requestDate\":\"2025-11-28\",\"requesterId\":1,\"status\":\"0\",\"swappedShiftId\":1,\"targetId\":2}', '{\"msg\":\"操作成功\",\"code\":200}', 0, NULL, '2025-11-28 23:44:53', 4);
INSERT INTO `sys_oper_log` VALUES (357, '角色管理', 1, 'com.ruoyi.web.controller.system.SysRoleController.add()', 'POST', 1, 'admin', '研发部门', '/system/role', '127.0.0.1', '内网IP', '{\"admin\":false,\"deptCheckStrictly\":true,\"deptIds\":[],\"flag\":false,\"menuCheckStrictly\":true,\"menuIds\":[1,102,1012,1013,1014,1015,103,1016,1017,1018,1019,105,1025,1026,1027,1028,1029,106,1030,1031,1032,1033,1034,107,1035,1036,1037,1038,108,500,1039,1040,1041,501,1042,1043,1044,1045,2032,100,1000,1001,1002,1003,1004,1005,1006,2008,2009,2010,2011,2012,2013,101,1007,1008,1009,1010,1011,104,1020,1021,1022,1023,1024,2001,2014,2015,2016,2017,2018,2019,2026,2027,2028,2029,2030,2031,2020,2021,2022,2023,2024,2025,3,115,116,1055,1056,1057,1058,1059,1060,117],\"params\":{},\"roleKey\":\"admin\",\"roleName\":\"管理员\",\"roleSort\":0,\"status\":\"0\"}', '{\"msg\":\"新增角色\'管理员\'失败，角色权限已存在\",\"code\":500}', 0, NULL, '2025-11-28 23:46:57', 5);
INSERT INTO `sys_oper_log` VALUES (358, '用户管理', 3, 'com.ruoyi.web.controller.system.SysUserController.remove()', 'DELETE', 1, 'admin', '研发部门', '/system/user/102', '127.0.0.1', '内网IP', '[102]', '{\"msg\":\"操作成功\",\"code\":200}', 0, NULL, '2025-11-28 23:53:14', 22);
INSERT INTO `sys_oper_log` VALUES (359, '角色管理', 2, 'com.ruoyi.web.controller.system.SysRoleController.edit()', 'PUT', 1, 'admin', '研发部门', '/system/role', '127.0.0.1', '内网IP', '{\"admin\":false,\"createTime\":\"2025-11-24 13:10:39\",\"dataScope\":\"1\",\"delFlag\":\"0\",\"deptCheckStrictly\":true,\"flag\":false,\"menuCheckStrictly\":true,\"menuIds\":[1,102,1012,1013,1014,1015,103,1016,1017,1018,1019,105,1025,1026,1027,1028,1029,106,1030,1031,1032,1033,1034,107,1035,1036,1037,1038,108,500,1039,1040,1041,501,1042,1043,1044,1045,2032,100,1000,1001,1002,1003,1004,1005,1006,2008,2009,2010,2011,2012,2013,101,1007,1008,1009,1010,1011,104,1020,1021,1022,1023,1024,2001,2014,2015,2016,2017,2018,2019,2026,2027,2028,2029,2030,2031,2020,2021,2022,2023,2024,2025,3,115,116,1055,1056,1057,1058,1059,1060,117],\"params\":{},\"remark\":\"管理员\",\"roleId\":101,\"roleKey\":\"admin\",\"roleName\":\"管理员\",\"roleSort\":1,\"status\":\"0\"}', '{\"msg\":\"修改角色\'管理员\'失败，角色权限已存在\",\"code\":500}', 0, NULL, '2025-11-28 23:53:52', 5);
INSERT INTO `sys_oper_log` VALUES (360, '角色管理', 2, 'com.ruoyi.web.controller.system.SysRoleController.edit()', 'PUT', 1, 'admin', '研发部门', '/system/role', '127.0.0.1', '内网IP', '{\"admin\":false,\"createTime\":\"2025-11-24 13:10:39\",\"dataScope\":\"1\",\"delFlag\":\"0\",\"deptCheckStrictly\":true,\"flag\":false,\"menuCheckStrictly\":true,\"menuIds\":[1,102,1012,1013,1014,1015,103,1016,1017,1018,1019,105,1025,1026,1027,1028,1029,106,1030,1031,1032,1033,1034,107,1035,1036,1037,1038,108,500,1039,1040,1041,501,1042,1043,1044,1045,2032,100,1000,1001,1002,1003,1004,1005,1006,2008,2009,2010,2011,2012,2013,101,1007,1008,1009,1010,1011,104,1020,1021,1022,1023,1024,2001,2014,2015,2016,2017,2018,2019,2026,2027,2028,2029,2030,2031,2020,2021,2022,2023,2024,2025,3,115,116,1055,1056,1057,1058,1059,1060,117],\"params\":{},\"remark\":\"管理员\",\"roleId\":101,\"roleKey\":\"admin\",\"roleName\":\"超级管理员\",\"roleSort\":1,\"status\":\"0\",\"updateBy\":\"admin\"}', '{\"msg\":\"操作成功\",\"code\":200}', 0, NULL, '2025-11-28 23:54:43', 16);
INSERT INTO `sys_oper_log` VALUES (361, '角色管理', 2, 'com.ruoyi.web.controller.system.SysRoleController.dataScope()', 'PUT', 1, 'admin', '研发部门', '/system/role/dataScope', '127.0.0.1', '内网IP', '{\"admin\":false,\"createTime\":\"2025-11-24 13:10:39\",\"dataScope\":\"1\",\"delFlag\":\"0\",\"deptCheckStrictly\":true,\"deptIds\":[],\"flag\":false,\"menuCheckStrictly\":true,\"params\":{},\"remark\":\"管理员\",\"roleId\":101,\"roleKey\":\"admin\",\"roleName\":\"超级管理员\",\"roleSort\":1,\"status\":\"0\"}', '{\"msg\":\"操作成功\",\"code\":200}', 0, NULL, '2025-11-28 23:54:46', 7);
INSERT INTO `sys_oper_log` VALUES (362, '角色管理', 2, 'com.ruoyi.web.controller.system.SysRoleController.dataScope()', 'PUT', 1, 'admin', '研发部门', '/system/role/dataScope', '127.0.0.1', '内网IP', '{\"admin\":false,\"createTime\":\"2025-11-24 13:10:39\",\"dataScope\":\"1\",\"delFlag\":\"0\",\"deptCheckStrictly\":true,\"deptIds\":[],\"flag\":false,\"menuCheckStrictly\":true,\"params\":{},\"remark\":\"普通角色\",\"roleId\":2,\"roleKey\":\"common\",\"roleName\":\"普通员工\",\"roleSort\":2,\"status\":\"0\"}', '{\"msg\":\"操作成功\",\"code\":200}', 0, NULL, '2025-11-28 23:54:51', 7);
INSERT INTO `sys_oper_log` VALUES (363, '角色管理', 2, 'com.ruoyi.web.controller.system.SysRoleController.dataScope()', 'PUT', 1, 'admin', '研发部门', '/system/role/dataScope', '127.0.0.1', '内网IP', '{\"admin\":false,\"createTime\":\"2025-11-28 12:38:33\",\"dataScope\":\"1\",\"delFlag\":\"0\",\"deptCheckStrictly\":true,\"deptIds\":[],\"flag\":false,\"menuCheckStrictly\":true,\"params\":{},\"roleId\":100,\"roleKey\":\"leader\",\"roleName\":\"排班员\",\"roleSort\":3,\"status\":\"0\"}', '{\"msg\":\"操作成功\",\"code\":200}', 0, NULL, '2025-11-28 23:54:53', 6);
INSERT INTO `sys_oper_log` VALUES (364, '角色管理', 2, 'com.ruoyi.web.controller.system.SysRoleController.edit()', 'PUT', 1, 'admin', '研发部门', '/system/role', '127.0.0.1', '内网IP', '{\"admin\":false,\"createTime\":\"2025-11-24 13:10:39\",\"dataScope\":\"1\",\"delFlag\":\"0\",\"deptCheckStrictly\":true,\"flag\":false,\"menuCheckStrictly\":true,\"menuIds\":[1,103,107,2032,2008,104,2001,2014,2026,2020,1016,1035,2009,2013,1020,1024,2015,2019,2027,2031,2021,2022,2025],\"params\":{},\"remark\":\"普通角色\",\"roleId\":2,\"roleKey\":\"common\",\"roleName\":\"普通员工\",\"roleSort\":2,\"status\":\"0\",\"updateBy\":\"admin\"}', '{\"msg\":\"操作成功\",\"code\":200}', 0, NULL, '2025-11-28 23:56:47', 13);
INSERT INTO `sys_oper_log` VALUES (365, '角色管理', 2, 'com.ruoyi.web.controller.system.SysRoleController.edit()', 'PUT', 1, 'admin', '研发部门', '/system/role', '127.0.0.1', '内网IP', '{\"admin\":false,\"createTime\":\"2025-11-28 12:38:33\",\"dataScope\":\"1\",\"delFlag\":\"0\",\"deptCheckStrictly\":true,\"flag\":false,\"menuCheckStrictly\":true,\"menuIds\":[1,103,2032,100,2008,101,104,1016,107,1035,1036,1037,1038,1000,1004,1006,2009,2013,1007,1011,1020,1024,2001,2014,2015,2016,2017,2018,2019,2026,2027,2028,2029,2030,2031,2020,2021,2022,2023,2024,2025],\"params\":{},\"roleId\":100,\"roleKey\":\"leader\",\"roleName\":\"排班员\",\"roleSort\":3,\"status\":\"0\",\"updateBy\":\"admin\"}', '{\"msg\":\"操作成功\",\"code\":200}', 0, NULL, '2025-11-28 23:58:01', 11);
INSERT INTO `sys_oper_log` VALUES (366, '角色管理', 2, 'com.ruoyi.web.controller.system.SysRoleController.edit()', 'PUT', 1, 'admin', '研发部门', '/system/role', '127.0.0.1', '内网IP', '{\"admin\":false,\"createTime\":\"2025-11-24 13:10:39\",\"dataScope\":\"1\",\"delFlag\":\"0\",\"deptCheckStrictly\":true,\"flag\":false,\"menuCheckStrictly\":false,\"menuIds\":[1,1012,1013,1014,1015,1016,1017,1018,1019,1025,1026,1027,1028,1029,1030,1031,1032,1033,1034,107,1035,1036,1037,1038,500,1039,1040,1041,501,1042,1043,1044,1045,2032,1000,1001,1002,1003,1004,1005,1006,2008,2009,2013,1007,1008,1009,1010,1011,104,1020,1024,2001,2014,2015,2019,2026,2027,2031,2020,2021,2022,2025,1055,1056,1057,1058,1059,1060],\"params\":{},\"remark\":\"普通角色\",\"roleId\":2,\"roleKey\":\"common\",\"roleName\":\"普通员工\",\"roleSort\":2,\"status\":\"0\",\"updateBy\":\"admin\"}', '{\"msg\":\"操作成功\",\"code\":200}', 0, NULL, '2025-11-29 00:01:19', 12);
INSERT INTO `sys_oper_log` VALUES (367, '角色管理', 2, 'com.ruoyi.web.controller.system.SysRoleController.edit()', 'PUT', 1, 'admin', '研发部门', '/system/role', '127.0.0.1', '内网IP', '{\"admin\":false,\"createTime\":\"2025-11-28 12:38:33\",\"dataScope\":\"1\",\"delFlag\":\"0\",\"deptCheckStrictly\":true,\"flag\":false,\"menuCheckStrictly\":true,\"menuIds\":[1,103,2032,100,2008,101,104,1016,107,1035,1036,1037,1038,1000,1004,1006,2009,2013,1007,1011,1020,1024,2001,2014,2015,2016,2017,2018,2019,2026,2027,2028,2029,2030,2031,2020,2021,2022,2023,2024,2025],\"params\":{},\"roleId\":100,\"roleKey\":\"leader\",\"roleName\":\"排班员\",\"roleSort\":3,\"status\":\"0\",\"updateBy\":\"admin\"}', '{\"msg\":\"操作成功\",\"code\":200}', 0, NULL, '2025-11-29 00:01:26', 11);
INSERT INTO `sys_oper_log` VALUES (368, '角色管理', 2, 'com.ruoyi.web.controller.system.SysRoleController.edit()', 'PUT', 1, 'admin', '研发部门', '/system/role', '127.0.0.1', '内网IP', '{\"admin\":false,\"createTime\":\"2025-11-24 13:10:39\",\"dataScope\":\"1\",\"delFlag\":\"0\",\"deptCheckStrictly\":true,\"flag\":false,\"menuCheckStrictly\":false,\"menuIds\":[1,1012,1013,1014,1015,1016,1017,1018,1019,1025,1026,1027,1028,1029,1030,1031,1032,1033,1034,107,1035,1036,1037,1038,500,1039,1040,1041,501,1042,1043,1044,1045,2032,1000,1001,1002,1003,1004,1005,1006,2009,2010,2011,2012,2013,1007,1008,1009,1010,1011,104,1020,1024,2001,2014,2015,2019,2026,2027,2031,2020,2021,2022,2025,1055,1056,1057,1058,1059,1060],\"params\":{},\"remark\":\"普通角色\",\"roleId\":2,\"roleKey\":\"common\",\"roleName\":\"普通员工\",\"roleSort\":2,\"status\":\"0\",\"updateBy\":\"admin\"}', '{\"msg\":\"操作成功\",\"code\":200}', 0, NULL, '2025-11-29 00:03:02', 12);
INSERT INTO `sys_oper_log` VALUES (369, '员工信息', 3, 'com.ruoyi.system.controller.LayoutEmployeesController.remove()', 'DELETE', 1, 'admin', '研发部门', '/employees/employees/19', '127.0.0.1', '内网IP', '[19]', '{\"msg\":\"操作成功\",\"code\":200}', 0, NULL, '2025-11-29 00:10:29', 5);
INSERT INTO `sys_oper_log` VALUES (370, '员工信息', 1, 'com.ruoyi.system.controller.LayoutEmployeesController.add()', 'POST', 1, 'admin', '研发部门', '/employees/employees', '127.0.0.1', '内网IP', '{\"hireDate\":\"2025-11-09\",\"id\":20,\"params\":{},\"userId\":101}', '{\"msg\":\"操作成功\",\"code\":200}', 0, NULL, '2025-11-29 00:15:46', 4);
INSERT INTO `sys_oper_log` VALUES (371, '替换申请', 3, 'com.ruoyi.layout.controller.LayoutShiftSwapRequestsController.remove()', 'DELETE', 1, 'admin', '研发部门', '/requests/requests/2,3', '127.0.0.1', '内网IP', '[2,3]', '{\"msg\":\"操作成功\",\"code\":200}', 0, NULL, '2025-11-29 00:16:59', 5);
INSERT INTO `sys_oper_log` VALUES (372, '排班情况', 1, 'com.ruoyi.layout.controller.LayoutSchedulingController.add()', 'POST', 1, 'admin', '研发部门', '/scheduling/scheduling', '127.0.0.1', '内网IP', '{\"params\":{},\"scheduleDate\":\"2025-11-06\",\"shiftId\":9,\"status\":\"2\",\"userId\":101}', '{\"msg\":\"操作成功\",\"code\":200}', 0, NULL, '2025-11-29 00:20:29', 7);
INSERT INTO `sys_oper_log` VALUES (373, '替换申请', 1, 'com.ruoyi.layout.controller.LayoutShiftSwapRequestsController.add()', 'POST', 1, 'admin', '研发部门', '/requests/requests', '127.0.0.1', '内网IP', '{\"model\":1,\"params\":{},\"reason\":\"12\",\"requestDate\":\"2025-11-28\",\"requesterId\":1,\"status\":\"0\",\"swappedShiftId\":1,\"targetId\":101}', '{\"msg\":\"操作成功\",\"code\":200}', 0, NULL, '2025-11-29 00:34:17', 4);
INSERT INTO `sys_oper_log` VALUES (374, '角色管理', 2, 'com.ruoyi.web.controller.system.SysRoleController.edit()', 'PUT', 1, 'admin', '研发部门', '/system/role', '127.0.0.1', '内网IP', '{\"admin\":false,\"createTime\":\"2025-11-24 13:10:39\",\"dataScope\":\"1\",\"delFlag\":\"0\",\"deptCheckStrictly\":true,\"flag\":false,\"menuCheckStrictly\":false,\"menuIds\":[1,1012,1013,1014,1015,1016,1017,1018,1019,1025,1026,1027,1028,1029,1030,1031,1032,1033,1034,107,1035,1036,1037,1038,500,1039,1040,1041,501,1042,1043,1044,1045,2032,1000,1001,1002,1003,1004,1005,1006,2008,2009,1007,1008,1009,1010,1011,104,1020,1024,2001,2014,2015,2019,2026,2027,2031,2020,2021,2022,2025,1055,1056,1057,1058,1059,1060],\"params\":{},\"remark\":\"普通角色\",\"roleId\":2,\"roleKey\":\"common\",\"roleName\":\"普通员工\",\"roleSort\":2,\"status\":\"0\",\"updateBy\":\"admin\"}', '{\"msg\":\"操作成功\",\"code\":200}', 0, NULL, '2025-11-29 00:40:10', 3);
INSERT INTO `sys_oper_log` VALUES (375, '替换申请', 1, 'com.ruoyi.layout.controller.LayoutShiftSwapRequestsController.add()', 'POST', 1, 'ry', '测试部门', '/requests/requests', '127.0.0.1', '内网IP', '{\"model\":1,\"params\":{},\"reason\":\"21\",\"requestDate\":\"2025-11-28\",\"requesterId\":2,\"status\":\"0\",\"swappedShiftId\":4,\"targetId\":1}', '{\"msg\":\"操作成功\",\"code\":200}', 0, NULL, '2025-11-29 00:40:42', 7);
INSERT INTO `sys_oper_log` VALUES (376, '替换申请', 2, 'com.ruoyi.layout.controller.LayoutShiftSwapRequestsController.edit()', 'PUT', 1, 'admin', '研发部门', '/requests/requests', '127.0.0.1', '内网IP', '{\"approvedAt\":\"2025-11-28\",\"approvedBy\":1,\"id\":5,\"params\":{},\"status\":\"1\"}', '{\"msg\":\"操作成功\",\"code\":200}', 0, NULL, '2025-11-29 00:41:54', 4);
INSERT INTO `sys_oper_log` VALUES (377, '替换申请', 2, 'com.ruoyi.layout.controller.LayoutShiftSwapRequestsController.edit()', 'PUT', 1, 'admin', '研发部门', '/requests/requests', '127.0.0.1', '内网IP', '{\"approvedAt\":\"2025-11-28\",\"approvedBy\":1,\"id\":4,\"params\":{},\"status\":\"1\"}', '{\"msg\":\"操作成功\",\"code\":200}', 0, NULL, '2025-11-29 00:41:57', 4);
INSERT INTO `sys_oper_log` VALUES (378, '排班情况', 2, 'com.ruoyi.layout.controller.LayoutSchedulingController.edit()', 'PUT', 1, 'admin', '研发部门', '/scheduling/scheduling', '127.0.0.1', '内网IP', '{\"id\":1,\"params\":{},\"scheduleDate\":\"2025-11-05\",\"shiftId\":9,\"status\":\"0\",\"userId\":1}', '{\"msg\":\"操作成功\",\"code\":200}', 0, NULL, '2025-11-29 00:50:22', 5);
INSERT INTO `sys_oper_log` VALUES (379, '排班情况', 2, 'com.ruoyi.layout.controller.LayoutSchedulingController.edit()', 'PUT', 1, 'admin', '研发部门', '/scheduling/scheduling', '127.0.0.1', '内网IP', '{\"id\":1,\"params\":{},\"scheduleDate\":\"2025-11-05\",\"shiftId\":9,\"status\":\"1\",\"userId\":1}', '{\"msg\":\"操作成功\",\"code\":200}', 0, NULL, '2025-11-29 00:51:57', 5);
INSERT INTO `sys_oper_log` VALUES (380, '替换申请', 1, 'com.ruoyi.layout.controller.LayoutShiftSwapRequestsController.add()', 'POST', 1, 'admin', '研发部门', '/requests/requests', '127.0.0.1', '内网IP', '{\"model\":1,\"params\":{},\"reason\":\"12\",\"requestDate\":\"2025-11-29\",\"requesterId\":1,\"status\":\"0\",\"swappedShiftId\":4,\"targetId\":101}', '{\"msg\":\"操作成功\",\"code\":200}', 0, NULL, '2025-11-29 20:55:21', 21);
INSERT INTO `sys_oper_log` VALUES (381, '替换申请', 3, 'com.ruoyi.layout.controller.LayoutShiftSwapRequestsController.remove()', 'DELETE', 1, 'admin', '研发部门', '/requests/requests/1,4,5,6', '127.0.0.1', '内网IP', '[1,4,5,6]', '{\"msg\":\"操作成功\",\"code\":200}', 0, NULL, '2025-11-29 20:56:29', 10);
INSERT INTO `sys_oper_log` VALUES (382, '替换申请', 1, 'com.ruoyi.layout.controller.LayoutShiftSwapRequestsController.add()', 'POST', 1, 'ry', '测试部门', '/requests/requests', '127.0.0.1', '内网IP', '{\"model\":1,\"params\":{},\"reason\":\"as\",\"requestDate\":\"2025-11-29\",\"requesterId\":2,\"status\":\"0\",\"swappedShiftId\":4,\"targetId\":101}', '{\"msg\":\"操作成功\",\"code\":200}', 0, NULL, '2025-11-29 20:57:33', 0);
INSERT INTO `sys_oper_log` VALUES (383, '菜单管理', 2, 'com.ruoyi.web.controller.system.SysMenuController.edit()', 'PUT', 1, 'admin', '研发部门', '/system/menu', '127.0.0.1', '内网IP', '{\"children\":[],\"component\":\"notice/notice/index\",\"createTime\":\"2025-11-29 20:59:41\",\"icon\":\"#\",\"isCache\":\"0\",\"isFrame\":\"1\",\"menuId\":2033,\"menuName\":\"通知公告\",\"menuType\":\"C\",\"orderNum\":1,\"params\":{},\"parentId\":3,\"path\":\"notice\",\"perms\":\"notice:notice:list\",\"routeName\":\"\",\"status\":\"0\",\"updateBy\":\"admin\",\"visible\":\"1\"}', '{\"msg\":\"操作成功\",\"code\":200}', 0, NULL, '2025-11-29 21:00:53', 11);
INSERT INTO `sys_oper_log` VALUES (384, '角色管理', 2, 'com.ruoyi.web.controller.system.SysRoleController.edit()', 'PUT', 1, 'admin', '研发部门', '/system/role', '127.0.0.1', '内网IP', '{\"admin\":false,\"createTime\":\"2025-11-24 13:10:39\",\"dataScope\":\"1\",\"delFlag\":\"0\",\"deptCheckStrictly\":true,\"flag\":false,\"menuCheckStrictly\":true,\"menuIds\":[1,102,1012,1013,1014,1015,103,1016,1017,1018,1019,105,1025,1026,1027,1028,1029,106,1030,1031,1032,1033,1034,107,1035,1036,1037,1038,108,500,1039,1040,1041,501,1042,1043,1044,1045,2032,100,1000,1001,1002,1003,1004,1005,1006,2008,2009,2010,2011,2012,2013,101,1007,1008,1009,1010,1011,104,1020,1021,1022,1023,1024,2001,2014,2015,2016,2017,2018,2019,2026,2027,2028,2029,2030,2031,2020,2021,2022,2023,2024,2025,3,2033,2034,2035,2036,2037,2038,115,116,1055,1056,1057,1058,1059,1060,117],\"params\":{},\"remark\":\"管理员\",\"roleId\":101,\"roleKey\":\"admin\",\"roleName\":\"超级管理员\",\"roleSort\":1,\"status\":\"0\",\"updateBy\":\"admin\"}', '{\"msg\":\"操作成功\",\"code\":200}', 0, NULL, '2025-11-29 21:01:07', 41);
INSERT INTO `sys_oper_log` VALUES (385, '角色管理', 2, 'com.ruoyi.web.controller.system.SysRoleController.edit()', 'PUT', 1, 'admin', '研发部门', '/system/role', '127.0.0.1', '内网IP', '{\"admin\":false,\"createTime\":\"2025-11-24 13:10:39\",\"dataScope\":\"1\",\"delFlag\":\"0\",\"deptCheckStrictly\":true,\"flag\":false,\"menuCheckStrictly\":false,\"menuIds\":[3,1,1012,1013,1014,1015,1016,1017,1018,1019,1025,1026,1027,1028,1029,1030,1031,1032,1033,1034,107,1035,1036,1037,1038,500,1039,1040,1041,501,1042,1043,1044,1045,2032,1000,1001,1002,1003,1004,1005,1006,2008,2009,1007,1008,1009,1010,1011,104,1020,1024,2001,2014,2015,2019,2026,2027,2031,2020,2021,2022,2025,2034,2035,2036,2037,2038,1055,1056,1057,1058,1059,1060],\"params\":{},\"remark\":\"普通角色\",\"roleId\":2,\"roleKey\":\"common\",\"roleName\":\"普通员工\",\"roleSort\":2,\"status\":\"0\",\"updateBy\":\"admin\"}', '{\"msg\":\"操作成功\",\"code\":200}', 0, NULL, '2025-11-29 21:01:20', 16);
INSERT INTO `sys_oper_log` VALUES (386, '角色管理', 2, 'com.ruoyi.web.controller.system.SysRoleController.edit()', 'PUT', 1, 'admin', '研发部门', '/system/role', '127.0.0.1', '内网IP', '{\"admin\":false,\"createTime\":\"2025-11-28 12:38:33\",\"dataScope\":\"1\",\"delFlag\":\"0\",\"deptCheckStrictly\":true,\"flag\":false,\"menuCheckStrictly\":false,\"menuIds\":[1,103,2032,100,2008,101,104,3,1016,107,1035,1036,1037,1038,1000,1004,1006,2009,2013,1007,1011,1020,1024,2001,2014,2015,2016,2017,2018,2019,2026,2027,2028,2029,2030,2031,2020,2021,2022,2023,2024,2025,2034,2035,2036,2037,2038],\"params\":{},\"roleId\":100,\"roleKey\":\"leader\",\"roleName\":\"排班员\",\"roleSort\":3,\"status\":\"0\",\"updateBy\":\"admin\"}', '{\"msg\":\"操作成功\",\"code\":200}', 0, NULL, '2025-11-29 21:01:27', 13);
INSERT INTO `sys_oper_log` VALUES (387, '角色管理', 2, 'com.ruoyi.web.controller.system.SysRoleController.edit()', 'PUT', 1, 'admin', '研发部门', '/system/role', '127.0.0.1', '内网IP', '{\"admin\":false,\"createTime\":\"2025-11-28 12:38:33\",\"dataScope\":\"1\",\"delFlag\":\"0\",\"deptCheckStrictly\":true,\"flag\":false,\"menuCheckStrictly\":false,\"menuIds\":[1,103,1016,107,1035,1036,1037,1038,2032,100,1000,1004,1006,2008,2009,2013,101,1007,1011,104,1020,1024,2001,2014,2015,2016,2017,2018,2019,2026,2027,2028,2029,2030,2031,2020,2021,2022,2023,2024,2025,2034,2035,2036,2037,2038],\"params\":{},\"roleId\":100,\"roleKey\":\"leader\",\"roleName\":\"排班员\",\"roleSort\":3,\"status\":\"0\",\"updateBy\":\"admin\"}', '{\"msg\":\"操作成功\",\"code\":200}', 0, NULL, '2025-11-29 21:01:35', 12);
INSERT INTO `sys_oper_log` VALUES (388, '角色管理', 2, 'com.ruoyi.web.controller.system.SysRoleController.edit()', 'PUT', 1, 'admin', '研发部门', '/system/role', '127.0.0.1', '内网IP', '{\"admin\":false,\"createTime\":\"2025-11-24 13:10:39\",\"dataScope\":\"1\",\"delFlag\":\"0\",\"deptCheckStrictly\":true,\"flag\":false,\"menuCheckStrictly\":false,\"menuIds\":[1,1012,1013,1014,1015,1016,1017,1018,1019,1025,1026,1027,1028,1029,1030,1031,1032,1033,1034,107,1035,1036,1037,1038,500,1039,1040,1041,501,1042,1043,1044,1045,2032,1000,1001,1002,1003,1004,1005,1006,2008,2009,1007,1008,1009,1010,1011,104,1020,1024,2001,2014,2015,2019,2026,2027,2031,2020,2021,2022,2025,2034,2035,2036,2037,2038,1055,1056,1057,1058,1059,1060],\"params\":{},\"remark\":\"普通角色\",\"roleId\":2,\"roleKey\":\"common\",\"roleName\":\"普通员工\",\"roleSort\":2,\"status\":\"0\",\"updateBy\":\"admin\"}', '{\"msg\":\"操作成功\",\"code\":200}', 0, NULL, '2025-11-29 21:01:38', 7);
INSERT INTO `sys_oper_log` VALUES (389, '替换申请', 1, 'com.ruoyi.layout.controller.LayoutShiftSwapRequestsController.add()', 'POST', 1, 'admin', '研发部门', '/requests/requests', '127.0.0.1', '内网IP', '{\"model\":1,\"params\":{},\"reason\":\"12\",\"requestDate\":\"2025-11-29\",\"requesterId\":1,\"status\":\"0\",\"swappedShiftId\":4,\"targetId\":101}', '{\"msg\":\"操作成功\",\"code\":200}', 0, NULL, '2025-11-29 21:03:48', 4);
INSERT INTO `sys_oper_log` VALUES (390, '通知公告', 1, 'com.ruoyi.layout.controller.LayoutNoticeController.add()', 'POST', 1, 'admin', '研发部门', '/notice/notice', '127.0.0.1', '内网IP', '{\"createTime\":\"2025-11-29 21:03:48\",\"noticeContent\":\"您的换班申请已成功提交，请等待管理员审批。\",\"noticeId\":11,\"noticeTitle\":\"换班申请已提交\",\"noticeType\":\"1\",\"params\":{},\"status\":\"0\"}', '{\"msg\":\"操作成功\",\"code\":200}', 0, NULL, '2025-11-29 21:03:48', 11);
INSERT INTO `sys_oper_log` VALUES (391, '菜单管理', 2, 'com.ruoyi.web.controller.system.SysMenuController.edit()', 'PUT', 1, 'admin', '研发部门', '/system/menu', '127.0.0.1', '内网IP', '{\"children\":[],\"component\":\"notice/notice/index\",\"createTime\":\"2025-11-29 20:59:41\",\"icon\":\"#\",\"isCache\":\"0\",\"isFrame\":\"1\",\"menuId\":2033,\"menuName\":\"通知公告\",\"menuType\":\"C\",\"orderNum\":1,\"params\":{},\"parentId\":3,\"path\":\"noti\",\"perms\":\"notice:notice:list\",\"routeName\":\"\",\"status\":\"0\",\"updateBy\":\"admin\",\"visible\":\"1\"}', '{\"msg\":\"操作成功\",\"code\":200}', 0, NULL, '2025-11-29 21:19:10', 11);
INSERT INTO `sys_oper_log` VALUES (392, '替换申请', 2, 'com.ruoyi.layout.controller.LayoutShiftSwapRequestsController.edit()', 'PUT', 1, 'admin', '研发部门', '/requests/requests', '127.0.0.1', '内网IP', '{\"approvedAt\":\"2025-11-29\",\"approvedBy\":1,\"id\":8,\"params\":{},\"status\":\"1\"}', '{\"msg\":\"操作成功\",\"code\":200}', 0, NULL, '2025-11-29 21:20:52', 10);
INSERT INTO `sys_oper_log` VALUES (393, '通知公告', 1, 'com.ruoyi.web.controller.system.SysNoticeController.add()', 'POST', 1, 'admin', '研发部门', '/system/notice', '127.0.0.1', '内网IP', '{\"createBy\":\"admin\",\"noticeTitle\":\"测试\",\"noticeType\":\"2\",\"params\":{},\"status\":\"0\"}', '{\"msg\":\"操作成功\",\"code\":200}', 0, NULL, '2025-11-29 21:21:33', 14);
INSERT INTO `sys_oper_log` VALUES (394, '替换申请', 2, 'com.ruoyi.layout.controller.LayoutShiftSwapRequestsController.edit()', 'PUT', 1, 'admin', '研发部门', '/requests/requests', '127.0.0.1', '内网IP', '{\"approvedAt\":\"2025-11-29\",\"approvedBy\":1,\"id\":8,\"model\":1,\"params\":{},\"reason\":\"12\",\"requestDate\":\"2025-11-29\",\"requesterId\":1,\"status\":\"0\",\"swappedShiftId\":4,\"targetId\":101}', '{\"msg\":\"操作成功\",\"code\":200}', 0, NULL, '2025-11-29 21:23:18', 5);
INSERT INTO `sys_oper_log` VALUES (395, '替换申请', 2, 'com.ruoyi.layout.controller.LayoutShiftSwapRequestsController.edit()', 'PUT', 1, 'admin', '研发部门', '/requests/requests', '127.0.0.1', '内网IP', '{\"approvedAt\":\"2025-11-29\",\"approvedBy\":1,\"id\":8,\"params\":{},\"status\":\"1\"}', '{\"msg\":\"操作成功\",\"code\":200}', 0, NULL, '2025-11-29 21:23:22', 4);
INSERT INTO `sys_oper_log` VALUES (396, '替换申请', 2, 'com.ruoyi.layout.controller.LayoutShiftSwapRequestsController.edit()', 'PUT', 1, 'admin', '研发部门', '/requests/requests', '127.0.0.1', '内网IP', '{\"approvedAt\":\"2025-11-29\",\"approvedBy\":1,\"id\":8,\"model\":1,\"params\":{},\"reason\":\"12\",\"requestDate\":\"2025-11-29\",\"requesterId\":1,\"status\":\"0\",\"swappedShiftId\":4,\"targetId\":101}', '{\"msg\":\"操作成功\",\"code\":200}', 0, NULL, '2025-11-29 21:26:44', 7);
INSERT INTO `sys_oper_log` VALUES (397, '替换申请', 2, 'com.ruoyi.layout.controller.LayoutShiftSwapRequestsController.edit()', 'PUT', 1, 'admin', '研发部门', '/requests/requests', '127.0.0.1', '内网IP', '{\"approvedAt\":\"2025-11-29\",\"approvedBy\":1,\"id\":8,\"params\":{},\"status\":\"1\"}', '{\"msg\":\"操作成功\",\"code\":200}', 0, NULL, '2025-11-29 21:26:48', 5);
INSERT INTO `sys_oper_log` VALUES (398, '替换申请', 2, 'com.ruoyi.layout.controller.LayoutShiftSwapRequestsController.edit()', 'PUT', 1, 'admin', '研发部门', '/requests/requests', '127.0.0.1', '内网IP', '{\"approvedAt\":\"2025-11-29\",\"approvedBy\":1,\"id\":8,\"model\":1,\"params\":{},\"reason\":\"12\",\"requestDate\":\"2025-11-29\",\"requesterId\":1,\"status\":\"0\",\"swappedShiftId\":4,\"targetId\":101}', '{\"msg\":\"操作成功\",\"code\":200}', 0, NULL, '2025-11-29 21:29:53', 5);
INSERT INTO `sys_oper_log` VALUES (399, '替换申请', 2, 'com.ruoyi.layout.controller.LayoutShiftSwapRequestsController.edit()', 'PUT', 1, 'admin', '研发部门', '/requests/requests', '127.0.0.1', '内网IP', '{\"approvedAt\":\"2025-11-29\",\"approvedBy\":1,\"id\":8,\"params\":{},\"status\":\"1\"}', '{\"msg\":\"操作成功\",\"code\":200}', 0, NULL, '2025-11-29 21:31:51', 5);
INSERT INTO `sys_oper_log` VALUES (400, '替换申请', 2, 'com.ruoyi.layout.controller.LayoutShiftSwapRequestsController.edit()', 'PUT', 1, 'admin', '研发部门', '/requests/requests', '127.0.0.1', '内网IP', '{\"approvedAt\":\"2025-11-29\",\"approvedBy\":1,\"id\":8,\"model\":1,\"params\":{},\"reason\":\"12\",\"requestDate\":\"2025-11-29\",\"requesterId\":1,\"status\":\"0\",\"swappedShiftId\":4,\"targetId\":101}', '{\"msg\":\"操作成功\",\"code\":200}', 0, NULL, '2025-11-29 21:36:58', 8);
INSERT INTO `sys_oper_log` VALUES (401, '替换申请', 2, 'com.ruoyi.layout.controller.LayoutShiftSwapRequestsController.edit()', 'PUT', 1, 'admin', '研发部门', '/requests/requests', '127.0.0.1', '内网IP', '{\"approvedAt\":\"2025-11-29\",\"approvedBy\":1,\"id\":8,\"params\":{},\"status\":\"1\"}', '{\"msg\":\"操作成功\",\"code\":200}', 0, NULL, '2025-11-29 21:37:02', 6);
INSERT INTO `sys_oper_log` VALUES (402, '替换申请', 2, 'com.ruoyi.layout.controller.LayoutShiftSwapRequestsController.edit()', 'PUT', 1, 'admin', '研发部门', '/requests/requests', '127.0.0.1', '内网IP', '{\"approvedAt\":\"2025-11-29\",\"approvedBy\":1,\"id\":8,\"model\":1,\"params\":{},\"reason\":\"12\",\"requestDate\":\"2025-11-29\",\"requesterId\":1,\"status\":\"1\",\"swappedShiftId\":4,\"targetId\":101}', '{\"msg\":\"操作成功\",\"code\":200}', 0, NULL, '2025-11-29 21:39:04', 4);
INSERT INTO `sys_oper_log` VALUES (403, '替换申请', 2, 'com.ruoyi.layout.controller.LayoutShiftSwapRequestsController.edit()', 'PUT', 1, 'admin', '研发部门', '/requests/requests', '127.0.0.1', '内网IP', '{\"approvedAt\":\"2025-11-29\",\"approvedBy\":1,\"id\":8,\"model\":1,\"params\":{},\"reason\":\"12\",\"requestDate\":\"2025-11-29\",\"requesterId\":1,\"status\":\"0\",\"swappedShiftId\":4,\"targetId\":101}', '{\"msg\":\"操作成功\",\"code\":200}', 0, NULL, '2025-11-29 21:39:11', 6);
INSERT INTO `sys_oper_log` VALUES (404, '替换申请', 2, 'com.ruoyi.layout.controller.LayoutShiftSwapRequestsController.edit()', 'PUT', 1, 'admin', '研发部门', '/requests/requests', '127.0.0.1', '内网IP', '{\"approvedAt\":\"2025-11-29\",\"approvedBy\":1,\"id\":8,\"params\":{},\"status\":\"1\"}', '{\"msg\":\"操作成功\",\"code\":200}', 0, NULL, '2025-11-29 21:39:15', 4);
INSERT INTO `sys_oper_log` VALUES (405, '替换申请', 2, 'com.ruoyi.layout.controller.LayoutShiftSwapRequestsController.edit()', 'PUT', 1, 'admin', '研发部门', '/requests/requests', '127.0.0.1', '内网IP', '{\"approvedAt\":\"2025-11-29\",\"approvedBy\":1,\"id\":8,\"params\":{},\"status\":\"1\"}', '{\"msg\":\"操作成功\",\"code\":200}', 0, NULL, '2025-11-29 21:47:14', 5);
INSERT INTO `sys_oper_log` VALUES (406, '替换申请', 2, 'com.ruoyi.layout.controller.LayoutShiftSwapRequestsController.edit()', 'PUT', 1, 'admin', '研发部门', '/requests/requests', '127.0.0.1', '内网IP', '{\"approvedAt\":\"2025-11-29\",\"approvedBy\":1,\"id\":8,\"params\":{},\"status\":\"1\"}', '{\"msg\":\"操作成功\",\"code\":200}', 0, NULL, '2025-11-29 21:49:17', 4);
INSERT INTO `sys_oper_log` VALUES (407, '替换申请', 2, 'com.ruoyi.layout.controller.LayoutShiftSwapRequestsController.edit()', 'PUT', 1, 'admin', '研发部门', '/requests/requests', '127.0.0.1', '内网IP', '{\"approvedAt\":\"2025-11-29\",\"approvedBy\":1,\"id\":8,\"params\":{},\"status\":\"1\"}', '{\"msg\":\"操作成功\",\"code\":200}', 0, NULL, '2025-11-29 21:52:12', 3);
INSERT INTO `sys_oper_log` VALUES (408, '替换申请', 2, 'com.ruoyi.layout.controller.LayoutShiftSwapRequestsController.edit()', 'PUT', 1, 'admin', '研发部门', '/requests/requests', '127.0.0.1', '内网IP', '{\"approvedAt\":\"2025-11-29\",\"approvedBy\":1,\"id\":8,\"params\":{},\"status\":\"1\"}', '{\"msg\":\"操作成功\",\"code\":200}', 0, NULL, '2025-11-29 21:56:36', 5);
INSERT INTO `sys_oper_log` VALUES (409, '通知公告', 1, 'com.ruoyi.layout.controller.LayoutNoticeController.add()', 'POST', 1, 'admin', '研发部门', '/notice/notice', '127.0.0.1', '内网IP', '{\"createTime\":\"2025-11-29 21:56:36\",\"noticeContent\":\"您的换班申请已已批准。申请人：admin(若依)，申请类型：替班\",\"noticeId\":12,\"noticeTitle\":\"换班申请审核结果\",\"noticeType\":\"1\",\"params\":{},\"status\":\"0\"}', '{\"msg\":\"操作成功\",\"code\":200}', 0, NULL, '2025-11-29 21:56:36', 11);

-- ----------------------------
-- Table structure for sys_post
-- ----------------------------
DROP TABLE IF EXISTS `sys_post`;
CREATE TABLE `sys_post`  (
  `post_id` bigint(0) NOT NULL AUTO_INCREMENT COMMENT '岗位ID',
  `post_code` varchar(64) CHARACTER SET utf8mb4 COLLATE utf8mb4_0900_ai_ci NOT NULL COMMENT '岗位编码',
  `post_name` varchar(50) CHARACTER SET utf8mb4 COLLATE utf8mb4_0900_ai_ci NOT NULL COMMENT '岗位名称',
  `post_sort` int(0) NOT NULL COMMENT '显示顺序',
  `status` char(1) CHARACTER SET utf8mb4 COLLATE utf8mb4_0900_ai_ci NOT NULL COMMENT '状态（0正常 1停用）',
  `create_by` varchar(64) CHARACTER SET utf8mb4 COLLATE utf8mb4_0900_ai_ci DEFAULT '' COMMENT '创建者',
  `create_time` datetime(0) DEFAULT NULL COMMENT '创建时间',
  `update_by` varchar(64) CHARACTER SET utf8mb4 COLLATE utf8mb4_0900_ai_ci DEFAULT '' COMMENT '更新者',
  `update_time` datetime(0) DEFAULT NULL COMMENT '更新时间',
  `remark` varchar(500) CHARACTER SET utf8mb4 COLLATE utf8mb4_0900_ai_ci DEFAULT NULL COMMENT '备注',
  PRIMARY KEY (`post_id`) USING BTREE
) ENGINE = InnoDB AUTO_INCREMENT = 5 CHARACTER SET = utf8mb4 COLLATE = utf8mb4_0900_ai_ci COMMENT = '岗位信息表' ROW_FORMAT = Dynamic;

-- ----------------------------
-- Records of sys_post
-- ----------------------------
INSERT INTO `sys_post` VALUES (1, 'ceo', '董事长', 1, '0', 'admin', '2025-11-24 13:10:39', '', NULL, '');
INSERT INTO `sys_post` VALUES (2, 'se', '项目经理', 2, '0', 'admin', '2025-11-24 13:10:39', '', NULL, '');
INSERT INTO `sys_post` VALUES (3, 'hr', '人力资源', 3, '0', 'admin', '2025-11-24 13:10:39', '', NULL, '');
INSERT INTO `sys_post` VALUES (4, 'user', '普通员工', 4, '0', 'admin', '2025-11-24 13:10:39', '', NULL, '');

-- ----------------------------
-- Table structure for sys_role
-- ----------------------------
DROP TABLE IF EXISTS `sys_role`;
CREATE TABLE `sys_role`  (
  `role_id` bigint(0) NOT NULL AUTO_INCREMENT COMMENT '角色ID',
  `role_name` varchar(30) CHARACTER SET utf8mb4 COLLATE utf8mb4_0900_ai_ci NOT NULL COMMENT '角色名称',
  `role_key` varchar(100) CHARACTER SET utf8mb4 COLLATE utf8mb4_0900_ai_ci NOT NULL COMMENT '角色权限字符串',
  `role_sort` int(0) NOT NULL COMMENT '显示顺序',
  `data_scope` char(1) CHARACTER SET utf8mb4 COLLATE utf8mb4_0900_ai_ci DEFAULT '1' COMMENT '数据范围（1：全部数据权限 2：自定数据权限 3：本部门数据权限 4：本部门及以下数据权限）',
  `menu_check_strictly` tinyint(1) DEFAULT 1 COMMENT '菜单树选择项是否关联显示',
  `dept_check_strictly` tinyint(1) DEFAULT 1 COMMENT '部门树选择项是否关联显示',
  `status` char(1) CHARACTER SET utf8mb4 COLLATE utf8mb4_0900_ai_ci NOT NULL COMMENT '角色状态（0正常 1停用）',
  `del_flag` char(1) CHARACTER SET utf8mb4 COLLATE utf8mb4_0900_ai_ci DEFAULT '0' COMMENT '删除标志（0代表存在 2代表删除）',
  `create_by` varchar(64) CHARACTER SET utf8mb4 COLLATE utf8mb4_0900_ai_ci DEFAULT '' COMMENT '创建者',
  `create_time` datetime(0) DEFAULT NULL COMMENT '创建时间',
  `update_by` varchar(64) CHARACTER SET utf8mb4 COLLATE utf8mb4_0900_ai_ci DEFAULT '' COMMENT '更新者',
  `update_time` datetime(0) DEFAULT NULL COMMENT '更新时间',
  `remark` varchar(500) CHARACTER SET utf8mb4 COLLATE utf8mb4_0900_ai_ci DEFAULT NULL COMMENT '备注',
  PRIMARY KEY (`role_id`) USING BTREE
) ENGINE = InnoDB AUTO_INCREMENT = 102 CHARACTER SET = utf8mb4 COLLATE = utf8mb4_0900_ai_ci COMMENT = '角色信息表' ROW_FORMAT = Dynamic;

-- ----------------------------
-- Records of sys_role
-- ----------------------------
INSERT INTO `sys_role` VALUES (2, '普通员工', 'common', 2, '1', 0, 1, '0', '0', 'admin', '2025-11-24 13:10:39', 'admin', '2025-11-29 21:01:38', '普通角色');
INSERT INTO `sys_role` VALUES (100, '排班员', 'leader', 3, '1', 0, 1, '0', '0', 'admin', '2025-11-28 12:38:33', 'admin', '2025-11-29 21:01:35', NULL);
INSERT INTO `sys_role` VALUES (101, '超级管理员', 'admin', 1, '1', 1, 1, '0', '0', 'admin', '2025-11-24 13:10:39', 'admin', '2025-11-29 21:01:07', '管理员');

-- ----------------------------
-- Table structure for sys_role_dept
-- ----------------------------
DROP TABLE IF EXISTS `sys_role_dept`;
CREATE TABLE `sys_role_dept`  (
  `role_id` bigint(0) NOT NULL COMMENT '角色ID',
  `dept_id` bigint(0) NOT NULL COMMENT '部门ID',
  PRIMARY KEY (`role_id`, `dept_id`) USING BTREE
) ENGINE = InnoDB CHARACTER SET = utf8mb4 COLLATE = utf8mb4_0900_ai_ci COMMENT = '角色和部门关联表' ROW_FORMAT = Dynamic;

-- ----------------------------
-- Table structure for sys_role_menu
-- ----------------------------
DROP TABLE IF EXISTS `sys_role_menu`;
CREATE TABLE `sys_role_menu`  (
  `role_id` bigint(0) NOT NULL COMMENT '角色ID',
  `menu_id` bigint(0) NOT NULL COMMENT '菜单ID',
  PRIMARY KEY (`role_id`, `menu_id`) USING BTREE
) ENGINE = InnoDB CHARACTER SET = utf8mb4 COLLATE = utf8mb4_0900_ai_ci COMMENT = '角色和菜单关联表' ROW_FORMAT = Dynamic;

-- ----------------------------
-- Records of sys_role_menu
-- ----------------------------
INSERT INTO `sys_role_menu` VALUES (2, 1);
INSERT INTO `sys_role_menu` VALUES (2, 104);
INSERT INTO `sys_role_menu` VALUES (2, 107);
INSERT INTO `sys_role_menu` VALUES (2, 500);
INSERT INTO `sys_role_menu` VALUES (2, 501);
INSERT INTO `sys_role_menu` VALUES (2, 1000);
INSERT INTO `sys_role_menu` VALUES (2, 1001);
INSERT INTO `sys_role_menu` VALUES (2, 1002);
INSERT INTO `sys_role_menu` VALUES (2, 1003);
INSERT INTO `sys_role_menu` VALUES (2, 1004);
INSERT INTO `sys_role_menu` VALUES (2, 1005);
INSERT INTO `sys_role_menu` VALUES (2, 1006);
INSERT INTO `sys_role_menu` VALUES (2, 1007);
INSERT INTO `sys_role_menu` VALUES (2, 1008);
INSERT INTO `sys_role_menu` VALUES (2, 1009);
INSERT INTO `sys_role_menu` VALUES (2, 1010);
INSERT INTO `sys_role_menu` VALUES (2, 1011);
INSERT INTO `sys_role_menu` VALUES (2, 1012);
INSERT INTO `sys_role_menu` VALUES (2, 1013);
INSERT INTO `sys_role_menu` VALUES (2, 1014);
INSERT INTO `sys_role_menu` VALUES (2, 1015);
INSERT INTO `sys_role_menu` VALUES (2, 1016);
INSERT INTO `sys_role_menu` VALUES (2, 1017);
INSERT INTO `sys_role_menu` VALUES (2, 1018);
INSERT INTO `sys_role_menu` VALUES (2, 1019);
INSERT INTO `sys_role_menu` VALUES (2, 1020);
INSERT INTO `sys_role_menu` VALUES (2, 1024);
INSERT INTO `sys_role_menu` VALUES (2, 1025);
INSERT INTO `sys_role_menu` VALUES (2, 1026);
INSERT INTO `sys_role_menu` VALUES (2, 1027);
INSERT INTO `sys_role_menu` VALUES (2, 1028);
INSERT INTO `sys_role_menu` VALUES (2, 1029);
INSERT INTO `sys_role_menu` VALUES (2, 1030);
INSERT INTO `sys_role_menu` VALUES (2, 1031);
INSERT INTO `sys_role_menu` VALUES (2, 1032);
INSERT INTO `sys_role_menu` VALUES (2, 1033);
INSERT INTO `sys_role_menu` VALUES (2, 1034);
INSERT INTO `sys_role_menu` VALUES (2, 1035);
INSERT INTO `sys_role_menu` VALUES (2, 1036);
INSERT INTO `sys_role_menu` VALUES (2, 1037);
INSERT INTO `sys_role_menu` VALUES (2, 1038);
INSERT INTO `sys_role_menu` VALUES (2, 1039);
INSERT INTO `sys_role_menu` VALUES (2, 1040);
INSERT INTO `sys_role_menu` VALUES (2, 1041);
INSERT INTO `sys_role_menu` VALUES (2, 1042);
INSERT INTO `sys_role_menu` VALUES (2, 1043);
INSERT INTO `sys_role_menu` VALUES (2, 1044);
INSERT INTO `sys_role_menu` VALUES (2, 1045);
INSERT INTO `sys_role_menu` VALUES (2, 1055);
INSERT INTO `sys_role_menu` VALUES (2, 1056);
INSERT INTO `sys_role_menu` VALUES (2, 1057);
INSERT INTO `sys_role_menu` VALUES (2, 1058);
INSERT INTO `sys_role_menu` VALUES (2, 1059);
INSERT INTO `sys_role_menu` VALUES (2, 1060);
INSERT INTO `sys_role_menu` VALUES (2, 2001);
INSERT INTO `sys_role_menu` VALUES (2, 2008);
INSERT INTO `sys_role_menu` VALUES (2, 2009);
INSERT INTO `sys_role_menu` VALUES (2, 2014);
INSERT INTO `sys_role_menu` VALUES (2, 2015);
INSERT INTO `sys_role_menu` VALUES (2, 2019);
INSERT INTO `sys_role_menu` VALUES (2, 2020);
INSERT INTO `sys_role_menu` VALUES (2, 2021);
INSERT INTO `sys_role_menu` VALUES (2, 2022);
INSERT INTO `sys_role_menu` VALUES (2, 2025);
INSERT INTO `sys_role_menu` VALUES (2, 2026);
INSERT INTO `sys_role_menu` VALUES (2, 2027);
INSERT INTO `sys_role_menu` VALUES (2, 2031);
INSERT INTO `sys_role_menu` VALUES (2, 2032);
INSERT INTO `sys_role_menu` VALUES (2, 2034);
INSERT INTO `sys_role_menu` VALUES (2, 2035);
INSERT INTO `sys_role_menu` VALUES (2, 2036);
INSERT INTO `sys_role_menu` VALUES (2, 2037);
INSERT INTO `sys_role_menu` VALUES (2, 2038);
INSERT INTO `sys_role_menu` VALUES (100, 1);
INSERT INTO `sys_role_menu` VALUES (100, 100);
INSERT INTO `sys_role_menu` VALUES (100, 101);
INSERT INTO `sys_role_menu` VALUES (100, 103);
INSERT INTO `sys_role_menu` VALUES (100, 104);
INSERT INTO `sys_role_menu` VALUES (100, 107);
INSERT INTO `sys_role_menu` VALUES (100, 1000);
INSERT INTO `sys_role_menu` VALUES (100, 1004);
INSERT INTO `sys_role_menu` VALUES (100, 1006);
INSERT INTO `sys_role_menu` VALUES (100, 1007);
INSERT INTO `sys_role_menu` VALUES (100, 1011);
INSERT INTO `sys_role_menu` VALUES (100, 1016);
INSERT INTO `sys_role_menu` VALUES (100, 1020);
INSERT INTO `sys_role_menu` VALUES (100, 1024);
INSERT INTO `sys_role_menu` VALUES (100, 1035);
INSERT INTO `sys_role_menu` VALUES (100, 1036);
INSERT INTO `sys_role_menu` VALUES (100, 1037);
INSERT INTO `sys_role_menu` VALUES (100, 1038);
INSERT INTO `sys_role_menu` VALUES (100, 2001);
INSERT INTO `sys_role_menu` VALUES (100, 2008);
INSERT INTO `sys_role_menu` VALUES (100, 2009);
INSERT INTO `sys_role_menu` VALUES (100, 2013);
INSERT INTO `sys_role_menu` VALUES (100, 2014);
INSERT INTO `sys_role_menu` VALUES (100, 2015);
INSERT INTO `sys_role_menu` VALUES (100, 2016);
INSERT INTO `sys_role_menu` VALUES (100, 2017);
INSERT INTO `sys_role_menu` VALUES (100, 2018);
INSERT INTO `sys_role_menu` VALUES (100, 2019);
INSERT INTO `sys_role_menu` VALUES (100, 2020);
INSERT INTO `sys_role_menu` VALUES (100, 2021);
INSERT INTO `sys_role_menu` VALUES (100, 2022);
INSERT INTO `sys_role_menu` VALUES (100, 2023);
INSERT INTO `sys_role_menu` VALUES (100, 2024);
INSERT INTO `sys_role_menu` VALUES (100, 2025);
INSERT INTO `sys_role_menu` VALUES (100, 2026);
INSERT INTO `sys_role_menu` VALUES (100, 2027);
INSERT INTO `sys_role_menu` VALUES (100, 2028);
INSERT INTO `sys_role_menu` VALUES (100, 2029);
INSERT INTO `sys_role_menu` VALUES (100, 2030);
INSERT INTO `sys_role_menu` VALUES (100, 2031);
INSERT INTO `sys_role_menu` VALUES (100, 2032);
INSERT INTO `sys_role_menu` VALUES (100, 2034);
INSERT INTO `sys_role_menu` VALUES (100, 2035);
INSERT INTO `sys_role_menu` VALUES (100, 2036);
INSERT INTO `sys_role_menu` VALUES (100, 2037);
INSERT INTO `sys_role_menu` VALUES (100, 2038);
INSERT INTO `sys_role_menu` VALUES (101, 1);
INSERT INTO `sys_role_menu` VALUES (101, 3);
INSERT INTO `sys_role_menu` VALUES (101, 100);
INSERT INTO `sys_role_menu` VALUES (101, 101);
INSERT INTO `sys_role_menu` VALUES (101, 102);
INSERT INTO `sys_role_menu` VALUES (101, 103);
INSERT INTO `sys_role_menu` VALUES (101, 104);
INSERT INTO `sys_role_menu` VALUES (101, 105);
INSERT INTO `sys_role_menu` VALUES (101, 106);
INSERT INTO `sys_role_menu` VALUES (101, 107);
INSERT INTO `sys_role_menu` VALUES (101, 108);
INSERT INTO `sys_role_menu` VALUES (101, 115);
INSERT INTO `sys_role_menu` VALUES (101, 116);
INSERT INTO `sys_role_menu` VALUES (101, 117);
INSERT INTO `sys_role_menu` VALUES (101, 500);
INSERT INTO `sys_role_menu` VALUES (101, 501);
INSERT INTO `sys_role_menu` VALUES (101, 1000);
INSERT INTO `sys_role_menu` VALUES (101, 1001);
INSERT INTO `sys_role_menu` VALUES (101, 1002);
INSERT INTO `sys_role_menu` VALUES (101, 1003);
INSERT INTO `sys_role_menu` VALUES (101, 1004);
INSERT INTO `sys_role_menu` VALUES (101, 1005);
INSERT INTO `sys_role_menu` VALUES (101, 1006);
INSERT INTO `sys_role_menu` VALUES (101, 1007);
INSERT INTO `sys_role_menu` VALUES (101, 1008);
INSERT INTO `sys_role_menu` VALUES (101, 1009);
INSERT INTO `sys_role_menu` VALUES (101, 1010);
INSERT INTO `sys_role_menu` VALUES (101, 1011);
INSERT INTO `sys_role_menu` VALUES (101, 1012);
INSERT INTO `sys_role_menu` VALUES (101, 1013);
INSERT INTO `sys_role_menu` VALUES (101, 1014);
INSERT INTO `sys_role_menu` VALUES (101, 1015);
INSERT INTO `sys_role_menu` VALUES (101, 1016);
INSERT INTO `sys_role_menu` VALUES (101, 1017);
INSERT INTO `sys_role_menu` VALUES (101, 1018);
INSERT INTO `sys_role_menu` VALUES (101, 1019);
INSERT INTO `sys_role_menu` VALUES (101, 1020);
INSERT INTO `sys_role_menu` VALUES (101, 1021);
INSERT INTO `sys_role_menu` VALUES (101, 1022);
INSERT INTO `sys_role_menu` VALUES (101, 1023);
INSERT INTO `sys_role_menu` VALUES (101, 1024);
INSERT INTO `sys_role_menu` VALUES (101, 1025);
INSERT INTO `sys_role_menu` VALUES (101, 1026);
INSERT INTO `sys_role_menu` VALUES (101, 1027);
INSERT INTO `sys_role_menu` VALUES (101, 1028);
INSERT INTO `sys_role_menu` VALUES (101, 1029);
INSERT INTO `sys_role_menu` VALUES (101, 1030);
INSERT INTO `sys_role_menu` VALUES (101, 1031);
INSERT INTO `sys_role_menu` VALUES (101, 1032);
INSERT INTO `sys_role_menu` VALUES (101, 1033);
INSERT INTO `sys_role_menu` VALUES (101, 1034);
INSERT INTO `sys_role_menu` VALUES (101, 1035);
INSERT INTO `sys_role_menu` VALUES (101, 1036);
INSERT INTO `sys_role_menu` VALUES (101, 1037);
INSERT INTO `sys_role_menu` VALUES (101, 1038);
INSERT INTO `sys_role_menu` VALUES (101, 1039);
INSERT INTO `sys_role_menu` VALUES (101, 1040);
INSERT INTO `sys_role_menu` VALUES (101, 1041);
INSERT INTO `sys_role_menu` VALUES (101, 1042);
INSERT INTO `sys_role_menu` VALUES (101, 1043);
INSERT INTO `sys_role_menu` VALUES (101, 1044);
INSERT INTO `sys_role_menu` VALUES (101, 1045);
INSERT INTO `sys_role_menu` VALUES (101, 1055);
INSERT INTO `sys_role_menu` VALUES (101, 1056);
INSERT INTO `sys_role_menu` VALUES (101, 1057);
INSERT INTO `sys_role_menu` VALUES (101, 1058);
INSERT INTO `sys_role_menu` VALUES (101, 1059);
INSERT INTO `sys_role_menu` VALUES (101, 1060);
INSERT INTO `sys_role_menu` VALUES (101, 2001);
INSERT INTO `sys_role_menu` VALUES (101, 2008);
INSERT INTO `sys_role_menu` VALUES (101, 2009);
INSERT INTO `sys_role_menu` VALUES (101, 2010);
INSERT INTO `sys_role_menu` VALUES (101, 2011);
INSERT INTO `sys_role_menu` VALUES (101, 2012);
INSERT INTO `sys_role_menu` VALUES (101, 2013);
INSERT INTO `sys_role_menu` VALUES (101, 2014);
INSERT INTO `sys_role_menu` VALUES (101, 2015);
INSERT INTO `sys_role_menu` VALUES (101, 2016);
INSERT INTO `sys_role_menu` VALUES (101, 2017);
INSERT INTO `sys_role_menu` VALUES (101, 2018);
INSERT INTO `sys_role_menu` VALUES (101, 2019);
INSERT INTO `sys_role_menu` VALUES (101, 2020);
INSERT INTO `sys_role_menu` VALUES (101, 2021);
INSERT INTO `sys_role_menu` VALUES (101, 2022);
INSERT INTO `sys_role_menu` VALUES (101, 2023);
INSERT INTO `sys_role_menu` VALUES (101, 2024);
INSERT INTO `sys_role_menu` VALUES (101, 2025);
INSERT INTO `sys_role_menu` VALUES (101, 2026);
INSERT INTO `sys_role_menu` VALUES (101, 2027);
INSERT INTO `sys_role_menu` VALUES (101, 2028);
INSERT INTO `sys_role_menu` VALUES (101, 2029);
INSERT INTO `sys_role_menu` VALUES (101, 2030);
INSERT INTO `sys_role_menu` VALUES (101, 2031);
INSERT INTO `sys_role_menu` VALUES (101, 2032);
INSERT INTO `sys_role_menu` VALUES (101, 2033);
INSERT INTO `sys_role_menu` VALUES (101, 2034);
INSERT INTO `sys_role_menu` VALUES (101, 2035);
INSERT INTO `sys_role_menu` VALUES (101, 2036);
INSERT INTO `sys_role_menu` VALUES (101, 2037);
INSERT INTO `sys_role_menu` VALUES (101, 2038);

-- ----------------------------
-- Table structure for sys_user
-- ----------------------------
DROP TABLE IF EXISTS `sys_user`;
CREATE TABLE `sys_user`  (
  `user_id` bigint(0) NOT NULL AUTO_INCREMENT COMMENT '用户ID',
  `dept_id` bigint(0) DEFAULT NULL COMMENT '部门ID',
  `user_name` varchar(30) CHARACTER SET utf8mb4 COLLATE utf8mb4_0900_ai_ci NOT NULL COMMENT '用户账号',
  `nick_name` varchar(30) CHARACTER SET utf8mb4 COLLATE utf8mb4_0900_ai_ci NOT NULL COMMENT '用户昵称',
  `user_type` varchar(2) CHARACTER SET utf8mb4 COLLATE utf8mb4_0900_ai_ci DEFAULT '00' COMMENT '用户类型（00系统用户）',
  `email` varchar(50) CHARACTER SET utf8mb4 COLLATE utf8mb4_0900_ai_ci DEFAULT '' COMMENT '用户邮箱',
  `phonenumber` varchar(11) CHARACTER SET utf8mb4 COLLATE utf8mb4_0900_ai_ci DEFAULT '' COMMENT '手机号码',
  `sex` char(1) CHARACTER SET utf8mb4 COLLATE utf8mb4_0900_ai_ci DEFAULT '0' COMMENT '用户性别（0男 1女 2未知）',
  `avatar` varchar(100) CHARACTER SET utf8mb4 COLLATE utf8mb4_0900_ai_ci DEFAULT '' COMMENT '头像地址',
  `password` varchar(100) CHARACTER SET utf8mb4 COLLATE utf8mb4_0900_ai_ci DEFAULT '' COMMENT '密码',
  `status` char(1) CHARACTER SET utf8mb4 COLLATE utf8mb4_0900_ai_ci DEFAULT '0' COMMENT '账号状态（0正常 1停用）',
  `del_flag` char(1) CHARACTER SET utf8mb4 COLLATE utf8mb4_0900_ai_ci DEFAULT '0' COMMENT '删除标志（0代表存在 2代表删除）',
  `login_ip` varchar(128) CHARACTER SET utf8mb4 COLLATE utf8mb4_0900_ai_ci DEFAULT '' COMMENT '最后登录IP',
  `login_date` datetime(0) DEFAULT NULL COMMENT '最后登录时间',
  `pwd_update_date` datetime(0) DEFAULT NULL COMMENT '密码最后更新时间',
  `create_by` varchar(64) CHARACTER SET utf8mb4 COLLATE utf8mb4_0900_ai_ci DEFAULT '' COMMENT '创建者',
  `create_time` datetime(0) DEFAULT NULL COMMENT '创建时间',
  `update_by` varchar(64) CHARACTER SET utf8mb4 COLLATE utf8mb4_0900_ai_ci DEFAULT '' COMMENT '更新者',
  `update_time` datetime(0) DEFAULT NULL COMMENT '更新时间',
  `remark` varchar(500) CHARACTER SET utf8mb4 COLLATE utf8mb4_0900_ai_ci DEFAULT NULL COMMENT '备注',
  PRIMARY KEY (`user_id`) USING BTREE
) ENGINE = InnoDB AUTO_INCREMENT = 103 CHARACTER SET = utf8mb4 COLLATE = utf8mb4_0900_ai_ci COMMENT = '用户信息表' ROW_FORMAT = Dynamic;

-- ----------------------------
-- Records of sys_user
-- ----------------------------
INSERT INTO `sys_user` VALUES (1, 103, 'admin', '若依', '00', 'ry@163.com', '15888888888', '1', '', '$2a$10$7JB720yubVSZvUI0rEqK/.VqGOZTH.ulu33dHOiBE8ByOhJIrdAu2', '0', '0', '127.0.0.1', '2025-11-29 20:59:55', '2025-11-24 13:10:39', 'admin', '2025-11-24 13:10:39', '', '2025-11-29 20:59:55', '管理员');
INSERT INTO `sys_user` VALUES (2, 105, 'ry', '若依', '00', 'ry@qq.com', '15666666666', '1', '', '$2a$10$fQBo4lL/OZ/bAYSbmqks7uKUuPvaurHkvSl91ZKK4f9xANZxbp1vG', '0', '0', '127.0.0.1', '2025-11-29 20:58:33', '2025-11-24 13:10:39', 'admin', '2025-11-24 13:10:39', 'admin', '2025-11-29 20:58:32', '测试员');
INSERT INTO `sys_user` VALUES (100, NULL, '222222', '123', '00', '', '', '0', '', '$2a$10$07I9xZbkZlqvJY3YVe9ICuXhNyahYTYrjl9Di0cHWXf3qOiGno9iG', '0', '2', '', NULL, NULL, 'admin', '2025-11-26 13:30:54', '', NULL, NULL);
INSERT INTO `sys_user` VALUES (101, NULL, '222', '111', '00', '', '', '0', '', '$2a$10$JYqWVvZdJ4jw6qbaTDAbyOz9tjd2bzC9yJoGPY5qC/fRn3TgpPCYS', '0', '0', '', NULL, NULL, 'admin', '2025-11-26 13:31:52', '', NULL, NULL);
INSERT INTO `sys_user` VALUES (102, 103, 'admin', '若依', '00', 'ry@163.com', '15888888888', '1', '', '$2a$10$7JB720yubVSZvUI0rEqK/.VqGOZTH.ulu33dHOiBE8ByOhJIrdAu2', '0', '2', '127.0.0.1', '2025-11-28 23:46:32', '2025-11-24 13:10:39', 'admin', '2025-11-24 13:10:39', '', '2025-11-28 23:46:32', '管理员');

-- ----------------------------
-- Table structure for sys_user_post
-- ----------------------------
DROP TABLE IF EXISTS `sys_user_post`;
CREATE TABLE `sys_user_post`  (
  `user_id` bigint(0) NOT NULL COMMENT '用户ID',
  `post_id` bigint(0) NOT NULL COMMENT '岗位ID',
  PRIMARY KEY (`user_id`, `post_id`) USING BTREE
) ENGINE = InnoDB CHARACTER SET = utf8mb4 COLLATE = utf8mb4_0900_ai_ci COMMENT = '用户与岗位关联表' ROW_FORMAT = Dynamic;

-- ----------------------------
-- Records of sys_user_post
-- ----------------------------
INSERT INTO `sys_user_post` VALUES (1, 1);
INSERT INTO `sys_user_post` VALUES (2, 2);

-- ----------------------------
-- Table structure for sys_user_role
-- ----------------------------
DROP TABLE IF EXISTS `sys_user_role`;
CREATE TABLE `sys_user_role`  (
  `user_id` bigint(0) NOT NULL COMMENT '用户ID',
  `role_id` bigint(0) NOT NULL COMMENT '角色ID',
  PRIMARY KEY (`user_id`, `role_id`) USING BTREE
) ENGINE = InnoDB CHARACTER SET = utf8mb4 COLLATE = utf8mb4_0900_ai_ci COMMENT = '用户和角色关联表' ROW_FORMAT = Dynamic;

-- ----------------------------
-- Records of sys_user_role
-- ----------------------------
INSERT INTO `sys_user_role` VALUES (1, 1);
INSERT INTO `sys_user_role` VALUES (2, 2);

SET FOREIGN_KEY_CHECKS = 1;
